gca	taxid	phylum	genus	species	kraken_full	kraken16	kraken8	metaphlan	verdict
GCA_031296635.1	3050225	Actinomycetota	Actinomyces	Actinomyces acetigenes	N	N	N	N	conflictive-both
GCA_016862315.1	113570	Actinomycetota	Actinoplanes	Actinoplanes palleronii	N	N	N	N	conflictive-both
GCA_014873875.1	648752	Actinomycetota	Actinopolymorpha	Actinopolymorpha pittospori	N	N	N	N	conflictive-both
GCA_035830635.1	3111773	Actinomycetota	Adlercreutzia	Adlercreutzia shanghongiae	N	N	N	N	conflictive-both
GCA_034929455.1	3110235	Actinomycetota	Amycolatopsis	Amycolatopsis heterodermiae	N	N	N	N	conflictive-both
GCA_039529815.1	337894	Actinomycetota	Amycolatopsis	Amycolatopsis minnesotensis	N	N	N	N	conflictive-both
GCA_039541115.1	658456	Actinomycetota	Angustibacter	Angustibacter luteus	N	N	N	N	conflictive-both
GCA_054511355.1	271433	Actinomycetota	Arthrobacter	Arthrobacter tecti	N	N	N	N	conflictive-both
GCA_042661605.1	908252	Actinomycetota	Branchiibius	Branchiibius cervicis	N	N	N	N	conflictive-both
GCA_042429315.1	53364	Actinomycetota	Brevibacterium	Brevibacterium otitidis	N	N	N	N	conflictive-both
GCA_016862615.1	53366	Actinomycetota	Catellatospora	Catellatospora citrea	N	N	N	N	conflictive-both
GCA_016785885.1	2054421	Actinomycetota	Corynebacterium	Corynebacterium godavarianum	N	N	N	N	conflictive-both
GCA_009708045.1	3139423	Actinomycetota	Corynebacterium	Corynebacterium hiratae	N	N	N	N	conflictive-both
GCA_000321165.1	1232436	Actinomycetota	Enorma	Enorma timonensis	N	N	N	N	conflictive-both
GCA_039541575.1	552064	Actinomycetota	Fodinibacter (ex Wang et al. 2009)	Fodinibacter luteus	N	N	N	N	conflictive-both
GCA_001552115.1	1216975	Actinomycetota	Glutamicibacter	Glutamicibacter mysorens	N	N	N	N	conflictive-both
GCA_039531525.1	480996	Actinomycetota	Glycomyces	Glycomyces endophyticus	N	N	N	N	conflictive-both
GCA_021556435.1	2911060	Actinomycetota	Gordonia	Gordonia tangerina	N	N	N	N	conflictive-both
GCA_034724055.1	3080018	Actinomycetota	Intrasporangium	Intrasporangium zincisolvens	N	N	N	N	conflictive-both
GCA_050871525.1	3383145	Actinomycetota	Kineococcus	Kineococcus auxinigenes	N	N	N	N	conflictive-both
GCA_001315325.1	1306174	Actinomycetota	Kineosporia	Kineosporia aurantiaca	N	N	N	N	conflictive-both
GCA_039533515.1	58350	Actinomycetota	Kitasatospora	Kitasatospora cystarginea	N	N	N	N	conflictive-both
GCA_048606395.1	3404796	Actinomycetota	Knoellia	Knoellia pratensis	N	N	N	N	conflictive-both
GCA_039529615.1	324851	Actinomycetota	Kribbella	Kribbella karoonensis	N	N	N	N	conflictive-both
GCA_039537265.1	433643	Actinomycetota	Leifsonella	Leifsonella bigeumensis	N	N	N	N	conflictive-both
GCA_039543865.1	1336204	Actinomycetota	Microbacterium	Microbacterium gilvum	N	N	N	N	conflictive-both
GCA_046064585.1	3035918	Actinomycetota	Microbacterium	Microbacterium mcarthurae	N	N	N	N	conflictive-both
GCA_054779995.1	1507331	Actinomycetota	Microbacterium	Microbacterium shaanxiense	N	N	N	N	conflictive-both
GCA_016900955.1	2807622	Actinomycetota	Micromonospora	Micromonospora humidisoli	N	N	N	N	conflictive-both
GCA_031845925.1	3075516	Actinomycetota	Micromonospora	Micromonospora reichwaldensis	N	N	N	N	conflictive-both
GCA_056150165.1	3096977	Actinomycetota	Micromonospora	Micromonospora xinjiangensis	N	N	N	N	conflictive-both
GCA_054778155.1	1522057	Actinomycetota	Micromonospora	Micromonospora zhanjiangensis	N	N	N	N	conflictive-both
GCA_002086165.1	701041	Actinomycetota	Mycobacterium	Mycobacterium bouchedurhonense	N	N	N	N	conflictive-both
GCA_030519285.1	3062257	Actinomycetota	Mycolicibacterium	Mycolicibacterium arseniciresistens	N	N	N	N	conflictive-both
GCA_052983615.1	2972482	Actinomycetota	Nocardia	Nocardia fodinahabitans	N	N	N	N	conflictive-both
GCA_039531755.1	433657	Actinomycetota	Nocardioides	Nocardioides bigeumensis	N	N	N	N	conflictive-both
GCA_051390595.1	3416952	Actinomycetota	Nocardioides	Nocardioides segetis	N	N	N	N	conflictive-both
GCA_039531895.1	568818	Actinomycetota	Nonomuraea	Nonomuraea monospora	N	N	N	N	conflictive-both
GCA_016907365.1	162170	Actinomycetota	Oerskovia	Oerskovia paurometabola	N	N	N	N	conflictive-both
GCA_040227205.1	3144664	Actinomycetota	Parafrigoribacterium	Parafrigoribacterium humi	N	N	N	N	conflictive-both
GCA_039532605.1	706583	Actinomycetota	Pilimelia	Pilimelia columellifera	N	N	N	N	conflictive-both
GCA_049999945.1	3402278	Actinomycetota	Planosporangium	Planosporangium spinosum	N	N	N	N	conflictive-both
GCA_039527995.1	234614	Actinomycetota	Planotetraspora	Planotetraspora silvatica	N	N	N	N	conflictive-both
GCA_014644515.1	158897	Actinomycetota	Pseudarthrobacter	Pseudarthrobacter scleromae	N	N	N	N	conflictive-both
GCA_039526905.1	102227	Actinomycetota	Pseudonocardia	Pseudonocardia kongjuensis	N	N	N	N	conflictive-both
GCA_042677685.1	58107	Actinomycetota	Pseudonocardia	Pseudonocardia yunnanensis	N	N	N	N	conflictive-both
GCA_036327795.1	714159	Actinomycetota	Rhodococcus	Rhodococcus artemisiae	N	N	N	N	conflictive-both
GCA_020859565.1	2893018	Actinomycetota	Saccharothrix	Saccharothrix luteola	N	N	N	N	conflictive-both
GCA_042510955.1	3342716	Actinomycetota	Streptacidiphilus	Streptacidiphilus cavernicola	N	N	N	N	conflictive-both
GCA_039542725.1	427369	Actinomycetota	Streptomonospora	Streptomonospora halophila	N	N	N	N	conflictive-both
GCA_005981925.1	329524	Actinomycetota	Streptomyces	Streptomyces albidochromogenes	N	N	N	N	conflictive-both
GCA_039521185.1	68180	Actinomycetota	Streptomyces	Streptomyces blastmyceticus	N	N	N	N	conflictive-both
GCA_042652065.1	285563	Actinomycetota	Streptomyces	Streptomyces coeruleoprunus	N	N	N	N	conflictive-both
GCA_039521265.1	68191	Actinomycetota	Streptomyces	Streptomyces crystallinus	N	N	N	N	conflictive-both
GCA_030803745.1	588122	Actinomycetota	Streptomyces	Streptomyces demainii	N	N	N	N	conflictive-both
GCA_047946815.1	3390849	Actinomycetota	Streptomyces	Streptomyces hamibioticus	N	N	N	N	conflictive-both
GCA_054729265.1	1565034	Actinomycetota	Streptomyces	Streptomyces krungchingensis	N	N	N	N	conflictive-both
GCA_039532865.1	173856	Actinomycetota	Streptomyces	Streptomyces luteosporeus	N	N	N	N	conflictive-both
GCA_046614795.1	1206892	Actinomycetota	Streptomyces	Streptomyces mangrovi	N	N	N	N	conflictive-both
GCA_042654885.1	1459942	Actinomycetota	Streptomyces	Streptomyces maoxianensis	N	N	N	N	conflictive-both
GCA_039532965.1	58345	Actinomycetota	Streptomyces	Streptomyces mauvecolor	N	N	N	N	conflictive-both
GCA_003865155.1	92743	Actinomycetota	Streptomyces	Streptomyces paromomycinus	N	N	N	N	conflictive-both
GCA_036689765.1	3120506	Actinomycetota	Streptomyces	Streptomyces poriticola	N	N	N	N	conflictive-both
GCA_042430825.1	67353	Actinomycetota	Streptomyces	Streptomyces racemochromogenes	N	N	N	N	conflictive-both
GCA_039532905.1	1972	Actinomycetota	Streptomyces	Streptomyces roseiscleroticus	N	N	N	N	conflictive-both
GCA_005768555.2	2315329	Actinomycetota	Streptomyces	Streptomyces sporangiiformans	N	N	N	N	conflictive-both
GCA_039541155.1	644556	Actinomycetota	Tsukamurella	Tsukamurella soli	N	N	N	N	conflictive-both
GCA_900626155.1	2042308	Bacillota	Anaerococcus	Anaerococcus vaginimassiliensis	N	N	N	N	conflictive-both
GCA_040194375.1	3155929	Bacillota	Bacillus	Bacillus ayatagriensis	N	N	N	N	conflictive-both
GCA_037024155.1	3109031	Bacillota	Bacillus	Bacillus spongicola	N	N	N	N	conflictive-both
GCA_040095955.1	3133175	Bacillota	Blautia	Blautia caccae	N	N	N	N	conflictive-both
GCA_025566885.1	2981725	Bacillota	Brotonthovivens	Brotonthovivens ammoniilytica	N	N	N	N	conflictive-both
GCA_042651875.1	2053367	Bacillota	Citroniella	Citroniella saccharovorans	N	N	N	N	conflictive-both
GCA_039521365.1	1539	Bacillota	Clostridium	Clostridium malenominatum	N	N	N	N	conflictive-both
GCA_051590805.1	3418665	Bacillota	Clostridium	Clostridium zhoujianii	N	N	N	N	conflictive-both
GCA_003570905.1	2315694	Bacillota	Cohnella	Cohnella faecalis	N	N	N	N	conflictive-both
GCA_042654605.1	1159753	Bacillota	Enterococcus	Enterococcus eurekensis	N	N	N	N	conflictive-both
GCA_963930865.1	3109584	Bacillota	Eupransor	Eupransor demetentiae	N	N	N	N	conflictive-both
GCA_015645365.1	2785532	Bacillota	Exiguobacterium	Exiguobacterium abrahamii	N	N	N	N	conflictive-both
GCA_963580165.1	3064281	Bacillota	Fructobacillus	Fructobacillus evanidus	N	N	N	N	conflictive-both
GCA_042685125.1	563735	Bacillota	Gracilibacillus	Gracilibacillus thailandensis	N	N	N	N	conflictive-both
GCA_001945525.1	1862668	Bacillota	Ileibacterium	Ileibacterium valens	N	N	N	N	conflictive-both
GCA_900343155.1	2161814	Bacillota	Lactimicrobium	Lactimicrobium massiliense	N	N	N	N	conflictive-both
GCA_014836425.1	2762243	Bacillota	Limosilactobacillus	Limosilactobacillus avistercoris	N	N	N	N	conflictive-both
GCA_947381555.1	2991833	Bacillota	Limosilactobacillus	Limosilactobacillus pulli	N	N	N	N	conflictive-both
GCA_020784695.1	3695464	Bacillota	Limosilactobacillus	Limosilactobacillus secundus	N	N	N	N	conflictive-both
GCA_037623315.1	3134031	Bacillota	Natronospora (SeqCode)	Natronospora cellulosivora (SeqCode)	N	N	N	N	conflictive-both
GCA_012933555.1	2729105	Bacillota	Niallia	Niallia alba	N	N	N	N	conflictive-both
GCA_018310345.1	1944633	Bacillota	Ornithinibacillus	Ornithinibacillus massiliensis	N	N	N	N	conflictive-both
GCA_030167925.1	3242194	Bacillota	Paenibacillus	Paenibacillus silviterrae	N	N	N	N	conflictive-both
GCA_032337355.1	3077233	Bacillota	Paenibacillus	Paenibacillus suaedae	N	N	N	N	conflictive-both
GCA_042660725.1	1133364	Bacillota	Paenibacillus	Paenibacillus vulneris	N	N	N	N	conflictive-both
GCA_040096015.1	3133174	Bacillota	Peptoniphilus	Peptoniphilus hominis (ex Hitch et al. 2025)	N	N	N	N	conflictive-both
GCA_003814815.1	517425	Bacillota	Salisediminibacterium	Salisediminibacterium halotolerans	N	N	N	N	conflictive-both
GCA_900111285.1	517425	Bacillota	Salisediminibacterium	Salisediminibacterium halotolerans	N	N	N	N	conflictive-both
GCA_042665295.1	2665665	Bacillota	Scopulibacillus	Scopulibacillus cellulosilyticus	N	N	N	N	conflictive-both
GCA_040096205.1	3133165	Bacillota	Solibaculum	Solibaculum intestinale	N	N	N	N	conflictive-both
GCA_047228845.1	3142387	Bacillota	Sporosarcina	Sporosarcina pasadenensis	N	N	N	N	conflictive-both
GCA_042649745.1	1640501	Bacillota	Streptococcus	Streptococcus caprae	N	N	N	N	conflictive-both
GCA_043656315.1	3349163	Bacillota	Streptococcus	Streptococcus hepaticus	N	N	N	N	conflictive-both
GCA_000373165.1	1125975	Bacillota	Thermoanaerobacter	Thermoanaerobacter ethanolicus	N	N	N	N	conflictive-both
GCA_040786235.1	3231043	Bacteroidota	Aquimarina	Aquimarina discodermiae	N	N	N	N	conflictive-both
GCA_042714525.1	3096516	Bacteroidota	Aquirufa	Aquirufa echingensis	N	N	N	N	conflictive-both
GCA_036016955.1	3113737	Bacteroidota	Bergeyella	Bergeyella anatis	N	N	N	N	conflictive-both
GCA_042657385.1	1123757	Bacteroidota	Bizionia	Bizionia hallyeonensis	N	N	N	N	conflictive-both
GCA_046365375.1	3378067	Bacteroidota	Butyricimonas	Butyricimonas muris	N	N	N	N	conflictive-both
GCA_042665485.1	1636086	Bacteroidota	Chryseobacterium	Chryseobacterium zhengzhouense	N	N	N	N	conflictive-both
GCA_038289855.1	3139143	Bacteroidota	Flavobacterium	Flavobacterium arundinis	N	N	N	N	conflictive-both
GCA_048286515.1	3401725	Bacteroidota	Flavobacterium	Flavobacterium rhamnosi	N	N	N	N	conflictive-both
GCA_054783255.1	1348471	Bacteroidota	Hymenobacter	Hymenobacter ruber	N	N	N	N	conflictive-both
GCA_042686125.1	1230532	Bacteroidota	Lacinutrix	Lacinutrix iliipiscaria	N	N	N	N	conflictive-both
GCA_054783355.1	1267444	Bacteroidota	Mucilaginibacter	Mucilaginibacter koreensis	N	N	N	N	conflictive-both
GCA_050309965.1	3393740	Bacteroidota	Paraniabella	Paraniabella aurantiaca	N	N	N	N	conflictive-both
GCA_046546515.1	3374279	Bacteroidota	Parasediminibacterium	Parasediminibacterium schistidii	N	N	N	N	conflictive-both
GCA_037482985.1	3133440	Bacteroidota	Pedobacter	Pedobacter immunditicola	N	N	N	N	conflictive-both
GCA_039538365.1	943941	Bacteroidota	Postechiella	Postechiella marina	N	N	N	N	conflictive-both
GCA_042678145.1	1207056	Bacteroidota	Pseudopedobacter	Pseudopedobacter beijingensis	N	N	N	N	conflictive-both
GCA_042678405.1	1335724	Bacteroidota	Salegentibacter	Salegentibacter chungangensis	N	N	N	N	conflictive-both
GCA_054777855.1	1987378	Bacteroidota	Spirosoma	Spirosoma jeollabukense	N	N	N	N	conflictive-both
GCA_042676005.1	915352	Bacteroidota	Tenacibaculum	Tenacibaculum geojense	N	N	N	N	conflictive-both
GCA_030249855.1	2974574	Campylobacterota	Helicobacter	Helicobacter zhangjianzhongii	N	N	N	N	conflictive-both
GCA_000178855.1	485913	Chloroflexota	Ktedonobacter	Ktedonobacter racemifer	N	N	N	N	conflictive-both
GCA_050753385.1	1355887	Cyanobacteriota	Pantanalinema	Pantanalinema rosaneae	N	N	N	N	conflictive-both
GCA_049472675.1	53573	Deferribacterota	Deferribacter	Deferribacter thermophilus	N	N	N	N	conflictive-both
GCA_042661745.1	569127	Deinococcota	Deinococcus	Deinococcus caeni	N	N	N	N	conflictive-both
GCA_036860695.1	3111522	Ignavibacteriota	Rosettibacter	Rosettibacter firmus	N	N	N	N	conflictive-both
GCA_035656455.1	3111777	Methanobacteriota	Haloarcula	Haloarcula sediminis	N	N	N	N	conflictive-both
GCA_042662525.1	2004704	Methanobacteriota	Halorubrum	Halorubrum trueperi	N	N	N	N	conflictive-both
GCA_051414055.1	3396618	Methanobacteriota	Halosimplex	Halosimplex halobium	N	N	N	N	conflictive-both
GCA_036245865.1	3082388	Myxococcota	Corallococcus	Corallococcus caeni	N	N	N	N	conflictive-both
GCA_003612125.1	2316724	Myxococcota	Corallococcus	Corallococcus praedator	N	N	N	N	conflictive-both
GCA_000482825.1	1123375	Nitrospirota	Thermodesulfovibrio	Thermodesulfovibrio yellowstonii	N	N	N	N	conflictive-both
GCA_041821185.1	3242702	Planctomycetota	Natronomicrosphaera	Natronomicrosphaera hydrolytica	N	N	N	N	conflictive-both
GCA_900156265.1	526	Pseudomonadota	Acidiphilium	Acidiphilium rubrum	N	N	N	N	conflictive-both
GCA_014196965.1	1614693	Pseudomonadota	Actibacterium	Actibacterium naphthalenivorans	N	N	N	N	conflictive-both
GCA_900113935.1	1121003	Pseudomonadota	Aerobium	Aerobium aerolatum	N	N	N	N	conflictive-both
GCA_014764685.1	2773451	Pseudomonadota	Allobosea	Allobosea spartocytisi	N	N	N	N	conflictive-both
GCA_028826155.1	3393320	Pseudomonadota	Arvimicrobium	Arvimicrobium flavum	N	N	N	N	conflictive-both
GCA_039543025.1	686234	Pseudomonadota	Bartonella	Bartonella acomydis	N	N	N	N	conflictive-both
GCA_026262685.1	2518990	Pseudomonadota	Seongchinamella	Candidatus Seongchinamella marina	N	N	N	N	conflictive-both
GCA_042651965.1	1144617	Pseudomonadota	Castellaniella	Castellaniella hirudinis	N	N	N	N	conflictive-both
GCA_049800675.1	3398612	Pseudomonadota	Cauispirillum	Cauispirillum nitrogeniifigens	N	N	N	N	conflictive-both
GCA_052601015.1	3459088	Pseudomonadota	Chitinimonas	Chitinimonas violaceus	N	N	N	N	conflictive-both
GCA_030409555.1	664880	Pseudomonadota	Chitinimonas	Chitinimonas viridis	N	N	N	N	conflictive-both
GCA_023061185.1	86179	Pseudomonadota	Chromohalobacter	Chromohalobacter beijerinckii	N	N	N	N	conflictive-both
GCA_965139575.1	1778406	Pseudomonadota	Comamonas	Comamonas aquatilis	N	N	N	N	conflictive-both
GCA_048820915.1	1765746	Pseudomonadota	Cribrihabitans	Cribrihabitans pelagius	N	N	N	N	conflictive-both
GCA_028649435.1	3026419	Pseudomonadota	Curvibacter	Curvibacter microcysteis	N	N	N	N	conflictive-both
GCA_042653845.1	439612	Pseudomonadota	Daeguia	Daeguia caeni	N	N	N	N	conflictive-both
GCA_054782835.1	1432009	Pseudomonadota	Dyella	Dyella jejuensis	N	N	N	N	conflictive-both
GCA_040419245.1	3118588	Pseudomonadota	Ewingella	Ewingella docleensis	N	N	N	N	conflictive-both
GCA_014174375.1	1017181	Pseudomonadota	Gluconacetobacter	Gluconacetobacter asukensis	N	N	N	N	conflictive-both
GCA_014174215.1	1017177	Pseudomonadota	Gluconacetobacter	Gluconacetobacter tumulicola	N	N	N	N	conflictive-both
GCA_030409265.1	626223	Pseudomonadota	Halomonas	Halomonas sabkhae	N	N	N	N	conflictive-both
GCA_054777695.1	2025714	Pseudomonadota	Hydrogenophaga	Hydrogenophaga soli	N	N	N	N	conflictive-both
GCA_023155095.1	2914829	Pseudomonadota	Idiomarina	Idiomarina aminovorans	N	N	N	N	conflictive-both
GCA_046254955.1	3252901	Pseudomonadota	Litorerythrobacter	Litorerythrobacter xanthomarinus	N	N	N	N	conflictive-both
GCA_042648365.1	1820329	Pseudomonadota	Lutimaribacter	Lutimaribacter marinistellae	N	N	N	N	conflictive-both
GCA_039543145.1	1176535	Pseudomonadota	Lysobacter	Lysobacter hankyongensis	N	N	N	N	conflictive-both
GCA_037179585.1	3015175	Pseudomonadota	Mesorhizobium	Mesorhizobium argentiipisi (SeqCode)	N	N	N	N	conflictive-both
GCA_042682105.1	1300310	Pseudomonadota	Mesorhizobium	Mesorhizobium calcicola	N	N	N	N	conflictive-both
GCA_042647205.1	1300275	Pseudomonadota	Mesorhizobium	Mesorhizobium cantuariense	N	N	N	N	conflictive-both
GCA_041447225.1	1529067	Pseudomonadota	Microbulbifer	Microbulbifer echini	N	N	N	N	conflictive-both
GCA_044962685.1	3133425	Pseudomonadota	Oceanobacter	Oceanobacter antarcticus	N	N	N	N	conflictive-both
GCA_042655705.1	694025	Pseudomonadota	Paraburkholderia	Paraburkholderia denitrificans	N	N	N	N	conflictive-both
GCA_041060555.1	3141940	Pseudomonadota	Parapedomonas	Parapedomonas caeni	N	N	N	N	conflictive-both
GCA_039536765.1	795812	Pseudomonadota	Parerythrobacter	Parerythrobacter jejuensis	N	N	N	N	conflictive-both
GCA_042676445.1	2919874	Pseudomonadota	Photorhabdus	Photorhabdus akhurstii	N	N	N	N	conflictive-both
GCA_048847255.1	3155978	Pseudomonadota	Pseudomonas	Pseudomonas algeriensis	N	N	N	N	conflictive-both
GCA_015712105.2	2758695	Pseudomonadota	Pseudomonas	Pseudomonas chaetocerotis	N	N	N	N	conflictive-both
GCA_057128765.1	1495965	Pseudomonadota	Pseudomonas	Pseudomonas corni	N	N	N	N	conflictive-both
GCA_003586265.1	2078689	Pseudomonadota	Pseudomonas	Pseudomonas jilinensis	N	N	N	N	conflictive-both
GCA_001401385.1	81036	Pseudomonadota	Pseudomonas	Pseudomonas syringae group genomosp. 3	N	N	N	N	conflictive-both
GCA_042683345.1	1762892	Pseudomonadota	Pseudundibacterium	Pseudundibacterium arcticum	N	N	N	N	conflictive-both
GCA_016107535.1	282669	Pseudomonadota	Psychrobacter	Psychrobacter cibarius	N	N	N	N	conflictive-both
GCA_013778345.1	2682844	Pseudomonadota	Ramlibacter	Ramlibacter pinisoli	N	N	N	N	conflictive-both
GCA_040812335.1	3162487	Pseudomonadota	Rhodanobacter	Rhodanobacter lycopersici	N	N	N	N	conflictive-both
GCA_000247625.2	1144280	Pseudomonadota	Rickettsia	Rickettsia sibirica	N	N	N	N	conflictive-both
GCA_042675565.1	1229156	Pseudomonadota	Roseovarius	Roseovarius aquimarinus	N	N	N	N	conflictive-both
GCA_041403425.1	3121636	Pseudomonadota	Roseovarius	Roseovarius conchicola	N	N	N	N	conflictive-both
GCA_009380165.1	2743358	Pseudomonadota	Rugamonas	Rugamonas rivuli	N	N	N	N	conflictive-both
GCA_042654245.1	1387282	Pseudomonadota	Seohaeicola	Seohaeicola nanhaiensis	N	N	N	N	conflictive-both
GCA_042682045.1	1460676	Pseudomonadota	Sphingomonas	Sphingomonas arantia	N	N	N	N	conflictive-both
GCA_036663655.1	3096154	Pseudomonadota	Sphingomonas	Sphingomonas flavida	N	N	N	N	conflictive-both
GCA_046000505.1	3163295	Pseudomonadota	Sphingomonas	Sphingomonas plantiphila	N	N	N	N	conflictive-both
GCA_042680625.1	1736690	Pseudomonadota	Sphingomonas	Sphingomonas qilianensis	N	N	N	N	conflictive-both
GCA_002020355.1	1915319	Pseudomonadota	Thioclava	Thioclava sediminum	N	N	N	N	conflictive-both
GCA_054776735.1	2024550	Pseudomonadota	Uliginosibacterium	Uliginosibacterium sediminicola	N	N	N	N	conflictive-both
GCA_051216515.1	3443728	Pseudomonadota	Variovorax	Variovorax frigidus	N	N	N	N	conflictive-both
GCA_037889915.1	1769758	Pseudomonadota	Variovorax	Variovorax humicola	N	N	N	N	conflictive-both
GCA_051216475.1	3443733	Pseudomonadota	Variovorax	Variovorax nivicola	N	N	N	N	conflictive-both
GCA_051216455.1	3443732	Pseudomonadota	Variovorax	Variovorax pasteuri	N	N	N	N	conflictive-both
GCA_051216615.1	3443740	Pseudomonadota	Variovorax	Variovorax raffinosi	N	N	N	N	conflictive-both
GCA_037889955.1	1836199	Pseudomonadota	Variovorax	Variovorax robiniae	N	N	N	N	conflictive-both
GCA_043194895.1	3119929	Pseudomonadota	Xanthobacter	Xanthobacter albus	N	N	N	N	conflictive-both
GCA_043195065.1	3119924	Pseudomonadota	Xanthobacter	Xanthobacter cornucopiae	N	N	N	N	conflictive-both
GCA_002632445.1	290111	Pseudomonadota	Xenorhabdus	Xenorhabdus ehlersii	N	N	N	N	conflictive-both
GCA_040833975.1	3235175	Spirochaetota	Leptospira	Leptospira gorisiae	N	N	N	N	conflictive-both
GCA_042656625.1	2218256	Acidobacteriota	Acidicapsa	Acidicapsa dinghuensis	N	N	N	Y	conflictive-kraken
GCA_016918855.1	2784346	Actinomycetota	Actinacidiphila	Actinacidiphila acididurans	N	N	N	Y	conflictive-kraken
GCA_000482865.1	1120935	Actinomycetota	Actinokineospora	Actinokineospora inagensis	N	N	N	Y	conflictive-kraken
GCA_024172125.1	559627	Actinomycetota	Actinomadura	Actinomadura rupiterrae	N	N	N	Y	conflictive-kraken
GCA_003432485.1	2303421	Actinomycetota	Actinomadura	Actinomadura spongiicola	N	N	N	Y	conflictive-kraken
GCA_000820725.1	1325934	Actinomycetota	Actinomyces	Actinomyces polynesiensis	N	N	N	Y	conflictive-kraken
GCA_900119695.1	1689268	Actinomycetota	Actinomyces	Actinomyces urinae	N	N	N	Y	conflictive-kraken
GCA_001509495.1	135947	Actinomycetota	Actinoplanes	Actinoplanes awajinensis	N	N	N	Y	conflictive-kraken
GCA_016862295.1	135948	Actinomycetota	Actinoplanes	Actinoplanes octamycinicus	N	N	N	Y	conflictive-kraken
GCA_039540755.1	135948	Actinomycetota	Actinoplanes	Actinoplanes octamycinicus	N	N	N	Y	conflictive-kraken
GCA_024171685.1	1121021	Actinomycetota	Adlercreutzia	Adlercreutzia equolifaciens	N	N	N	Y	conflictive-kraken
GCA_000422625.1	1121866	Actinomycetota	Adlercreutzia	Adlercreutzia mucosicola	N	N	N	Y	conflictive-kraken
GCA_900114805.1	153730	Actinomycetota	Agrococcus	Agrococcus baldri	N	N	N	Y	conflictive-kraken
GCA_042652225.1	165814	Actinomycetota	Agromyces	Agromyces aurantiacus	N	N	N	Y	conflictive-kraken
GCA_004216665.1	33879	Actinomycetota	Agromyces	Agromyces ramosus	N	N	N	Y	conflictive-kraken
GCA_009789225.1	2662446	Actinomycetota	Agromyces	Agromyces seonyuensis	N	N	N	Y	conflictive-kraken
GCA_030814215.1	206084	Actinomycetota	Amycolatopsis	Amycolatopsis thermophila	N	N	N	Y	conflictive-kraken
GCA_030580675.1	3064523	Actinomycetota	Antiquaquibacter	Antiquaquibacter soli	N	N	N	Y	conflictive-kraken
GCA_026011795.1	2966350	Actinomycetota	Arthrobacter	Arthrobacter mangrovi	N	N	N	Y	conflictive-kraken
GCA_900188485.1	560556	Actinomycetota	Asanoa	Asanoa hainanensis	N	N	N	Y	conflictive-kraken
GCA_000771645.1	1437608	Actinomycetota	Bifidobacterium	Bifidobacterium biavatii	N	N	N	Y	conflictive-kraken
GCA_003952005.1	2306973	Actinomycetota	Bifidobacterium	Bifidobacterium callimiconis	N	N	N	Y	conflictive-kraken
GCA_000741705.1	218140	Actinomycetota	Bifidobacterium	Bifidobacterium psychraerophilum	N	N	N	Y	conflictive-kraken
GCA_008698235.1	2045439	Actinomycetota	Bifidobacterium	Bifidobacterium rousetti	N	N	N	Y	conflictive-kraken
GCA_000687635.1	1410647	Actinomycetota	Bifidobacterium	Bifidobacterium ruminantium	N	N	N	Y	conflictive-kraken
GCA_900230285.1	1938745	Actinomycetota	Blastococcus	Blastococcus haudaquaticus	N	N	N	Y	conflictive-kraken
GCA_003130585.1	2182385	Actinomycetota	Brachybacterium	Brachybacterium endophyticum	N	N	N	Y	conflictive-kraken
GCA_023509525.1	2910770	Actinomycetota	Brachybacterium	Brachybacterium equifaecis	N	N	N	Y	conflictive-kraken
GCA_039528595.1	234835	Actinomycetota	Brevibacterium	Brevibacterium antiquum	N	N	N	Y	conflictive-kraken
GCA_001570805.1	1349751	Actinomycetota	Brevibacterium	Brevibacterium epidermidis	N	N	N	Y	conflictive-kraken
GCA_018531125.1	2837491	Actinomycetota	Canibacter	Canibacter zhuwentaonis	N	N	N	Y	conflictive-kraken
GCA_000379685.1	1121272	Actinomycetota	Catelliglobosispora	Catelliglobosispora koreensis	N	N	N	Y	conflictive-kraken
GCA_015356865.1	2705253	Actinomycetota	Catenulispora	Catenulispora pinisilvae	N	N	N	Y	conflictive-kraken
GCA_030813715.1	137267	Actinomycetota	Catenuloplanes	Catenuloplanes indicus	N	N	N	Y	conflictive-kraken
GCA_031458255.1	587534	Actinomycetota	Catenuloplanes	Catenuloplanes niger	N	N	N	Y	conflictive-kraken
GCA_042434675.1	1714	Actinomycetota	Cellulomonas	Cellulomonas uda	N	N	N	Y	conflictive-kraken
GCA_009711085.1	2672572	Actinomycetota	Cellulosimicrobium	Cellulosimicrobium composti	N	N	N	Y	conflictive-kraken
GCA_033542075.1	1940611	Actinomycetota	Conexibacter	Conexibacter stalactiti	N	N	N	Y	conflictive-kraken
GCA_027257105.1	3016001	Actinomycetota	Corynebacterium	Corynebacterium faecium	N	N	N	Y	conflictive-kraken
GCA_001412105.1	1544416	Actinomycetota	Corynebacterium	Corynebacterium oculi	N	N	N	Y	conflictive-kraken
GCA_042649565.1	302449	Actinomycetota	Corynebacterium	Corynebacterium tuscaniense	N	N	N	Y	conflictive-kraken
GCA_900155535.1	1852380	Actinomycetota	Corynebacterium	Corynebacterium urinipleomorphum	N	N	N	Y	conflictive-kraken
GCA_002155995.1	130796	Actinomycetota	Crossiella	Crossiella equi	N	N	N	Y	conflictive-kraken
GCA_017876755.1	130796	Actinomycetota	Crossiella	Crossiella equi	N	N	N	Y	conflictive-kraken
GCA_016862815.1	1582364	Actinomycetota	Demequina	Demequina activiva	N	N	N	Y	conflictive-kraken
GCA_000759715.1	1043493	Actinomycetota	Demequina	Demequina mangrovi	N	N	N	Y	conflictive-kraken
GCA_000971155.1	1638982	Actinomycetota	Demequina	Demequina maris	N	N	N	Y	conflictive-kraken
GCA_000429885.1	1121387	Actinomycetota	Dermatophilus	Dermatophilus congolensis	N	N	N	Y	conflictive-kraken
GCA_042683905.1	595984	Actinomycetota	Dietzia	Dietzia aerolata	N	N	N	Y	conflictive-kraken
GCA_902150035.1	2590867	Actinomycetota	Enorma	Enorma burkinafasonensis	N	N	N	Y	conflictive-kraken
GCA_013002715.1	1656889	Actinomycetota	Flexivirga	Flexivirga aerilata	N	N	N	Y	conflictive-kraken
GCA_039525645.1	145483	Actinomycetota	Frigoribacterium	Frigoribacterium faeni	N	N	N	Y	conflictive-kraken
GCA_003640665.1	2676123	Actinomycetota	Galactobacter	Galactobacter caseinivorans	N	N	N	Y	conflictive-kraken
GCA_039543925.1	1262554	Actinomycetota	Garicola	Garicola koreensis	N	N	N	Y	conflictive-kraken
GCA_039530665.1	348442	Actinomycetota	Georgenia	Georgenia ruanii	N	N	N	Y	conflictive-kraken
GCA_000159015.1	525245	Actinomycetota	Gleimia	Gleimia coleocanis	N	N	N	Y	conflictive-kraken
GCA_000327325.1	1077975	Actinomycetota	Gordonia	Gordonia rubripertincta	N	N	N	Y	conflictive-kraken
GCA_013450155.1	2752311	Actinomycetota	Haloechinothrix	Haloechinothrix aidingensis	N	N	N	Y	conflictive-kraken
GCA_001570605.1	28444	Actinomycetota	Herbidospora	Herbidospora cretacea	N	N	N	Y	conflictive-kraken
GCA_013149805.1	579446	Actinomycetota	Isoptericola	Isoptericola chiayiensis	N	N	N	Y	conflictive-kraken
GCA_020297055.1	2879484	Actinomycetota	Isoptericola	Isoptericola luteus	N	N	N	Y	conflictive-kraken
GCA_016888335.1	2806261	Actinomycetota	Janibacter	Janibacter endophyticus	N	N	N	Y	conflictive-kraken
GCA_003579925.1	2293569	Actinomycetota	Jiangella	Jiangella rhizosphaerae	N	N	N	Y	conflictive-kraken
GCA_011839805.1	2609562	Actinomycetota	Kineococcus	Kineococcus rubinsiae	N	N	N	Y	conflictive-kraken
GCA_054654375.1	84632	Actinomycetota	Kineosporia	Kineosporia succinea	N	N	N	Y	conflictive-kraken
GCA_900112525.1	1225127	Actinomycetota	Klenkia	Klenkia taihuensis	N	N	N	Y	conflictive-kraken
GCA_000768705.1	1385520	Actinomycetota	Knoellia	Knoellia sinensis	N	N	N	Y	conflictive-kraken
GCA_039524595.1	60450	Actinomycetota	Kribbella	Kribbella sandramycini	N	N	N	Y	conflictive-kraken
GCA_006715055.1	402171	Actinomycetota	Lapillicoccus	Lapillicoccus jejuensis	N	N	N	Y	conflictive-kraken
GCA_003269295.1	531938	Actinomycetota	Lentzea	Lentzea atacamensis	N	N	N	Y	conflictive-kraken
GCA_007845675.1	2591470	Actinomycetota	Lentzea	Lentzea tibetensis	N	N	N	Y	conflictive-kraken
GCA_000231305.1	714083	Actinomycetota	Leucobacter	Leucobacter chromiiresistens	N	N	N	Y	conflictive-kraken
GCA_000379825.1	1122182	Actinomycetota	Longispora	Longispora albida	N	N	N	Y	conflictive-kraken
GCA_002798015.1	620910	Actinomycetota	Luteimicrobium	Luteimicrobium subarcticum	N	N	N	Y	conflictive-kraken
GCA_011057645.1	2711233	Actinomycetota	Marisediminicola	Marisediminicola senii	N	N	N	Y	conflictive-kraken
GCA_030315975.1	3041922	Actinomycetota	Microbacterium	Microbacterium candidum	N	N	N	Y	conflictive-kraken
GCA_016907295.1	36806	Actinomycetota	Microbacterium	Microbacterium dextranolyticum	N	N	N	Y	conflictive-kraken
GCA_039529555.1	179095	Actinomycetota	Microbacterium	Microbacterium ulmi	N	N	N	Y	conflictive-kraken
GCA_017896165.1	2806554	Actinomycetota	Microbispora	Microbispora oryzae	N	N	N	Y	conflictive-kraken
GCA_009371975.2	2591847	Actinomycetota	Microcella	Microcella pacifica	N	N	N	Y	conflictive-kraken
GCA_014644875.1	384602	Actinomycetota	Micrococcus	Micrococcus flavus	N	N	N	Y	conflictive-kraken
GCA_900143515.1	709881	Actinomycetota	Micromonospora	Micromonospora cremea	N	N	N	Y	conflictive-kraken
GCA_042685185.1	227316	Actinomycetota	Micromonospora	Micromonospora eburnea	N	N	N	Y	conflictive-kraken
GCA_004217615.1	1077942	Actinomycetota	Micromonospora	Micromonospora kangleipakensis	N	N	N	Y	conflictive-kraken
GCA_900091565.1	307120	Actinomycetota	Micromonospora	Micromonospora marina	N	N	N	Y	conflictive-kraken
GCA_014201145.1	1839617	Actinomycetota	Micromonospora	Micromonospora parathelypteridis	N	N	N	Y	conflictive-kraken
GCA_004217495.1	393267	Actinomycetota	Microterricola	Microterricola gilva	N	N	N	Y	conflictive-kraken
GCA_949769255.1	3036302	Actinomycetota	Mobiluncus	Mobiluncus massiliensis	N	N	N	Y	conflictive-kraken
GCA_005930475.1	2213158	Actinomycetota	Modestobacter	Modestobacter altitudinis	N	N	N	Y	conflictive-kraken
GCA_014645755.1	477641	Actinomycetota	Modestobacter	Modestobacter marinus	N	N	N	Y	conflictive-kraken
GCA_010994095.1	1678900	Actinomycetota	Mumia	Mumia xiangluensis	N	N	N	Y	conflictive-kraken
GCA_027529605.1	3016340	Actinomycetota	Mycobacterium	Mycobacterium hippophais	N	N	N	Y	conflictive-kraken
GCA_002591975.1	242737	Actinomycetota	Mycobacterium	Mycobacterium neglectum	N	N	N	Y	conflictive-kraken
GCA_900232995.1	627089	Actinomycetota	Mycobacterium	Mycobacterium simulans	N	N	N	Y	conflictive-kraken
GCA_001570445.1	228230	Actinomycetota	Mycolicibacterium	Mycolicibacterium canariasense	N	N	N	Y	conflictive-kraken
GCA_042658305.1	280871	Actinomycetota	Mycolicibacterium	Mycolicibacterium llatzerense	N	N	N	Y	conflictive-kraken
GCA_014642675.1	1882340	Actinomycetota	Nesterenkonia	Nesterenkonia cremea	N	N	N	Y	conflictive-kraken
GCA_042679385.1	225325	Actinomycetota	Nesterenkonia	Nesterenkonia halotolerans	N	N	N	Y	conflictive-kraken
GCA_012641515.1	1463632	Actinomycetota	Nesterenkonia	Nesterenkonia sedimenti	N	N	N	Y	conflictive-kraken
GCA_007990755.1	1210091	Actinomycetota	Nocardia	Nocardia ninae	N	N	N	Y	conflictive-kraken
GCA_001613085.1	1210085	Actinomycetota	Nocardia	Nocardia salmonicida	N	N	N	Y	conflictive-kraken
GCA_001613265.1	1210096	Actinomycetota	Nocardia	Nocardia vermiculata	N	N	N	Y	conflictive-kraken
GCA_001998325.1	501010	Actinomycetota	Nocardiopsis	Nocardiopsis sinuspersici	N	N	N	Y	conflictive-kraken
GCA_014873145.1	46172	Actinomycetota	Nonomuraea	Nonomuraea angiospora	N	N	N	Y	conflictive-kraken
GCA_039535845.1	46180	Actinomycetota	Nonomuraea	Nonomuraea rubra	N	N	N	Y	conflictive-kraken
GCA_042660945.1	46180	Actinomycetota	Nonomuraea	Nonomuraea rubra	N	N	N	Y	conflictive-kraken
GCA_030811115.1	997349	Actinomycetota	Olsenella	Olsenella profusa	N	N	N	Y	conflictive-kraken
GCA_042429105.1	43666	Actinomycetota	Paeniglutamicibacter	Paeniglutamicibacter sulfureus	N	N	N	Y	conflictive-kraken
GCA_024137025.1	2939490	Actinomycetota	Paractinoplanes	Paractinoplanes aksuensis	N	N	N	Y	conflictive-kraken
GCA_039533645.1	113563	Actinomycetota	Paractinoplanes	Paractinoplanes durhamensis	N	N	N	Y	conflictive-kraken
GCA_016862175.1	113563	Actinomycetota	Paractinoplanes	Paractinoplanes durhamensis	N	N	N	Y	conflictive-kraken
GCA_016862435.1	571912	Actinomycetota	Paractinoplanes	Paractinoplanes tereljensis	N	N	N	Y	conflictive-kraken
GCA_018729305.1	2840470	Actinomycetota	Phycicoccus	Phycicoccus mangrovi	N	N	N	Y	conflictive-kraken
GCA_016887965.1	2807628	Actinomycetota	Phycicoccus	Phycicoccus sonneratiae	N	N	N	Y	conflictive-kraken
GCA_010550675.1	1981512	Actinomycetota	Phytoactinopolyspora	Phytoactinopolyspora halotolerans	N	N	N	Y	conflictive-kraken
GCA_027923225.1	3016789	Actinomycetota	Phytohabitans	Phytohabitans aurantiacus	N	N	N	Y	conflictive-kraken
GCA_014191605.1	1470180	Actinomycetota	Prauserella	Prauserella isguenensis	N	N	N	Y	conflictive-kraken
GCA_039533265.1	88382	Actinomycetota	Promicromonospora	Promicromonospora sukumoe	N	N	N	Y	conflictive-kraken
GCA_016862955.1	1392758	Actinomycetota	Rhizocola	Rhizocola hellebori	N	N	N	Y	conflictive-kraken
GCA_000175615.1	553201	Actinomycetota	Rothia	Rothia mucilaginosa	N	N	N	Y	conflictive-kraken
GCA_002899695.1	2070688	Actinomycetota	Rubneribacter	Rubneribacter badeniensis	N	N	N	Y	conflictive-kraken
GCA_028617075.1	1392640	Actinomycetota	Rubrobacter	Rubrobacter calidifluminis	N	N	N	Y	conflictive-kraken
GCA_028617085.1	1392641	Actinomycetota	Rubrobacter	Rubrobacter naiadicus	N	N	N	Y	conflictive-kraken
GCA_004348445.1	2530385	Actinomycetota	Saccharopolyspora	Saccharopolyspora aridisoli	N	N	N	Y	conflictive-kraken
GCA_007829955.1	1181886	Actinomycetota	Saccharopolyspora	Saccharopolyspora dendranthemae	N	N	N	Y	conflictive-kraken
GCA_042428565.1	33920	Actinomycetota	Saccharothrix	Saccharothrix longispora	N	N	N	Y	conflictive-kraken
GCA_002564005.1	372484	Actinomycetota	Sanguibacter	Sanguibacter antarcticus	N	N	N	Y	conflictive-kraken
GCA_002797595.1	1138585	Actinomycetota	Sediminihabitans	Sediminihabitans luteus	N	N	N	Y	conflictive-kraken
GCA_054782595.1	1774748	Actinomycetota	Sediminivirga	Sediminivirga luteola	N	N	N	Y	conflictive-kraken
GCA_004135645.1	2509433	Actinomycetota	Senegalimassilia	Senegalimassilia faecalis	N	N	N	Y	conflictive-kraken
GCA_014207705.1	321317	Actinomycetota	Sphaerisporangium	Sphaerisporangium rubeum	N	N	N	Y	conflictive-kraken
GCA_039528315.1	321317	Actinomycetota	Sphaerisporangium	Sphaerisporangium rubeum	N	N	N	Y	conflictive-kraken
GCA_016863415.1	795645	Actinomycetota	Sphaerisporangium	Sphaerisporangium siamense	N	N	N	Y	conflictive-kraken
GCA_000787795.1	235985	Actinomycetota	Streptacidiphilus	Streptacidiphilus jiangxiensis	N	N	N	Y	conflictive-kraken
GCA_014655475.1	1887	Actinomycetota	Streptomyces	Streptomyces albogriseolus	N	N	N	Y	conflictive-kraken
GCA_020532645.1	1550616	Actinomycetota	Streptomyces	Streptomyces bambusae	N	N	N	Y	conflictive-kraken
GCA_019710745.1	2841597	Actinomycetota	Streptomyces	Streptomyces beigongshangae	N	N	N	Y	conflictive-kraken
GCA_014650715.1	33897	Actinomycetota	Streptomyces	Streptomyces bluensis	N	N	N	Y	conflictive-kraken
GCA_029968035.1	3043613	Actinomycetota	Streptomyces	Streptomyces cavernicola	N	N	N	Y	conflictive-kraken
GCA_029846775.1	3040919	Actinomycetota	Streptomyces	Streptomyces chengmaiensis	N	N	N	Y	conflictive-kraken
GCA_005981935.1	68186	Actinomycetota	Streptomyces	Streptomyces chryseus	N	N	N	Y	conflictive-kraken
GCA_003626645.1	1420899	Actinomycetota	Streptomyces	Streptomyces klenkii	N	N	N	Y	conflictive-kraken
GCA_036246145.1	700599	Actinomycetota	Streptomyces	Streptomyces lonarensis	N	N	N	Y	conflictive-kraken
GCA_000974985.2	1428628	Actinomycetota	Streptomyces	Streptomyces mangrovisoli	N	N	N	Y	conflictive-kraken
GCA_000718985.1	44060	Actinomycetota	Streptomyces	Streptomyces megasporus	N	N	N	Y	conflictive-kraken
GCA_003121295.1	67339	Actinomycetota	Streptomyces	Streptomyces orinoci	N	N	N	Y	conflictive-kraken
GCA_014280945.1	2762598	Actinomycetota	Streptomyces	Streptomyces salinarius	N	N	N	Y	conflictive-kraken
GCA_024349285.1	1134445	Actinomycetota	Streptomyces	Streptomyces somaliensis	N	N	N	Y	conflictive-kraken
GCA_016755875.1	284039	Actinomycetota	Streptomyces	Streptomyces spororaveus	N	N	N	Y	conflictive-kraken
GCA_009709575.1	2569853	Actinomycetota	Streptomyces	Streptomyces taklimakanensis	N	N	N	Y	conflictive-kraken
GCA_012034235.1	66860	Actinomycetota	Streptomyces	Streptomyces thermoviolaceus	N	N	N	Y	conflictive-kraken
GCA_014203715.1	1706840	Actinomycetota	Streptosporangium	Streptosporangium saharense	N	N	N	Y	conflictive-kraken
GCA_003635045.1	53356	Actinomycetota	Terracoccus	Terracoccus luteus	N	N	N	Y	conflictive-kraken
GCA_001517975.1	665004	Actinomycetota	Thermobifida	Thermobifida cellulosilytica	N	N	N	Y	conflictive-kraken
GCA_001575195.1	239498	Actinomycetota	Tsukamurella	Tsukamurella pseudospumae	N	N	N	Y	conflictive-kraken
GCA_014646055.1	1544741	Actinomycetota	Wenjunlia	Wenjunlia tyrosinilytica	N	N	N	Y	conflictive-kraken
GCA_965136725.1	85044	Actinomycetota	Williamsia	Williamsia muralis	N	N	N	Y	conflictive-kraken
GCA_900156495.1	1344003	Actinomycetota	Williamsia	Williamsia sterculiae	N	N	N	Y	conflictive-kraken
GCA_003244315.1	2607479	Actinomycetota	Xylanimonas	Xylanimonas oleitrophica	N	N	N	Y	conflictive-kraken
GCA_032883035.1	2939269	Actinomycetota	Mycolicibacterium	[Mycobacterium] appelbergii	N	N	N	Y	conflictive-kraken
GCA_900095825.1	1852375	Bacillota	Acidaminococcus	Acidaminococcus massiliensis	N	N	N	Y	conflictive-kraken
GCA_000178435.1	655812	Bacillota	Aerococcus	Aerococcus viridans	N	N	N	Y	conflictive-kraken
GCA_900110815.1	930138	Bacillota	Aliicoccus	Aliicoccus persicus	N	N	N	Y	conflictive-kraken
GCA_030814115.1	200990	Bacillota	Alkalibacillus	Alkalibacillus filiformis	N	N	N	Y	conflictive-kraken
GCA_000429725.1	1121087	Bacillota	Alkalicoccus	Alkalicoccus chagannorensis	N	N	N	Y	conflictive-kraken
GCA_029028005.1	2980103	Bacillota	Alkalihalobacterium	Alkalihalobacterium chitinilyticum	N	N	N	Y	conflictive-kraken
GCA_900111575.1	1120990	Bacillota	Anaerobranca	Anaerobranca gottschalkii	N	N	N	Y	conflictive-kraken
GCA_003865035.1	2358141	Bacillota	Anaerotignum	Anaerotignum faecicola	N	N	N	Y	conflictive-kraken
GCA_900078395.1	1720200	Bacillota	Anaerotruncus	Anaerotruncus rubiinfantis	N	N	N	Y	conflictive-kraken
GCA_009183655.1	2653354	Bacillota	Bacillus	Bacillus aerolatus	N	N	N	Y	conflictive-kraken
GCA_000691145.1	1178544	Bacillota	Bacillus	Bacillus altitudinis	N	N	N	Y	conflictive-kraken
GCA_006494425.1	3088378	Bacillota	Bacillus	Bacillus dicomae	N	N	N	Y	conflictive-kraken
GCA_008923265.1	1071718	Bacillota	Bacillus	Bacillus mesophilum	N	N	N	Y	conflictive-kraken
GCA_040088595.1	3055846	Bacillota	Caldanaerobacter	Caldanaerobacter subterraneus	N	N	N	Y	conflictive-kraken
GCA_000387765.1	1304284	Bacillota	Caldisalinibacter	Caldisalinibacter kiritimatiensis	N	N	N	Y	conflictive-kraken
GCA_000331575.1	1191699	Bacillota	Calidifontibacillus	Calidifontibacillus oryziterrae	N	N	N	Y	conflictive-kraken
GCA_900108045.1	29344	Bacillota	Caloramator	Caloramator fervidus	N	N	N	Y	conflictive-kraken
GCA_013409775.1	1119529	Bacillota	Carboxydothermus	Carboxydothermus ferrireducens	N	N	N	Y	conflictive-kraken
GCA_001437085.1	1449336	Bacillota	Carnobacterium	Carnobacterium divergens	N	N	N	Y	conflictive-kraken
GCA_053762065.1	2749	Bacillota	Carnobacterium	Carnobacterium gallinarum	N	N	N	Y	conflictive-kraken
GCA_001700315.1	33978	Bacillota	Caryophanon	Caryophanon tenue	N	N	N	Y	conflictive-kraken
GCA_000246895.2	545243	Bacillota	Clostridium	Clostridium arbusti	N	N	N	Y	conflictive-kraken
GCA_004011155.1	2769420	Bacillota	Clostridium	Clostridium prolinivorans	N	N	N	Y	conflictive-kraken
GCA_002006345.1	29367	Bacillota	Clostridium	Clostridium puniceum	N	N	N	Y	conflictive-kraken
GCA_003386205.1	1294267	Bacillota	Cohnella	Cohnella lupini	N	N	N	Y	conflictive-kraken
GCA_002191155.1	2801452	Bacillota	Companilactobacillus	Companilactobacillus kimchii	N	N	N	Y	conflictive-kraken
GCA_001311095.1	1423765	Bacillota	Companilactobacillus	Companilactobacillus kimchii	N	N	N	Y	conflictive-kraken
GCA_003946505.1	2486008	Bacillota	Companilactobacillus	Companilactobacillus mishanensis	N	N	N	Y	conflictive-kraken
GCA_014637175.1	1245525	Bacillota	Compostibacillus	Compostibacillus humi	N	N	N	Y	conflictive-kraken
GCA_014384785.1	2763657	Bacillota	Congzhengia	Congzhengia minquanensis	N	N	N	Y	conflictive-kraken
GCA_004143605.1	1397668	Bacillota	Desulforamulus	Desulforamulus aquiferis	N	N	N	Y	conflictive-kraken
GCA_000429345.1	1121468	Bacillota	Desulfovirgula	Desulfovirgula thermocuniculi	N	N	N	Y	conflictive-kraken
GCA_000970675.1	1587527	Bacillota	Domibacillus	Domibacillus tundrae	N	N	N	Y	conflictive-kraken
GCA_000373065.1	1121865	Bacillota	Enterococcus	Enterococcus columbae	N	N	N	Y	conflictive-kraken
GCA_001544215.1	1218088	Bacillota	Enterococcus	Enterococcus durans	N	N	N	Y	conflictive-kraken
GCA_005405485.1	2559929	Bacillota	Enterococcus	Enterococcus hulanensis	N	N	N	Y	conflictive-kraken
GCA_053760945.1	1077675	Bacillota	Enterococcus	Enterococcus plantarum	N	N	N	Y	conflictive-kraken
GCA_001544115.1	1218093	Bacillota	Enterococcus	Enterococcus raffinosus	N	N	N	Y	conflictive-kraken
GCA_053760325.1	762845	Bacillota	Enterococcus	Enterococcus rivorum	N	N	N	Y	conflictive-kraken
GCA_965139895.1	2683714	Bacillota	Erysipelothrix	Erysipelothrix aquatica	N	N	N	Y	conflictive-kraken
GCA_002335745.1	2011013	Bacillota	Evansella	Evansella halocellulosilytica	N	N	N	Y	conflictive-kraken
GCA_003425665.1	2211183	Bacillota	Evtepia	Evtepia gabavorous	N	N	N	Y	conflictive-kraken
GCA_053758485.1	120956	Bacillota	Facklamia	Facklamia miroungae	N	N	N	Y	conflictive-kraken
GCA_023149135.1	2878389	Bacillota	Fictibacillus	Fictibacillus marinisediminis	N	N	N	Y	conflictive-kraken
GCA_900609045.1	2483811	Bacillota	Filibacter	Filibacter tadaridae	N	N	N	Y	conflictive-kraken
GCA_018437265.1	2713174	Bacillota	Fructobacillus	Fructobacillus parabroussonetiae	N	N	N	Y	conflictive-kraken
GCA_000521485.1	1298598	Bacillota	Gracilibacillus	Gracilibacillus boraciitolerans	N	N	N	Y	conflictive-kraken
GCA_000359605.1	1308866	Bacillota	Gracilibacillus	Gracilibacillus halophilus	N	N	N	Y	conflictive-kraken
GCA_054054285.1	137733	Bacillota	Granulicatella	Granulicatella balaenopterae	N	N	N	Y	conflictive-kraken
GCA_024543085.1	2967226	Bacillota	Granulicatella	Granulicatella seriolae	N	N	N	Y	conflictive-kraken
GCA_902726645.1	2686092	Bacillota	Halobacillus	Halobacillus ihumii	N	N	N	Y	conflictive-kraken
GCA_004684905.1	192814	Bacillota	Halobacillus	Halobacillus salinus	N	N	N	Y	conflictive-kraken
GCA_900115465.1	442899	Bacillota	Halolactibacillus	Halolactibacillus alkaliphilus	N	N	N	Y	conflictive-kraken
GCA_009877425.1	121734	Bacillota	Heliomicrobium	Heliomicrobium undosum	N	N	N	Y	conflictive-kraken
GCA_002844575.1	1707093	Bacillota	Heyndrickxia	Heyndrickxia camelliae	N	N	N	Y	conflictive-kraken
GCA_011008805.1	157838	Bacillota	Heyndrickxia	Heyndrickxia shackletonii	N	N	N	Y	conflictive-kraken
GCA_014207425.1	709509	Bacillota	Jeotgalicoccus	Jeotgalicoccus coquinae	N	N	N	Y	conflictive-kraken
GCA_003143975.1	202750	Bacillota	Kurthia	Kurthia sibirica	N	N	N	Y	conflictive-kraken
GCA_042430425.1	202750	Bacillota	Kurthia	Kurthia sibirica	N	N	N	Y	conflictive-kraken
GCA_025490915.1	2970927	Bacillota	Lacticaseibacillus	Lacticaseibacillus parakribbianus	N	N	N	Y	conflictive-kraken
GCA_001437465.1	1293598	Bacillota	Lacticaseibacillus	Lacticaseibacillus saniviri	N	N	N	Y	conflictive-kraken
GCA_042680385.1	2486015	Bacillota	Lacticaseibacillus	Lacticaseibacillus yichunensis	N	N	N	Y	conflictive-kraken
GCA_005405105.1	2559919	Bacillota	Lactiplantibacillus	Lactiplantibacillus dongliensis	N	N	N	Y	conflictive-kraken
GCA_003885105.1	2306423	Bacillota	Lactiplantibacillus	Lactiplantibacillus garii	N	N	N	Y	conflictive-kraken
GCA_039545015.1	1457217	Bacillota	Lactiplantibacillus	Lactiplantibacillus plajomi	N	N	N	Y	conflictive-kraken
GCA_001311685.1	1423736	Bacillota	Lactobacillus	Lactobacillus crispatus	N	N	N	Y	conflictive-kraken
GCA_001435795.1	1423824	Bacillota	Lactobacillus	Lactobacillus delbrueckii	N	N	N	Y	conflictive-kraken
GCA_001435695.1	1122152	Bacillota	Lactobacillus	Lactobacillus psittaci	N	N	N	Y	conflictive-kraken
GCA_042434825.1	1347903	Bacillota	Lederbergia	Lederbergia wuyishanensis	N	N	N	Y	conflictive-kraken
GCA_042429915.1	1347903	Bacillota	Lederbergia	Lederbergia wuyishanensis	N	N	N	Y	conflictive-kraken
GCA_900112705.1	640948	Bacillota	Lentibacillus	Lentibacillus persicus	N	N	N	Y	conflictive-kraken
GCA_001435315.1	1423784	Bacillota	Lentilactobacillus	Lentilactobacillus parabuchneri	N	N	N	Y	conflictive-kraken
GCA_012396485.1	434464	Bacillota	Leuconostoc	Leuconostoc holzapfelii	N	N	N	Y	conflictive-kraken
GCA_019656035.1	935294	Bacillota	Leuconostoc	Leuconostoc lactis	N	N	N	Y	conflictive-kraken
GCA_024345185.1	2950375	Bacillota	Levilactobacillus	Levilactobacillus humaensis	N	N	N	Y	conflictive-kraken
GCA_000615885.1	1423724	Bacillota	Ligilactobacillus	Ligilactobacillus apodemi	N	N	N	Y	conflictive-kraken
GCA_001435375.1	1423820	Bacillota	Ligilactobacillus	Ligilactobacillus araffinosus	N	N	N	Y	conflictive-kraken
GCA_001436315.1	1423821	Bacillota	Ligilactobacillus	Ligilactobacillus aviarius	N	N	N	Y	conflictive-kraken
GCA_000615845.1	1423755	Bacillota	Ligilactobacillus	Ligilactobacillus hayakitensis	N	N	N	Y	conflictive-kraken
GCA_001591685.1	1423772	Bacillota	Ligilactobacillus	Ligilactobacillus murinus	N	N	N	Y	conflictive-kraken
GCA_014145585.1	2759748	Bacillota	Limosilactobacillus	Limosilactobacillus agrestis	N	N	N	Y	conflictive-kraken
GCA_913566895.1	2867439	Bacillota	Listeria	Listeria ilorinensis	N	N	N	Y	conflictive-kraken
GCA_000183865.1	702457	Bacillota	Listeria	Listeria marthii	N	N	N	Y	conflictive-kraken
GCA_001278945.1	1293441	Bacillota	Lysinibacillus	Lysinibacillus contaminans	N	N	N	Y	conflictive-kraken
GCA_001311625.1	1293591	Bacillota	Lysinibacillus	Lysinibacillus parviboronicapiens	N	N	N	Y	conflictive-kraken
GCA_014269395.1	159836	Bacillota	Megasphaera	Megasphaera hominis	N	N	N	Y	conflictive-kraken
GCA_900182565.1	910412	Bacillota	Melghirimyces	Melghirimyces algeriensis	N	N	N	Y	conflictive-kraken
GCA_003054245.1	1242148	Bacillota	Melghirimyces	Melghirimyces profundicolus	N	N	N	Y	conflictive-kraken
GCA_900104615.1	2897707	Bacillota	Merdimmobilis	Merdimmobilis hominis	N	N	N	Y	conflictive-kraken
GCA_900059565.1	1673723	Bacillota	Murdochiella	Murdochiella massiliensis	N	N	N	Y	conflictive-kraken
GCA_001591805.1	1349756	Bacillota	Neobacillus	Neobacillus novalis	N	N	N	Y	conflictive-kraken
GCA_003515705.1	372463	Bacillota	Oceanobacillus	Oceanobacillus profundus	N	N	N	Y	conflictive-kraken
GCA_000307265.1	1007096	Bacillota	Oscillibacter	Oscillibacter ruminantium	N	N	N	Y	conflictive-kraken
GCA_014647315.1	1003997	Bacillota	Paenalicyclobacillus	Paenalicyclobacillus cellulosilyticus	N	N	N	Y	conflictive-kraken
GCA_900116805.1	392015	Bacillota	Paenalicyclobacillus	Paenalicyclobacillus macrosporangiidus	N	N	N	Y	conflictive-kraken
GCA_017874035.1	869555	Bacillota	Paenibacillus	Paenibacillus aceris	N	N	N	Y	conflictive-kraken
GCA_042659105.1	2849866	Bacillota	Paenibacillus	Paenibacillus allorhizosphaerae	N	N	N	Y	conflictive-kraken
GCA_004514475.2	1967502	Bacillota	Paenibacillus	Paenibacillus athensensis	N	N	N	Y	conflictive-kraken
GCA_900112695.1	1045775	Bacillota	Paenibacillus	Paenibacillus catalpae	N	N	N	Y	conflictive-kraken
GCA_004001045.1	59846	Bacillota	Paenibacillus	Paenibacillus chibensis	N	N	N	Y	conflictive-kraken
GCA_003285015.1	450362	Bacillota	Paenibacillus	Paenibacillus contaminans	N	N	N	Y	conflictive-kraken
GCA_023276405.1	2936508	Bacillota	Paenibacillus	Paenibacillus hamazuiensis	N	N	N	Y	conflictive-kraken
GCA_023195895.1	2937794	Bacillota	Paenibacillus	Paenibacillus mellifer	N	N	N	Y	conflictive-kraken
GCA_001653565.1	1850517	Bacillota	Paenibacillus	Paenibacillus oryzisoli	N	N	N	Y	conflictive-kraken
GCA_001514495.1	1349782	Bacillota	Paenibacillus	Paenibacillus pabuli	N	N	N	Y	conflictive-kraken
GCA_900021165.1	1776378	Bacillota	Paenibacillus	Paenibacillus phocaeensis	N	N	N	Y	conflictive-kraken
GCA_003605435.1	1276110	Bacillota	Paenibacillus	Paenibacillus pinisoli	N	N	N	Y	conflictive-kraken
GCA_001277345.1	1705565	Bacillota	Paenibacillus	Paenibacillus solani	N	N	N	Y	conflictive-kraken
GCA_000374845.1	1122927	Bacillota	Paenibacillus	Paenibacillus terrigena	N	N	N	Y	conflictive-kraken
GCA_000971965.1	1567107	Bacillota	Paenibacillus	Paenibacillus wulumuqiensis	N	N	N	Y	conflictive-kraken
GCA_000154405.1	411465	Bacillota	Parvimonas	Parvimonas micra	N	N	N	Y	conflictive-kraken
GCA_000260395.1	1423807	Bacillota	Paucilactobacillus	Paucilactobacillus suebicus	N	N	N	Y	conflictive-kraken
GCA_015732205.1	862415	Bacillota	Pectinatus	Pectinatus brassicae	N	N	N	Y	conflictive-kraken
GCA_000271485.2	1122947	Bacillota	Pelosinus	Pelosinus fermentans	N	N	N	Y	conflictive-kraken
GCA_000468535.1	1354300	Bacillota	Peptoniphilus	Peptoniphilus mikwangii	N	N	N	Y	conflictive-kraken
GCA_965139535.1	110845	Bacillota	Phocicoccus	Phocicoccus pinnipedialis	N	N	N	Y	conflictive-kraken
GCA_900110685.1	571933	Bacillota	Piscibacillus	Piscibacillus halophilus	N	N	N	Y	conflictive-kraken
GCA_000775595.1	1385510	Bacillota	Pontibacillus	Pontibacillus halophilus	N	N	N	Y	conflictive-kraken
GCA_002946355.1	2064768	Bacillota	Pradoshia	Pradoshia eiseniae	N	N	N	Y	conflictive-kraken
GCA_000956595.1	1358420	Bacillota	Priestia	Priestia aryabhattai	N	N	N	Y	conflictive-kraken
GCA_900141835.1	1123003	Bacillota	Propionispora	Propionispora hippei	N	N	N	Y	conflictive-kraken
GCA_900099635.1	398199	Bacillota	Proteiniclasticum	Proteiniclasticum ruminis	N	N	N	Y	conflictive-kraken
GCA_014385105.1	2763676	Bacillota	Qingrenia	Qingrenia yutianensis	N	N	N	Y	conflictive-kraken
GCA_002251085.2	2020948	Bacillota	Romboutsia	Romboutsia maritimum	N	N	N	Y	conflictive-kraken
GCA_009695765.1	2605790	Bacillota	Roseburia	Roseburia porci	N	N	N	Y	conflictive-kraken
GCA_000429685.1	1121085	Bacillota	Salibacterium	Salibacterium aidingense	N	N	N	Y	conflictive-kraken
GCA_900114715.1	266892	Bacillota	Salibacterium	Salibacterium qingdaonense	N	N	N	Y	conflictive-kraken
GCA_965136265.1	45670	Bacillota	Salinicoccus	Salinicoccus roseus	N	N	N	Y	conflictive-kraken
GCA_003615245.1	885475	Bacillota	Salipaludibacillus	Salipaludibacillus neizhouensis	N	N	N	Y	conflictive-kraken
GCA_004341035.1	442528	Bacillota	Scopulibacillus	Scopulibacillus darangshiensis	N	N	N	Y	conflictive-kraken
GCA_001313205.1	1302272	Bacillota	Secundilactobacillus	Secundilactobacillus kimchicus	N	N	N	Y	conflictive-kraken
GCA_000260775.1	1122149	Bacillota	Secundilactobacillus	Secundilactobacillus malefermentans	N	N	N	Y	conflictive-kraken
GCA_022048975.1	2910523	Bacillota	Sporosarcina	Sporosarcina cyprini	N	N	N	Y	conflictive-kraken
GCA_002902305.1	1607738	Bacillota	Staphylococcus	Staphylococcus argensis	N	N	N	Y	conflictive-kraken
GCA_002887775.1	1765960	Bacillota	Streptococcus	Streptococcus penaeicida	N	N	N	Y	conflictive-kraken
GCA_000188035.3	875093	Bacillota	Streptococcus	Streptococcus pseudoporcinus	N	N	N	Y	conflictive-kraken
GCA_000686605.1	1123317	Bacillota	Streptococcus	Streptococcus sobrinus	N	N	N	Y	conflictive-kraken
GCA_000157955.1	411471	Bacillota	Subdoligranulum	Subdoligranulum variabile	N	N	N	Y	conflictive-kraken
GCA_900112895.1	1123323	Bacillota	Succiniclasticum	Succiniclasticum ruminis	N	N	N	Y	conflictive-kraken
GCA_000946815.1	499207	Bacillota	Syntrophaceticus	Syntrophaceticus schinkii	N	N	N	Y	conflictive-kraken
GCA_000183545.3	867903	Bacillota	Thermaerobacter	Thermaerobacter subterraneus	N	N	N	Y	conflictive-kraken
GCA_008124715.1	291989	Bacillota	Thermosediminibacter	Thermosediminibacter litoriperuensis	N	N	N	Y	conflictive-kraken
GCA_900067235.1	640938	Bacillota	Trichococcus	Trichococcus ilyis	N	N	N	Y	conflictive-kraken
GCA_003148565.1	378543	Bacillota	Tumebacillus	Tumebacillus permanentifrigoris	N	N	N	Y	conflictive-kraken
GCA_030418165.1	3058421	Bacillota	Ureibacillus	Ureibacillus aquaedulcis	N	N	N	Y	conflictive-kraken
GCA_054053705.1	564710	Bacillota	Vagococcus	Vagococcus acidifermentans	N	N	N	Y	conflictive-kraken
GCA_014174405.1	2755051	Bacillota	Variimorphobacter	Variimorphobacter saccharofermentans	N	N	N	Y	conflictive-kraken
GCA_001310895.1	1236975	Bacillota	Virgibacillus	Virgibacillus halodenitrificans	N	N	N	Y	conflictive-kraken
GCA_000466485.1	411472	Bacillota	Otoolea	[Clostridium] symbiosum	N	N	N	Y	conflictive-kraken
GCA_006346335.1	1382458	Bacteroidota	Aequorivita	Aequorivita sinensis	N	N	N	Y	conflictive-kraken
GCA_039541475.1	1028745	Bacteroidota	Aestuariibaculum	Aestuariibaculum suncheonense	N	N	N	Y	conflictive-kraken
GCA_042656685.1	237017	Bacteroidota	Algoriphagus	Algoriphagus winogradskyi	N	N	N	Y	conflictive-kraken
GCA_000746845.1	1223410	Bacteroidota	Altibacter	Altibacter lentus	N	N	N	Y	conflictive-kraken
GCA_017355875.1	2810307	Bacteroidota	Aridibaculum	Aridibaculum aurantiacum	N	N	N	Y	conflictive-kraken
GCA_003449015.1	1548456	Bacteroidota	Aureibaculum	Aureibaculum luteum	N	N	N	Y	conflictive-kraken
GCA_054654655.1	85831	Bacteroidota	Bacteroides	Bacteroides acidifaciens	N	N	N	Y	conflictive-kraken
GCA_900155865.1	1841855	Bacteroidota	Bacteroides	Bacteroides bouchesdurhonensis	N	N	N	Y	conflictive-kraken
GCA_900130135.1	1917883	Bacteroidota	Bacteroides	Bacteroides togonis	N	N	N	Y	conflictive-kraken
GCA_022549785.1	1730871	Bacteroidota	Belliella	Belliella alkalica	N	N	N	Y	conflictive-kraken
GCA_900110835.1	29529	Bacteroidota	Chitinophaga	Chitinophaga arvensicola	N	N	N	Y	conflictive-kraken
GCA_902167635.1	2593957	Bacteroidota	Chitinophaga	Chitinophaga vietnamensis	N	N	N	Y	conflictive-kraken
GCA_004916905.1	1978493	Bacteroidota	Chryseobacterium	Chryseobacterium candidae	N	N	N	Y	conflictive-kraken
GCA_007991415.1	395937	Bacteroidota	Chryseobacterium	Chryseobacterium rhizosphaerae	N	N	N	Y	conflictive-kraken
GCA_002806995.1	1699412	Bacteroidota	Confluentibacter	Confluentibacter lentus	N	N	N	Y	conflictive-kraken
GCA_000566685.1	1434325	Bacteroidota	Dyadobacter	Dyadobacter tibetensis	N	N	N	Y	conflictive-kraken
GCA_001312525.1	1298597	Bacteroidota	Dysgonomonas	Dysgonomonas hofstadii	N	N	N	Y	conflictive-kraken
GCA_030005555.1	3042610	Bacteroidota	Empedobacter	Empedobacter sedimenti	N	N	N	Y	conflictive-kraken
GCA_030546645.1	3063329	Bacteroidota	Flavitalea	Flavitalea plasmicola	N	N	N	Y	conflictive-kraken
GCA_000757385.1	1453498	Bacteroidota	Flavobacterium	Flavobacterium aquatile	N	N	N	Y	conflictive-kraken
GCA_006539785.1	245	Bacteroidota	Flavobacterium	Flavobacterium aquatile	N	N	N	Y	conflictive-kraken
GCA_027980145.1	2961580	Bacteroidota	Flavobacterium	Flavobacterium azizsancarii	N	N	N	Y	conflictive-kraken
GCA_003202435.1	2212651	Bacteroidota	Flavobacterium	Flavobacterium cheongpyeongense	N	N	N	Y	conflictive-kraken
GCA_000425425.1	1121887	Bacteroidota	Flavobacterium	Flavobacterium daejeonense	N	N	N	Y	conflictive-kraken
GCA_900100165.1	551990	Bacteroidota	Flavobacterium	Flavobacterium glycines	N	N	N	Y	conflictive-kraken
GCA_003865365.1	2488993	Bacteroidota	Flavobacterium	Flavobacterium macacae	N	N	N	Y	conflictive-kraken
GCA_014486675.1	591204	Bacteroidota	Flavobacterium	Flavobacterium macrobrachii	N	N	N	Y	conflictive-kraken
GCA_003097635.1	2169410	Bacteroidota	Flavobacterium	Flavobacterium psychrotolerans	N	N	N	Y	conflictive-kraken
GCA_009741375.1	1038845	Bacteroidota	Flavobacterium	Flavobacterium rakeshii	N	N	N	Y	conflictive-kraken
GCA_017581925.1	2819985	Bacteroidota	Gelidibacter	Gelidibacter pelagius	N	N	N	Y	conflictive-kraken
GCA_900108025.1	493375	Bacteroidota	Halpernia	Halpernia humi	N	N	N	Y	conflictive-kraken
GCA_000185145.2	873533	Bacteroidota	Hoylesella	Hoylesella oralis	N	N	N	Y	conflictive-kraken
GCA_000614005.1	1122992	Bacteroidota	Hoylesella	Hoylesella timonensis	N	N	N	Y	conflictive-kraken
GCA_054653995.1	1122992	Bacteroidota	Hoylesella	Hoylesella timonensis	N	N	N	Y	conflictive-kraken
GCA_004745825.1	2510796	Bacteroidota	Hymenobacter	Hymenobacter fodinae	N	N	N	Y	conflictive-kraken
GCA_002843315.1	1940526	Bacteroidota	Labilibaculum	Labilibaculum filiforme	N	N	N	Y	conflictive-kraken
GCA_007830055.1	510947	Bacteroidota	Lacibacter	Lacibacter cauensis	N	N	N	Y	conflictive-kraken
GCA_003334855.1	2315727	Bacteroidota	Larkinella	Larkinella punicea	N	N	N	Y	conflictive-kraken
GCA_026241225.1	2993939	Bacteroidota	Lentiprolixibacter	Lentiprolixibacter aurantiacus	N	N	N	Y	conflictive-kraken
GCA_010671605.1	472055	Bacteroidota	Leptobacterium	Leptobacterium flavescens	N	N	N	Y	conflictive-kraken
GCA_005885635.1	2578118	Bacteroidota	Maribacter	Maribacter algarum (ex Zhang et al. 2020)	N	N	N	Y	conflictive-kraken
GCA_003933245.1	2498892	Bacteroidota	Maribacter	Maribacter algicola	N	N	N	Y	conflictive-kraken
GCA_003610555.1	1117708	Bacteroidota	Marinifilum	Marinifilum flexuosum	N	N	N	Y	conflictive-kraken
GCA_000330725.2	1239962	Bacteroidota	Mariniradius	Mariniradius saccharolyticus	N	N	N	Y	conflictive-kraken
GCA_030409325.1	1187081	Bacteroidota	Mucilaginibacter	Mucilaginibacter aquaedulcis	N	N	N	Y	conflictive-kraken
GCA_007558865.1	2597670	Bacteroidota	Mucilaginibacter	Mucilaginibacter corticis	N	N	N	Y	conflictive-kraken
GCA_030409405.1	649104	Bacteroidota	Mucilaginibacter	Mucilaginibacter myungsuensis	N	N	N	Y	conflictive-kraken
GCA_008014675.1	2602767	Bacteroidota	Neolewinella	Neolewinella aurantiaca	N	N	N	Y	conflictive-kraken
GCA_000373105.1	1122179	Bacteroidota	Neolewinella	Neolewinella persica	N	N	N	Y	conflictive-kraken
GCA_042649425.1	2821487	Bacteroidota	Niastella	Niastella soli	N	N	N	Y	conflictive-kraken
GCA_022512515.1	1825928	Bacteroidota	Paraniabella	Paraniabella hibiscisoli	N	N	N	Y	conflictive-kraken
GCA_008974325.1	1397112	Bacteroidota	Patiriisocius	Patiriisocius marinus	N	N	N	Y	conflictive-kraken
GCA_900103515.1	34086	Bacteroidota	Pedobacter	Pedobacter antarcticus	N	N	N	Y	conflictive-kraken
GCA_024436415.1	2817382	Bacteroidota	Pedobacter	Pedobacter deserti	N	N	N	Y	conflictive-kraken
GCA_004331695.1	2530453	Bacteroidota	Pedobacter	Pedobacter psychroterrae	N	N	N	Y	conflictive-kraken
GCA_009674685.1	2666136	Bacteroidota	Pedobacter	Pedobacter puniceum	N	N	N	Y	conflictive-kraken
GCA_900564155.1	2201271	Bacteroidota	Pedobacter	Pedobacter schmidteae	N	N	N	Y	conflictive-kraken
GCA_900101435.1	390242	Bacteroidota	Pedobacter	Pedobacter soli	N	N	N	Y	conflictive-kraken
GCA_007993045.1	1564516	Bacteroidota	Phaeodactylibacter	Phaeodactylibacter luteus	N	N	N	Y	conflictive-kraken
GCA_021730445.1	2786956	Bacteroidota	Phocaeicola	Phocaeicola faecalis	N	N	N	Y	conflictive-kraken
GCA_021295095.1	2896850	Bacteroidota	Phocaeicola	Phocaeicola oris	N	N	N	Y	conflictive-kraken
GCA_003284895.1	2080288	Bacteroidota	Pontibacter	Pontibacter arcticus	N	N	N	Y	conflictive-kraken
GCA_006385705.1	2589816	Bacteroidota	Pontibacter	Pontibacter mangrovi	N	N	N	Y	conflictive-kraken
GCA_010015475.1	2562824	Bacteroidota	Pontibacter	Pontibacter pamirensis	N	N	N	Y	conflictive-kraken
GCA_008017455.1	2603253	Bacteroidota	Pontibacter	Pontibacter qinzhouensis	N	N	N	Y	conflictive-kraken
GCA_015694705.1	2791028	Bacteroidota	Pontibacter	Pontibacter rufus	N	N	N	Y	conflictive-kraken
GCA_905249745.1	2811780	Bacteroidota	Porphyromonas	Porphyromonas bobii	N	N	N	Y	conflictive-kraken
GCA_000614325.1	1122974	Bacteroidota	Porphyromonas	Porphyromonas macacae	N	N	N	Y	conflictive-kraken
GCA_000191065.1	888743	Bacteroidota	Prevotella	Prevotella multiformis	N	N	N	Y	conflictive-kraken
GCA_009617855.1	1541063	Bacteroidota	Prolixibacter	Prolixibacter denitrificans	N	N	N	Y	conflictive-kraken
GCA_016786255.1	2785326	Bacteroidota	Robertkochia	Robertkochia sediminum	N	N	N	Y	conflictive-kraken
GCA_001747105.1	1563681	Bacteroidota	Roseivirga	Roseivirga misakiensis	N	N	N	Y	conflictive-kraken
GCA_003721515.1	2487040	Bacteroidota	Rufibacter	Rufibacter latericius	N	N	N	Y	conflictive-kraken
GCA_004361915.1	1086393	Bacteroidota	Sediminibacterium	Sediminibacterium goheungense	N	N	N	Y	conflictive-kraken
GCA_009939225.1	2698829	Bacteroidota	Sediminibacterium	Sediminibacterium soli	N	N	N	Y	conflictive-kraken
GCA_000613505.1	1122989	Bacteroidota	Segatella	Segatella oris	N	N	N	Y	conflictive-kraken
GCA_000377685.1	1122989	Bacteroidota	Segatella	Segatella oris	N	N	N	Y	conflictive-kraken
GCA_007991655.1	670293	Bacteroidota	Segetibacter	Segetibacter aerophilus	N	N	N	Y	conflictive-kraken
GCA_900119185.1	1150368	Bacteroidota	Sinomicrobium	Sinomicrobium oceani	N	N	N	Y	conflictive-kraken
GCA_014518365.1	2842200	Bacteroidota	Sinomicrobium	Sinomicrobium weinanense	N	N	N	Y	conflictive-kraken
GCA_004342685.1	797292	Bacteroidota	Sphingobacterium	Sphingobacterium alimentarium	N	N	N	Y	conflictive-kraken
GCA_042686295.1	1280598	Bacteroidota	Sphingobacterium	Sphingobacterium arenae	N	N	N	Y	conflictive-kraken
GCA_011316935.1	2675553	Bacteroidota	Sphingobacterium	Sphingobacterium chungjuense	N	N	N	Y	conflictive-kraken
GCA_042684445.1	1742264	Bacteroidota	Sphingobacterium	Sphingobacterium chuzhouense	N	N	N	Y	conflictive-kraken
GCA_013167215.1	2737006	Bacteroidota	Sphingobacterium	Sphingobacterium prati	N	N	N	Y	conflictive-kraken
GCA_023196085.1	2937440	Bacteroidota	Spirosoma	Spirosoma liriopis	N	N	N	Y	conflictive-kraken
GCA_003002825.1	1469603	Bacteroidota	Spirosoma	Spirosoma oryzae	N	N	N	Y	conflictive-kraken
GCA_003610735.1	285258	Bacteroidota	Tenacibaculum	Tenacibaculum lutimaris	N	N	N	Y	conflictive-kraken
GCA_004345825.1	186571	Bacteroidota	Tenacibaculum	Tenacibaculum skagerrakense	N	N	N	Y	conflictive-kraken
GCA_013249065.1	1220182	Bacteroidota	Winogradskyella	Winogradskyella litoriviva	N	N	N	Y	conflictive-kraken
GCA_000375425.1	1121930	Balneolota	Gracilimonas	Gracilimonas tropica	N	N	N	Y	conflictive-kraken
GCA_001748245.1	708132	Bdellovibrionota	Oligoflexus	Oligoflexus tunisiensis	N	N	N	Y	conflictive-kraken
GCA_002993025.1	2933790	Campylobacterota	Aliarcobacter	Aliarcobacter cryaerophilus	N	N	N	Y	conflictive-kraken
GCA_003063295.1	1912876	Campylobacterota	Arcobacter	Arcobacter lacus	N	N	N	Y	conflictive-kraken
GCA_000376325.1	1121268	Campylobacterota	Campylobacter	Campylobacter curvus	N	N	N	Y	conflictive-kraken
GCA_905120465.1	2790656	Campylobacterota	Campylobacter	Campylobacter majalis	N	N	N	Y	conflictive-kraken
GCA_046203585.1	1562698	Campylobacterota	Desulfurella	Desulfurella amilsii	N	N	N	Y	conflictive-kraken
GCA_003660265.1	2316080	Campylobacterota	Helicobacter	Helicobacter mehlei	N	N	N	Y	conflictive-kraken
GCA_900450885.1	216	Campylobacterota	Helicobacter	Helicobacter muridarum	N	N	N	Y	conflictive-kraken
GCA_019711685.1	2867412	Campylobacterota	Helicobacter	Helicobacter turcicus	N	N	N	Y	conflictive-kraken
GCA_001293545.1	872965	Chloroflexota	Ardenticatena	Ardenticatena maritima	N	N	N	Y	conflictive-kraken
GCA_001050255.2	229921	Chloroflexota	Levilinea	Levilinea saccharolytica	N	N	N	Y	conflictive-kraken
GCA_017591665.1	2710484	Cyanobacteriota	Aetokthonos	Aetokthonos hydrillicola	N	N	N	Y	conflictive-kraken
GCA_023333585.1	2875782	Cyanobacteriota	Argonema	Argonema antarcticum	N	N	N	Y	conflictive-kraken
GCA_030068455.1	3022442	Cyanobacteriota	Roseofilum	Roseofilum casamattae	N	N	N	Y	conflictive-kraken
GCA_015207365.1	1828880	Cyanobacteriota	Vacuolonema	Vacuolonema iberomarrocanum	N	N	N	Y	conflictive-kraken
GCA_002252705.1	2025607	Cyanobacteriota	Vulcanococcus	Vulcanococcus limneticus	N	N	N	Y	conflictive-kraken
GCA_000701425.1	1121380	Deinococcota	Deinococcus	Deinococcus frigens	N	N	N	Y	conflictive-kraken
GCA_000478785.1	1403343	Deinococcota	Deinococcus	Deinococcus wulumuqiensis	N	N	N	Y	conflictive-kraken
GCA_900102145.1	482827	Deinococcota	Thermus	Thermus arciformis	N	N	N	Y	conflictive-kraken
GCA_900095285.1	1755100	Fusobacteriota	Fusobacterium	Fusobacterium gastrosuis	N	N	N	Y	conflictive-kraken
GCA_029210465.1	3032292	Ignavibacteriota	Stygiobacter	Stygiobacter electus	N	N	N	Y	conflictive-kraken
GCA_024464185.1	1198298	Methanobacteriota	Haloarchaeobius	Haloarchaeobius salinus	N	N	N	Y	conflictive-kraken
GCA_004681185.1	2562280	Methanobacteriota	Haloarcula	Haloarcula amylovorans	N	N	N	Y	conflictive-kraken
GCA_010119205.1	1429915	Methanobacteriota	Haloarcula	Haloarcula limicola	N	N	N	Y	conflictive-kraken
GCA_031624315.1	2950533	Methanobacteriota	Haloarcula	Haloarcula terrestris	N	N	N	Y	conflictive-kraken
GCA_009831555.1	2692200	Methanobacteriota	Halobacterium	Halobacterium bonnevillei	N	N	N	Y	conflictive-kraken
GCA_042677905.1	1126237	Methanobacteriota	Halobellus	Halobellus rarus	N	N	N	Y	conflictive-kraken
GCA_900182765.1	931585	Methanobacteriota	Halobellus	Halobellus salinus	N	N	N	Y	conflictive-kraken
GCA_900114455.1	553466	Methanobacteriota	Halogranum	Halogranum rubrum	N	N	N	Y	conflictive-kraken
GCA_042657525.1	1126240	Methanobacteriota	Halorubrum	Halorubrum rubrum	N	N	N	Y	conflictive-kraken
GCA_026242195.1	2487751	Methanobacteriota	Halorutilus	Halorutilus salinus	N	N	N	Y	conflictive-kraken
GCA_004015825.1	2500550	Methanobacteriota	Halovenus	Halovenus amylolytica	N	N	N	Y	conflictive-kraken
GCA_024170505.1	768730	Methanobacteriota	Methanocalculus	Methanocalculus alkaliphilus	N	N	N	Y	conflictive-kraken
GCA_001571385.1	488124	Methanobacteriota	Methanofollis	Methanofollis ethanolicus	N	N	N	Y	conflictive-kraken
GCA_004297185.1	2052832	Methanobacteriota	Methanofollis	Methanofollis fontis	N	N	N	Y	conflictive-kraken
GCA_001315945.1	1293041	Methanobacteriota	Methanogenium	Methanogenium cariaci	N	N	N	Y	conflictive-kraken
GCA_028912405.1	348610	Methanobacteriota	Methanogenium	Methanogenium marinum	N	N	N	Y	conflictive-kraken
GCA_017874375.1	1431282	Methanobacteriota	Methanohalophilus	Methanohalophilus levihalophilus	N	N	N	Y	conflictive-kraken
GCA_000243455.2	647171	Methanobacteriota	Methanotorris	Methanotorris formicicus	N	N	N	Y	conflictive-kraken
GCA_900110455.1	1202768	Methanobacteriota	Natrinema	Natrinema salifodinae	N	N	N	Y	conflictive-kraken
GCA_900444665.1	35623	Mycoplasmatota	Acholeplasma	Acholeplasma oculi	N	N	N	Y	conflictive-kraken
GCA_000526855.1	1399796	Mycoplasmatota	Williamsoniiplasma	Williamsoniiplasma luminosum	N	N	N	Y	conflictive-kraken
GCA_006385795.1	92403	Mycoplasmatota	Metamycoplasma	[Mycoplasma] falconis	N	N	N	Y	conflictive-kraken
GCA_010894455.1	2709661	Myxococcota	Myxococcus	Myxococcus eversor	N	N	N	Y	conflictive-kraken
GCA_007859815.1	2528000	Planctomycetota	Botrimarina	Botrimarina hoheduenensis	N	N	N	Y	conflictive-kraken
GCA_007859715.1	2527969	Planctomycetota	Rubinisphaera	Rubinisphaera italica	N	N	N	Y	conflictive-kraken
GCA_025996195.1	1307903	Pseudomonadota	Acetobacter	Acetobacter cerevisiae	N	N	N	Y	conflictive-kraken
GCA_025995655.1	1307910	Pseudomonadota	Acetobacter	Acetobacter malorum	N	N	N	Y	conflictive-kraken
GCA_017377715.1	2661687	Pseudomonadota	Acetobacter	Acetobacter sacchari	N	N	N	Y	conflictive-kraken
GCA_025995395.1	1307919	Pseudomonadota	Acetobacter	Acetobacter syzygii	N	N	N	Y	conflictive-kraken
GCA_000754095.2	160660	Pseudomonadota	Acidihalobacter	Acidihalobacter prosperus	N	N	N	Y	conflictive-kraken
GCA_002847505.1	187490	Pseudomonadota	Acidithiobacillus	Acidithiobacillus marinus	N	N	N	Y	conflictive-kraken
GCA_000367925.1	1217715	Pseudomonadota	Acinetobacter	Acinetobacter bohemicus	N	N	N	Y	conflictive-kraken
GCA_000430225.1	1217666	Pseudomonadota	Acinetobacter	Acinetobacter junii	N	N	N	Y	conflictive-kraken
GCA_000368025.1	981333	Pseudomonadota	Acinetobacter	Acinetobacter parvus	N	N	N	Y	conflictive-kraken
GCA_000819805.1	1268237	Pseudomonadota	Aeromonas	Aeromonas diversa	N	N	N	Y	conflictive-kraken
GCA_000429505.1	1120970	Pseudomonadota	Aliagarivorans	Aliagarivorans taiwanensis	N	N	N	Y	conflictive-kraken
GCA_007004765.1	1712262	Pseudomonadota	Aliikangiella	Aliikangiella marina	N	N	N	Y	conflictive-kraken
GCA_018599245.1	1924933	Pseudomonadota	Aliiroseovarius	Aliiroseovarius lamellibrachiae	N	N	N	Y	conflictive-kraken
GCA_004360145.1	2500159	Pseudomonadota	Aliiroseovarius	Aliiroseovarius marinus	N	N	N	Y	conflictive-kraken
GCA_900302485.1	1639690	Pseudomonadota	Aliiroseovarius	Aliiroseovarius pelagivivens	N	N	N	Y	conflictive-kraken
GCA_002954715.1	566293	Pseudomonadota	Aliivibrio	Aliivibrio sifiae	N	N	N	Y	conflictive-kraken
GCA_012911815.1	2720613	Pseudomonadota	Alteromonas	Alteromonas ponticola	N	N	N	Y	conflictive-kraken
GCA_014195655.1	217068	Pseudomonadota	Ancylobacter	Ancylobacter tetraedralis	N	N	N	Y	conflictive-kraken
GCA_029222965.1	3032591	Pseudomonadota	Aquibaculum	Aquibaculum arenosum	N	N	N	Y	conflictive-kraken
GCA_003994485.1	1783274	Pseudomonadota	Arsenicitalea	Arsenicitalea aurantiaca	N	N	N	Y	conflictive-kraken
GCA_003605195.1	1155476	Pseudomonadota	Aurantiacibacter	Aurantiacibacter odishensis	N	N	N	Y	conflictive-kraken
GCA_009807005.1	2691582	Pseudomonadota	Aurantiacibacter	Aurantiacibacter rhizosphaerae	N	N	N	Y	conflictive-kraken
GCA_000278315.1	1094555	Pseudomonadota	Bartonella	Bartonella elizabethae	N	N	N	Y	conflictive-kraken
GCA_902825125.1	1134510	Pseudomonadota	Bartonella	Bartonella koehlerae	N	N	N	Y	conflictive-kraken
GCA_000706645.1	685782	Pseudomonadota	Bartonella	Bartonella rochalimae	N	N	N	Y	conflictive-kraken
GCA_900104485.1	665467	Pseudomonadota	Bauldia	Bauldia litoralis	N	N	N	Y	conflictive-kraken
GCA_016031635.1	2755406	Pseudomonadota	Bradyrhizobium	Bradyrhizobium diversitatis	N	N	N	Y	conflictive-kraken
GCA_004570865.1	2560054	Pseudomonadota	Bradyrhizobium	Bradyrhizobium frederickii	N	N	N	Y	conflictive-kraken
GCA_001982635.1	1904807	Pseudomonadota	Bradyrhizobium	Bradyrhizobium mercantei	N	N	N	Y	conflictive-kraken
GCA_001641695.1	1497615	Pseudomonadota	Bradyrhizobium	Bradyrhizobium neotropicale	N	N	N	Y	conflictive-kraken
GCA_042653665.1	2911009	Pseudomonadota	Bradyrhizobium	Bradyrhizobium zhengyangense	N	N	N	Y	conflictive-kraken
GCA_012932875.1	714314	Pseudomonadota	Brenneria	Brenneria salicis	N	N	N	Y	conflictive-kraken
GCA_003053845.1	665038	Pseudomonadota	Breoghania	Breoghania corrubedonensis	N	N	N	Y	conflictive-kraken
GCA_003704105.1	2293980	Pseudomonadota	Brevundimonas	Brevundimonas lutea	N	N	N	Y	conflictive-kraken
GCA_014199265.1	659015	Pseudomonadota	Brucella	Brucella daejeonensis	N	N	N	Y	conflictive-kraken
GCA_001544975.2	1777142	Pseudomonadota	Caballeronia	Caballeronia arationis	N	N	N	Y	conflictive-kraken
GCA_042685445.1	659006	Pseudomonadota	Camelimonas	Camelimonas lactis	N	N	N	Y	conflictive-kraken
GCA_014652535.1	1237077	Pseudomonadota	Cellvibrio	Cellvibrio zantedeschiae	N	N	N	Y	conflictive-kraken
GCA_900188265.1	418630	Pseudomonadota	Cereibacter	Cereibacter sphaeroides	N	N	N	Y	conflictive-kraken
GCA_011317445.1	449973	Pseudomonadota	Chelativorans	Chelativorans multitrophicus	N	N	N	Y	conflictive-kraken
GCA_030067675.1	3047466	Pseudomonadota	Chelatococcus	Chelatococcus albus	N	N	N	Y	conflictive-kraken
GCA_039523695.1	634765	Pseudomonadota	Cocleimonas	Cocleimonas flava	N	N	N	Y	conflictive-kraken
GCA_014652095.1	543356	Pseudomonadota	Cognatilysobacter	Cognatilysobacter bugurensis	N	N	N	Y	conflictive-kraken
GCA_001592265.1	1349763	Pseudomonadota	Curvibacter	Curvibacter delicatus	N	N	N	Y	conflictive-kraken
GCA_029211125.1	3031331	Pseudomonadota	Curvibacter	Curvibacter soli	N	N	N	Y	conflictive-kraken
GCA_020531905.1	2875502	Pseudomonadota	Deefgea	Deefgea salmonis	N	N	N	Y	conflictive-kraken
GCA_001571325.1	1220577	Pseudomonadota	Delftia	Delftia tsuruhatensis	N	N	N	Y	conflictive-kraken
GCA_000970465.2	1116389	Pseudomonadota	Devosia	Devosia insulae	N	N	N	Y	conflictive-kraken
GCA_009857445.1	2692175	Pseudomonadota	Duganella	Duganella flavida	N	N	N	Y	conflictive-kraken
GCA_009857605.1	2692169	Pseudomonadota	Duganella	Duganella levis	N	N	N	Y	conflictive-kraken
GCA_014192375.1	1181271	Pseudomonadota	Endobacter	Endobacter medicaginis	N	N	N	Y	conflictive-kraken
GCA_003363015.1	1487935	Pseudomonadota	Enterobacillus	Enterobacillus tribolii	N	N	N	Y	conflictive-kraken
GCA_000770305.1	796334	Pseudomonadota	Erwinia	Erwinia oleae	N	N	N	Y	conflictive-kraken
GCA_019204025.1	2827235	Pseudomonadota	Erythrobacter	Erythrobacter ani	N	N	N	Y	conflictive-kraken
GCA_000422985.1	1122970	Pseudomonadota	Erythrobacter	Erythrobacter cryptus	N	N	N	Y	conflictive-kraken
GCA_019029495.1	2801474	Pseudomonadota	Falsiroseomonas	Falsiroseomonas oleicola	N	N	N	Y	conflictive-kraken
GCA_900302455.1	1200281	Pseudomonadota	Falsiruegeria	Falsiruegeria mediterranea	N	N	N	Y	conflictive-kraken
GCA_900129905.1	299255	Pseudomonadota	Ferrimonas	Ferrimonas marina	N	N	N	Y	conflictive-kraken
GCA_009881095.1	1465486	Pseudomonadota	Frigidibacter	Frigidibacter albus	N	N	N	Y	conflictive-kraken
GCA_000429765.1	1121271	Pseudomonadota	Gemmobacter	Gemmobacter nectariphilus	N	N	N	Y	conflictive-kraken
GCA_900111115.1	180197	Pseudomonadota	Giesbergeria	Giesbergeria anulus	N	N	N	Y	conflictive-kraken
GCA_014174275.1	1286190	Pseudomonadota	Gluconacetobacter	Gluconacetobacter takamatsuzukensis	N	N	N	Y	conflictive-kraken
GCA_007988905.1	1307948	Pseudomonadota	Gluconobacter	Gluconobacter kanchanaburiensis	N	N	N	Y	conflictive-kraken
GCA_000234355.2	1088869	Pseudomonadota	Gluconobacter	Gluconobacter morbifer	N	N	N	Y	conflictive-kraken
GCA_025995085.1	1307950	Pseudomonadota	Gluconobacter	Gluconobacter roseus	N	N	N	Y	conflictive-kraken
GCA_000964465.1	1231357	Pseudomonadota	Gluconobacter	Gluconobacter thailandicus	N	N	N	Y	conflictive-kraken
GCA_009902005.1	147248	Pseudomonadota	Halomonas	Halomonas alimentaria	N	N	N	Y	conflictive-kraken
GCA_900114765.1	254161	Pseudomonadota	Halopseudomonas	Halopseudomonas pachastrellae	N	N	N	Y	conflictive-kraken
GCA_004364635.1	332522	Pseudomonadota	Halospina	Halospina denitrificans	N	N	N	Y	conflictive-kraken
GCA_014196425.1	1133344	Pseudomonadota	Hansschlegelia	Hansschlegelia beijingensis	N	N	N	Y	conflictive-kraken
GCA_001591225.1	1223495	Pseudomonadota	Herbaspirillum	Herbaspirillum rubrisubalbicans	N	N	N	Y	conflictive-kraken
GCA_042655505.1	735519	Pseudomonadota	Heterorhizobium	Heterorhizobium halophytocola	N	N	N	Y	conflictive-kraken
GCA_019049855.1	2820326	Pseudomonadota	Hydrogenophilus	Hydrogenophilus thiooxidans	N	N	N	Y	conflictive-kraken
GCA_003226255.1	263723	Pseudomonadota	Idiomarina	Idiomarina fontislapidosi	N	N	N	Y	conflictive-kraken
GCA_033052755.1	3070813	Pseudomonadota	Idiomarina	Idiomarina solivarensis	N	N	N	Y	conflictive-kraken
GCA_014652035.1	472582	Pseudomonadota	Ignatzschineria	Ignatzschineria ureiclastica	N	N	N	Y	conflictive-kraken
GCA_004004565.1	2499851	Pseudomonadota	Inhella	Inhella crocodyli	N	N	N	Y	conflictive-kraken
GCA_001677885.1	1747903	Pseudomonadota	Janthinobacterium	Janthinobacterium psychrotolerans	N	N	N	Y	conflictive-kraken
GCA_026343855.1	2994654	Pseudomonadota	Kaistia	Kaistia nematophila	N	N	N	Y	conflictive-kraken
GCA_016623605.1	2796361	Pseudomonadota	Kingella	Kingella bonacorsii	N	N	N	Y	conflictive-kraken
GCA_000964425.1	1231353	Pseudomonadota	Komagataeibacter	Komagataeibacter intermedius	N	N	N	Y	conflictive-kraken
GCA_003403295.1	2766577	Pseudomonadota	Komagataeibacter	Komagataeibacter melaceti	N	N	N	Y	conflictive-kraken
GCA_042433165.1	504092	Pseudomonadota	Kushneria	Kushneria aurantia	N	N	N	Y	conflictive-kraken
GCA_020564625.1	2884804	Pseudomonadota	Leeia	Leeia speluncae	N	N	N	Y	conflictive-kraken
GCA_900452395.1	91822	Pseudomonadota	Legionella	Legionella beliardensis	N	N	N	Y	conflictive-kraken
GCA_001467505.1	28083	Pseudomonadota	Legionella	Legionella birminghamensis	N	N	N	Y	conflictive-kraken
GCA_900640135.1	447	Pseudomonadota	Legionella	Legionella bozemanae	N	N	N	Y	conflictive-kraken
GCA_001648595.1	447	Pseudomonadota	Legionella	Legionella bozemanae	N	N	N	Y	conflictive-kraken
GCA_001467585.1	1212489	Pseudomonadota	Legionella	Legionella drozanskii	N	N	N	Y	conflictive-kraken
GCA_900101805.1	1122162	Pseudomonadota	Legionella	Legionella israelensis	N	N	N	Y	conflictive-kraken
GCA_001467975.1	45073	Pseudomonadota	Legionella	Legionella quinlivanii	N	N	N	Y	conflictive-kraken
GCA_900100655.1	1082479	Pseudomonadota	Limimonas	Limimonas halophila	N	N	N	Y	conflictive-kraken
GCA_005871185.1	2570352	Pseudomonadota	Limnobacter	Limnobacter alexandrii	N	N	N	Y	conflictive-kraken
GCA_014837235.1	2771427	Pseudomonadota	Limnohabitans	Limnohabitans radicicola	N	N	N	Y	conflictive-kraken
GCA_025989185.1	2991712	Pseudomonadota	Limobrevibacterium	Limobrevibacterium gyesilva	N	N	N	Y	conflictive-kraken
GCA_900107015.1	670155	Pseudomonadota	Litoreibacter	Litoreibacter albidus	N	N	N	Y	conflictive-kraken
GCA_900111945.1	670154	Pseudomonadota	Litoreibacter	Litoreibacter janthinus	N	N	N	Y	conflictive-kraken
GCA_001482195.1	1247514	Pseudomonadota	Luteimonas	Luteimonas abyssi	N	N	N	Y	conflictive-kraken
GCA_023703375.1	2945989	Pseudomonadota	Lutimaribacter	Lutimaribacter degradans	N	N	N	Y	conflictive-kraken
GCA_002837145.1	1843082	Pseudomonadota	Macromonas	Macromonas nakdongensis	N	N	N	Y	conflictive-kraken
GCA_900184945.1	1673631	Pseudomonadota	Maliponia	Maliponia aquimaris	N	N	N	Y	conflictive-kraken
GCA_006385675.1	2589817	Pseudomonadota	Maribrevibacterium	Maribrevibacterium harenarium	N	N	N	Y	conflictive-kraken
GCA_030848945.1	1795305	Pseudomonadota	Marimonas	Marimonas arenosa	N	N	N	Y	conflictive-kraken
GCA_002210095.1	1679460	Pseudomonadota	Marinibacterium	Marinibacterium profundimaris	N	N	N	Y	conflictive-kraken
GCA_002000055.1	1792834	Pseudomonadota	Marinicella	Marinicella sediminis	N	N	N	Y	conflictive-kraken
GCA_000423345.1	1122194	Pseudomonadota	Marinimicrobium	Marinimicrobium agarilyticum	N	N	N	Y	conflictive-kraken
GCA_900115285.1	650891	Pseudomonadota	Marinobacter	Marinobacter daqiaonensis	N	N	N	Y	conflictive-kraken
GCA_000397065.2	1318628	Pseudomonadota	Marinobacter	Marinobacter lipolyticus	N	N	N	Y	conflictive-kraken
GCA_014652295.1	930118	Pseudomonadota	Marinobacter	Marinobacter persicus	N	N	N	Y	conflictive-kraken
GCA_003314975.1	491951	Pseudomonadota	Marinomonas	Marinomonas aquiplantarum	N	N	N	Y	conflictive-kraken
GCA_004363305.1	28254	Pseudomonadota	Marinomonas	Marinomonas communis	N	N	N	Y	conflictive-kraken
GCA_000422325.1	1122212	Pseudomonadota	Marinospirillum	Marinospirillum minutulum	N	N	N	Y	conflictive-kraken
GCA_900129565.1	634436	Pseudomonadota	Marisediminitalea	Marisediminitalea aggregata	N	N	N	Y	conflictive-kraken
GCA_002115725.1	505252	Pseudomonadota	Marivita	Marivita cryptomonadis	N	N	N	Y	conflictive-kraken
GCA_900102905.1	990712	Pseudomonadota	Meinhardsimonia	Meinhardsimonia xiamenensis	N	N	N	Y	conflictive-kraken
GCA_004358675.1	2552766	Pseudomonadota	Meridianimarinicoccus	Meridianimarinicoccus aquatilis	N	N	N	Y	conflictive-kraken
GCA_004011175.1	2486419	Pseudomonadota	Mesobaculum	Mesobaculum littorinae	N	N	N	Y	conflictive-kraken
GCA_003574465.1	1697972	Pseudomonadota	Methylobacterium	Methylobacterium crusticola	N	N	N	Y	conflictive-kraken
GCA_900103445.1	582672	Pseudomonadota	Methylobacterium	Methylobacterium phyllostachyos	N	N	N	Y	conflictive-kraken
GCA_008806345.1	2615211	Pseudomonadota	Methylobacterium	Methylobacterium planeticum	N	N	N	Y	conflictive-kraken
GCA_023895975.1	2926617	Pseudomonadota	Microbulbifer	Microbulbifer okhotskensis	N	N	N	Y	conflictive-kraken
GCA_009830105.1	1128670	Pseudomonadota	Microvirga	Microvirga makkahensis	N	N	N	Y	conflictive-kraken
GCA_014636195.1	508461	Pseudomonadota	Neiella	Neiella marina	N	N	N	Y	conflictive-kraken
GCA_030362855.1	3055817	Pseudomonadota	Neoalteromonas	Neoalteromonas arenosi	N	N	N	Y	conflictive-kraken
GCA_002807665.1	2048004	Pseudomonadota	Neoalteromonas	Neoalteromonas facilis	N	N	N	Y	conflictive-kraken
GCA_004053875.1	2503024	Pseudomonadota	Neorhizobium	Neorhizobium lilium	N	N	N	Y	conflictive-kraken
GCA_003970805.2	2495591	Pseudomonadota	Neoundibacterium	Neoundibacterium piscinae	N	N	N	Y	conflictive-kraken
GCA_900114125.1	1122600	Pseudomonadota	Nereida	Nereida ignava	N	N	N	Y	conflictive-kraken
GCA_000420645.1	1122603	Pseudomonadota	Nevskia	Nevskia ramosa	N	N	N	Y	conflictive-kraken
GCA_004345745.1	271160	Pseudomonadota	Nicoletella	Nicoletella semolina	N	N	N	Y	conflictive-kraken
GCA_014904705.1	2775867	Pseudomonadota	Nisaea	Nisaea sediminum	N	N	N	Y	conflictive-kraken
GCA_015352955.1	1064518	Pseudomonadota	Noviherbaspirillum	Noviherbaspirillum soli	N	N	N	Y	conflictive-kraken
GCA_022832375.1	2930389	Pseudomonadota	Novosphingobium	Novosphingobium beihaiense	N	N	N	Y	conflictive-kraken
GCA_000802225.1	1348853	Pseudomonadota	Novosphingobium	Novosphingobium malaysiense	N	N	N	Y	conflictive-kraken
GCA_002148795.1	1909734	Pseudomonadota	Oceanibaculum	Oceanibaculum nanhaiense	N	N	N	Y	conflictive-kraken
GCA_000153305.1	314256	Pseudomonadota	Oceanicola	Oceanicola granulosus	N	N	N	Y	conflictive-kraken
GCA_014652055.1	641510	Pseudomonadota	Oceanisphaera	Oceanisphaera arctica	N	N	N	Y	conflictive-kraken
GCA_016907015.1	225144	Pseudomonadota	Oceanisphaera	Oceanisphaera litoralis	N	N	N	Y	conflictive-kraken
GCA_002059185.1	64969	Pseudomonadota	Oceanospirillum	Oceanospirillum multiglobuliferum	N	N	N	Y	conflictive-kraken
GCA_900116825.1	343013	Pseudomonadota	Paenacidovorax	Paenacidovorax caeni	N	N	N	Y	conflictive-kraken
GCA_030160435.1	1118451	Pseudomonadota	Paenirhizobium	Paenirhizobium naphthalenivorans	N	N	N	Y	conflictive-kraken
GCA_900110115.1	387096	Pseudomonadota	Palleronia	Palleronia pelagia	N	N	N	Y	conflictive-kraken
GCA_001598475.1	1220570	Pseudomonadota	Pantoea	Pantoea agglomerans	N	N	N	Y	conflictive-kraken
GCA_000472525.1	948106	Pseudomonadota	Paraburkholderia	Paraburkholderia dilworthii	N	N	N	Y	conflictive-kraken
GCA_902859805.1	458836	Pseudomonadota	Paraburkholderia	Paraburkholderia sediminicola	N	N	N	Y	conflictive-kraken
GCA_042434195.1	624376	Pseudomonadota	Paraburkholderia	Paraburkholderia solisilvae	N	N	N	Y	conflictive-kraken
GCA_022213065.1	2913261	Pseudomonadota	Paraburkholderia	Paraburkholderia tagetis	N	N	N	Y	conflictive-kraken
GCA_003269065.1	78229	Pseudomonadota	Paracidovorax	Paracidovorax anthurii	N	N	N	Y	conflictive-kraken
GCA_004923205.2	1966466	Pseudomonadota	Paracoccus	Paracoccus aeridis	N	N	N	Y	conflictive-kraken
GCA_014656455.1	1915382	Pseudomonadota	Paracoccus	Paracoccus aerius	N	N	N	Y	conflictive-kraken
GCA_030732095.1	3064387	Pseudomonadota	Paracoccus	Paracoccus spongiarum	N	N	N	Y	conflictive-kraken
GCA_000342045.1	1244869	Pseudomonadota	Paramagnetospirillum	Paramagnetospirillum caucaseum	N	N	N	Y	conflictive-kraken
GCA_014202705.1	380911	Pseudomonadota	Parapusillimonas	Parapusillimonas granuli	N	N	N	Y	conflictive-kraken
GCA_900176075.1	1122938	Pseudomonadota	Pasteurella	Pasteurella testudinis	N	N	N	Y	conflictive-kraken
GCA_013133795.1	1631957	Pseudomonadota	Pelistega	Pelistega suis	N	N	N	Y	conflictive-kraken
GCA_008014345.1	2602750	Pseudomonadota	Pelomicrobium	Pelomicrobium methylotrophicum	N	N	N	Y	conflictive-kraken
GCA_006443685.1	2589807	Pseudomonadota	Peteryoungia	Peteryoungia glycinendophytica	N	N	N	Y	conflictive-kraken
GCA_001676085.1	512643	Pseudomonadota	Photobacterium	Photobacterium aquimaris	N	N	N	Y	conflictive-kraken
GCA_004104355.1	2485123	Pseudomonadota	Photobacterium	Photobacterium chitinilyticum	N	N	N	Y	conflictive-kraken
GCA_003026355.1	318456	Pseudomonadota	Photobacterium	Photobacterium kishitanii	N	N	N	Y	conflictive-kraken
GCA_003046185.1	1122261	Pseudomonadota	Phreatobacter	Phreatobacter oligotrophus	N	N	N	Y	conflictive-kraken
GCA_003254185.1	696762	Pseudomonadota	Planktotalea	Planktotalea frisia	N	N	N	Y	conflictive-kraken
GCA_018129085.1	2687306	Pseudomonadota	Plastoroseomonas	Plastoroseomonas hellenica	N	N	N	Y	conflictive-kraken
GCA_033446725.1	3085630	Pseudomonadota	Polaromonas	Polaromonas potterensis	N	N	N	Y	conflictive-kraken
GCA_000423165.1	1122124	Pseudomonadota	Pseudidiomarina	Pseudidiomarina sediminum	N	N	N	Y	conflictive-kraken
GCA_001418345.1	1381080	Pseudomonadota	Pseudidiomarina	Pseudidiomarina woesei	N	N	N	Y	conflictive-kraken
GCA_000382005.1	1279016	Pseudomonadota	Pseudoalteromonas	Pseudoalteromonas piscicida	N	N	N	Y	conflictive-kraken
GCA_002866825.1	1737061	Pseudomonadota	Pseudohalioglobus	Pseudohalioglobus lutimaris	N	N	N	Y	conflictive-kraken
GCA_002234375.1	1793966	Pseudomonadota	Pseudomonas	Pseudomonas fluvialis	N	N	N	Y	conflictive-kraken
GCA_009659625.1	2600065	Pseudomonadota	Pseudomonas	Pseudomonas haemolytica	N	N	N	Y	conflictive-kraken
GCA_009296165.1	2607908	Pseudomonadota	Pseudomonas	Pseudomonas kitaguniensis	N	N	N	Y	conflictive-kraken
GCA_900109175.1	915471	Pseudomonadota	Pseudomonas	Pseudomonas linyingensis	N	N	N	Y	conflictive-kraken
GCA_003700725.1	97473	Pseudomonadota	Pseudomonas	Pseudomonas marginalis	N	N	N	Y	conflictive-kraken
GCA_020831405.1	2892443	Pseudomonadota	Pseudomonas	Pseudomonas oryzagri	N	N	N	Y	conflictive-kraken
GCA_024448495.1	1176259	Pseudomonadota	Pseudomonas	Pseudomonas songnenensis	N	N	N	Y	conflictive-kraken
GCA_002091795.1	1215118	Pseudomonadota	Pseudomonas	Pseudomonas synxantha	N	N	N	Y	conflictive-kraken
GCA_001202025.1	687412	Pseudomonadota	Pseudorhodobacter	Pseudorhodobacter aquimaris	N	N	N	Y	conflictive-kraken
GCA_001431405.1	344882	Pseudomonadota	Pseudoxanthomonas	Pseudoxanthomonas dokdonensis	N	N	N	Y	conflictive-kraken
GCA_904846325.1	147825	Pseudomonadota	Psychrobacter	Psychrobacter proteolyticus	N	N	N	Y	conflictive-kraken
GCA_003096595.1	305977	Pseudomonadota	Pusillimonas	Pusillimonas noertemannii	N	N	N	Y	conflictive-kraken
GCA_054776695.1	2039631	Pseudomonadota	Ramlibacter	Ramlibacter alkalitolerans	N	N	N	Y	conflictive-kraken
GCA_017873135.1	508661	Pseudomonadota	Rhizobium	Rhizobium herbae	N	N	N	Y	conflictive-kraken
GCA_023757665.1	1368417	Pseudomonadota	Rhizobium	Rhizobium skierniewicense	N	N	N	Y	conflictive-kraken
GCA_000264315.1	1163408	Pseudomonadota	Rhodanobacter	Rhodanobacter fulvus	N	N	N	Y	conflictive-kraken
GCA_000264375.1	1163409	Pseudomonadota	Rhodanobacter	Rhodanobacter thiooxydans	N	N	N	Y	conflictive-kraken
GCA_003217355.1	1054202	Pseudomonadota	Rhodobacter	Rhodobacter viridis	N	N	N	Y	conflictive-kraken
GCA_030813915.1	200616	Pseudomonadota	Rhodoplanes	Rhodoplanes tepidamans	N	N	N	Y	conflictive-kraken
GCA_016583705.1	35804	Pseudomonadota	Rhodovulum	Rhodovulum adriaticum	N	N	N	Y	conflictive-kraken
GCA_000261325.1	140892	Pseudomonadota	Rickettsia	Rickettsia conorii	N	N	N	Y	conflictive-kraken
GCA_004362525.1	270368	Pseudomonadota	Roseateles	Roseateles toxinivorans	N	N	N	Y	conflictive-kraken
GCA_004366635.1	1188254	Pseudomonadota	Roseinatronobacter	Roseinatronobacter bogoriensis	N	N	N	Y	conflictive-kraken
GCA_025755255.1	2931391	Pseudomonadota	Roseobacter	Roseobacter sinensis	N	N	N	Y	conflictive-kraken
GCA_017311575.1	35813	Pseudomonadota	Roseococcus	Roseococcus thiosulfatophilus	N	N	N	Y	conflictive-kraken
GCA_000518625.1	1336208	Pseudomonadota	Roseomonas	Roseomonas gilardii	N	N	N	Y	conflictive-kraken
GCA_900115165.1	1005928	Pseudomonadota	Roseovarius	Roseovarius lutimaris	N	N	N	Y	conflictive-kraken
GCA_026891095.1	2978479	Pseudomonadota	Roseovarius	Roseovarius salincola	N	N	N	Y	conflictive-kraken
GCA_000425365.1	1123072	Pseudomonadota	Rubritepida	Rubritepida flocculans	N	N	N	Y	conflictive-kraken
GCA_900182615.1	686389	Pseudomonadota	Ruegeria	Ruegeria faecimaris	N	N	N	Y	conflictive-kraken
GCA_008386575.1	1638099	Pseudomonadota	Salinarimonas	Salinarimonas soli	N	N	N	Y	conflictive-kraken
GCA_003206135.1	430457	Pseudomonadota	Salinicola	Salinicola salarius	N	N	N	Y	conflictive-kraken
GCA_022014495.1	2913411	Pseudomonadota	Sandaracinobacteroides	Sandaracinobacteroides sayramensis	N	N	N	Y	conflictive-kraken
GCA_009866805.1	2511204	Pseudomonadota	Schauerella	Schauerella aestuarii	N	N	N	Y	conflictive-kraken
GCA_030164465.1	3050037	Pseudomonadota	Sedimentitalea	Sedimentitalea xiamensis	N	N	N	Y	conflictive-kraken
GCA_014077625.1	2758564	Pseudomonadota	Sediminihaliea	Sediminihaliea albiluteola	N	N	N	Y	conflictive-kraken
GCA_009600605.1	2608987	Pseudomonadota	Segnochrobactrum	Segnochrobactrum spirostomi	N	N	N	Y	conflictive-kraken
GCA_003457605.1	2283635	Pseudomonadota	Seongchinamella	Seongchinamella sediminis	N	N	N	Y	conflictive-kraken
GCA_000163595.1	667129	Pseudomonadota	Serratia	Serratia odorifera	N	N	N	Y	conflictive-kraken
GCA_023284025.1	311789	Pseudomonadota	Shewanella	Shewanella abyssi	N	N	N	Y	conflictive-kraken
GCA_001598875.1	1236544	Pseudomonadota	Shewanella	Shewanella algae	N	N	N	Y	conflictive-kraken
GCA_023349145.1	552357	Pseudomonadota	Shewanella	Shewanella fodinae	N	N	N	Y	conflictive-kraken
GCA_023283645.1	1642821	Pseudomonadota	Shewanella	Shewanella gelidii	N	N	N	Y	conflictive-kraken
GCA_018596335.1	2837387	Pseudomonadota	Shewanella	Shewanella jiangmenensis	N	N	N	Y	conflictive-kraken
GCA_014648335.1	2282700	Pseudomonadota	Shewanella	Shewanella litoralis	N	N	N	Y	conflictive-kraken
GCA_039540075.1	323621	Pseudomonadota	Shinella	Shinella granuli	N	N	N	Y	conflictive-kraken
GCA_030159835.1	349750	Pseudomonadota	Sneathiella	Sneathiella chinensis	N	N	N	Y	conflictive-kraken
GCA_011067135.1	1396819	Pseudomonadota	Solimonas	Solimonas terrae	N	N	N	Y	conflictive-kraken
GCA_042648165.1	1404341	Pseudomonadota	Sphingobium	Sphingobium scionense	N	N	N	Y	conflictive-kraken
GCA_022865105.1	1227949	Pseudomonadota	Sphingomicrobium	Sphingomicrobium astaxanthinifaciens	N	N	N	Y	conflictive-kraken
GCA_007995065.1	862135	Pseudomonadota	Sphingomonas	Sphingomonas ginsenosidivorax	N	N	N	Y	conflictive-kraken
GCA_013328205.1	2741495	Pseudomonadota	Sphingomonas	Sphingomonas hominis	N	N	N	Y	conflictive-kraken
GCA_003499275.1	2303576	Pseudomonadota	Sphingomonas	Sphingomonas mesophila	N	N	N	Y	conflictive-kraken
GCA_030546695.1	3063330	Pseudomonadota	Sphingomonas	Sphingomonas natans	N	N	N	Y	conflictive-kraken
GCA_016734905.1	2871171	Pseudomonadota	Sphingopyxis	Sphingopyxis jiangsuensis	N	N	N	Y	conflictive-kraken
GCA_003347635.1	2172047	Pseudomonadota	Sphingosinicella	Sphingosinicella terrae	N	N	N	Y	conflictive-kraken
GCA_014885015.1	572023	Pseudomonadota	Spirabiliibacterium	Spirabiliibacterium falconis	N	N	N	Y	conflictive-kraken
GCA_003730135.1	2689987	Pseudomonadota	Stagnimonas	Stagnimonas aquatica	N	N	N	Y	conflictive-kraken
GCA_019351405.1	2860338	Pseudomonadota	Stakelama	Stakelama flava	N	N	N	Y	conflictive-kraken
GCA_001431465.1	405446	Pseudomonadota	Stenotrophomonas	Stenotrophomonas terrae	N	N	N	Y	conflictive-kraken
GCA_042643585.1	2185115	Pseudomonadota	Tabrizicola	Tabrizicola soli	N	N	N	Y	conflictive-kraken
GCA_042666015.1	568898	Pseudomonadota	Roseomonas	Teichococcus aestuarii	N	N	N	Y	conflictive-kraken
GCA_042665835.1	2478470	Pseudomonadota	Roseomonas	Teichococcus wenyumeiae	N	N	N	Y	conflictive-kraken
GCA_007556605.1	2588941	Pseudomonadota	Tepidimonas	Tepidimonas sediminis	N	N	N	Y	conflictive-kraken
GCA_025699485.1	2974299	Pseudomonadota	Thauera	Thauera carbonocopians	N	N	N	Y	conflictive-kraken
GCA_000310205.1	1123367	Pseudomonadota	Thauera	Thauera linaloolentis	N	N	N	Y	conflictive-kraken
GCA_016623495.1	2753746	Pseudomonadota	Thermohalobaculum	Thermohalobaculum xanthum	N	N	N	Y	conflictive-kraken
GCA_022419185.1	2888524	Pseudomonadota	Thermomonas	Thermomonas flagellata	N	N	N	Y	conflictive-kraken
GCA_000423885.1	1123377	Pseudomonadota	Thermomonas	Thermomonas fusca	N	N	N	Y	conflictive-kraken
GCA_000737065.1	1317124	Pseudomonadota	Thioclava	Thioclava atlantica	N	N	N	Y	conflictive-kraken
GCA_002149925.1	1570016	Pseudomonadota	Thioflexithrix	Thioflexithrix psekupsensis	N	N	N	Y	conflictive-kraken
GCA_900102855.1	415747	Pseudomonadota	Thiohalomonas	Thiohalomonas denitrificans	N	N	N	Y	conflictive-kraken
GCA_014284335.1	2762292	Pseudomonadota	Undibacterium	Undibacterium hunanense	N	N	N	Y	conflictive-kraken
GCA_023145695.1	2847292	Pseudomonadota	Vibrio	Vibrio amylolyticus	N	N	N	Y	conflictive-kraken
GCA_003970385.1	2496559	Pseudomonadota	Vibrio	Vibrio aquaticus	N	N	N	Y	conflictive-kraken
GCA_009811315.1	558271	Pseudomonadota	Vibrio	Vibrio atypicus	N	N	N	Y	conflictive-kraken
GCA_025195085.2	2933291	Pseudomonadota	Vibrio	Vibrio intestinalis	N	N	N	Y	conflictive-kraken
GCA_009857245.1	2695891	Pseudomonadota	Vibrio	Vibrio tetraodonis	N	N	N	Y	conflictive-kraken
GCA_031451645.1	370766	Pseudomonadota	Vreelandella	Vreelandella gomseomensis	N	N	N	Y	conflictive-kraken
GCA_026107455.2	2989819	Pseudomonadota	Xanthomonas	Xanthomonas chitinilytica	N	N	N	Y	conflictive-kraken
GCA_000401255.1	1321368	Pseudomonadota	Xanthomonas	Xanthomonas maliensis	N	N	N	Y	conflictive-kraken
GCA_900109605.1	464029	Pseudomonadota	Xaviernesmea	Xaviernesmea oryzae	N	N	N	Y	conflictive-kraken
GCA_002632875.1	351676	Pseudomonadota	Xenorhabdus	Xenorhabdus kozodoii	N	N	N	Y	conflictive-kraken
GCA_000511675.1	1218101	Pseudomonadota	Yersinia	Yersinia pseudotuberculosis	N	N	N	Y	conflictive-kraken
GCA_016918785.1	2810034	Spirochaetota	Leptospira	Leptospira ainazelensis	N	N	N	Y	conflictive-kraken
GCA_003545885.1	2202203	Spirochaetota	Leptospira	Leptospira stimsonii	N	N	N	Y	conflictive-kraken
GCA_025943965.1	2006111	Synergistota	Caenicola	Caenicola nitritireducens	N	N	N	Y	conflictive-kraken
GCA_900129305.1	1121391	Thermodesulfobacteriota	Desulfacinum	Desulfacinum infernum	N	N	N	Y	conflictive-kraken
GCA_007830435.1	622671	Thermodesulfobacteriota	Desulfobotulus	Desulfobotulus alkaliphilus	N	N	N	Y	conflictive-kraken
GCA_000426225.1	1304885	Thermodesulfobacteriota	Desulforegula	Desulforegula conservatrix	N	N	N	Y	conflictive-kraken
GCA_007830735.1	345631	Thermodesulfobacteriota	Geobacter	Geobacter argillaceus	N	N	N	Y	conflictive-kraken
GCA_000504305.1	644897	Thermodesulfobacteriota	Nitratidesulfovibrio	Nitratidesulfovibrio termitidis	N	N	N	Y	conflictive-kraken
GCA_900109885.1	43775	Thermodesulfobacteriota	Syntrophus	Syntrophus gentianae	N	N	N	Y	conflictive-kraken
GCA_023806485.1	2951981	Thermomicrobiota	Thermalbibacter	Thermalbibacter longus	N	N	N	Y	conflictive-kraken
GCA_039542365.1	1144680	Verrucomicrobiota	Luteolibacter	Luteolibacter yonseiensis	N	N	N	Y	conflictive-kraken
GCA_014203045.1	48465	Verrucomicrobiota	Prosthecobacter	Prosthecobacter dejongeii	N	N	N	Y	conflictive-kraken
GCA_039994875.1	3036704	Acidobacteriota	Occallatibacter	Occallatibacter bavaricus	Y	Y	Y	N	conflictive-mpa
GCA_024648845.1	46163	Actinomycetota	Actinomadura	Actinomadura luteofluorescens	Y	Y	Y	N	conflictive-mpa
GCA_027923705.1	2962632	Actinomycetota	Cellulomonas	Cellulomonas electrica	Y	Y	Y	N	conflictive-mpa
GCA_019904175.1	53362	Actinomycetota	Dactylosporangium	Dactylosporangium vinaceum	Y	Y	Y	N	conflictive-mpa
GCA_049244185.1	2749064	Actinomycetota	Gardnerella	Gardnerella aggregata	Y	Y	Y	N	conflictive-mpa
GCA_042430225.1	68173	Actinomycetota	Kitasatospora	Kitasatospora albolonga	Y	Y	Y	N	conflictive-mpa
GCA_001580365.1	388357	Actinomycetota	Kocuria	Kocuria turfanensis	Y	Y	Y	N	conflictive-mpa
GCA_046763725.1	47990	Actinomycetota	Kutzneria	Kutzneria viridogrisea	Y	Y	Y	N	conflictive-mpa
GCA_001567585.1	47874	Actinomycetota	Micromonospora	Micromonospora rosaria	Y	Y	Y	N	conflictive-mpa
GCA_041890355.1	3289775	Actinomycetota	Mycobacterium	Mycobacterium hainanense	Y	Y	Y	N	conflictive-mpa
GCA_000276825.1	1138383	Actinomycetota	Mycobacterium	Mycobacterium paraintracellulare	Y	Y	Y	N	conflictive-mpa
GCA_050587365.1	272914	Actinomycetota	Plantibacter	Plantibacter auratus	Y	Y	Y	N	conflictive-mpa
GCA_042678885.1	913853	Actinomycetota	Saccharothrix	Saccharothrix hoggarensis	Y	Y	Y	N	conflictive-mpa
GCA_027497475.1	1920	Actinomycetota	Streptomyces	Streptomyces nigrescens	Y	Y	Y	N	conflictive-mpa
GCA_008704445.1	67345	Actinomycetota	Streptomyces	Streptomyces prasinus	Y	Y	Y	N	conflictive-mpa
GCA_033343995.1	3081768	Actinomycetota	Streptomyces	Streptomyces solicathayae	Y	Y	Y	N	conflictive-mpa
GCA_018069625.1	155177	Actinomycetota	Streptomyces	Streptomyces yatensis	Y	Y	Y	N	conflictive-mpa
GCA_014284495.1	52692	Bacillota	Acetobacterium	Acetobacterium malicum	Y	Y	Y	N	conflictive-mpa
GCA_001884045.1	2026190	Bacillota	Bacillus	Bacillus mobilis	Y	Y	Y	N	conflictive-mpa
GCA_030814225.1	265178	Bacillota	Breznakia	Breznakia pachnodae	Y	Y	Y	N	conflictive-mpa
GCA_027568575.1	996558	Bacillota	Caldifermentibacillus	Caldifermentibacillus hisashii	Y	Y	Y	N	conflictive-mpa
GCA_042681165.1	2126436	Bacillota	Carnobacterium	Carnobacterium antarcticum	Y	Y	Y	N	conflictive-mpa
GCA_038396635.1	879970	Bacillota	Defluviitalea	Defluviitalea saccharophila	Y	Y	Y	N	conflictive-mpa
GCA_025234795.1	340146	Bacillota	Exiguobacterium	Exiguobacterium mexicanum	Y	Y	Y	N	conflictive-mpa
GCA_018101145.1	2824910	Bacillota	Heyndrickxia	Heyndrickxia faecalis	Y	Y	Y	N	conflictive-mpa
GCA_000621285.1	697329	Bacillota	Hominimerdicola	Hominimerdicola alba	Y	Y	Y	N	conflictive-mpa
GCA_047425865.1	3395462	Bacillota	Macrococcus	Macrococcus equi	Y	Y	Y	N	conflictive-mpa
GCA_036670025.1	1737571	Bacillota	Niallia	Niallia oryzisoli	Y	Y	Y	N	conflictive-mpa
GCA_034137685.1	3098075	Bacillota	Streptococcus	Streptococcus dentalis	Y	Y	Y	N	conflictive-mpa
GCA_000479335.1	1156431	Bacillota	Streptococcus	Streptococcus ilei	Y	Y	Y	N	conflictive-mpa
GCA_040836615.1	3233335	Bacillota	Streptococcus	Streptococcus nasisuis	Y	Y	Y	N	conflictive-mpa
GCA_037076355.1	2993430	Bacillota	Streptococcus	Streptococcus parapneumoniae	Y	Y	Y	N	conflictive-mpa
GCA_037949505.1	3131995	Bacillota	Tepidibacillus	Tepidibacillus marianensis	Y	Y	Y	N	conflictive-mpa
GCA_001263415.1	278994	Bacillota	Thermincola	Thermincola carboxydiphila	Y	Y	Y	N	conflictive-mpa
GCA_040094755.1	2763023	Bacteroidota	Bacteroides	Bacteroides hominis	Y	Y	Y	N	conflictive-mpa
GCA_033096445.1	1472416	Bacteroidota	Butyricimonas	Butyricimonas faecihominis	Y	Y	Y	N	conflictive-mpa
GCA_053604705.1	1639656	Bacteroidota	Lacinutrix	Lacinutrix undariae	Y	Y	Y	N	conflictive-mpa
GCA_028485475.2	2962693	Bacteroidota	Mycovorax	Mycovorax composti	Y	Y	Y	N	conflictive-mpa
GCA_023744375.2	2951805	Bacteroidota	Parabacteroides	Parabacteroides absconsus	Y	Y	Y	N	conflictive-mpa
GCA_055381405.1	3236793	Bacteroidota	Prevotella	Prevotella mikamonis	Y	Y	Y	N	conflictive-mpa
GCA_042429545.1	2175149	Methanobacteriota	Halobaculum	Halobaculum roseum	Y	Y	Y	N	conflictive-mpa
GCA_042663765.1	3033386	Methanobacteriota	Halomarina	Halomarina halobia	Y	Y	Y	N	conflictive-mpa
GCA_055389685.1	425309	Methanobacteriota	Halorubrum	Halorubrum ejinorense	Y	Y	Y	N	conflictive-mpa
GCA_055387505.1	1036678	Methanobacteriota	Methanobacterium	Methanobacterium movilense	Y	Y	Y	N	conflictive-mpa
GCA_018502485.1	2834276	Methanobacteriota	Methanospirillum	Methanospirillum purgamenti	Y	Y	Y	N	conflictive-mpa
GCA_031165565.1	121872	Methanobacteriota	Natrinema	Natrinema thermotolerans	Y	Y	Y	N	conflictive-mpa
GCA_045276885.1	29558	Mycoplasmatota	Mycoplasmopsis	Mycoplasmopsis hyopharyngis	Y	Y	Y	N	conflictive-mpa
GCA_042847045.1	3230736	Pseudomonadota	Acidovorax	Acidovorax sacchari	Y	Y	Y	N	conflictive-mpa
GCA_050433245.1	1461000	Pseudomonadota	Bartonella	Bartonella heixiaziensis	Y	Y	Y	N	conflictive-mpa
GCA_001525555.2	568706	Pseudomonadota	Bordetella	Bordetella pertussis	Y	Y	Y	N	conflictive-mpa
GCA_002266435.3	1404768	Pseudomonadota	Bradyrhizobium	Bradyrhizobium amphicarpaeae	Y	Y	Y	N	conflictive-mpa
GCA_019464615.1	3061286	Pseudomonadota	Dickeya	Dickeya ananatis	Y	Y	Y	N	conflictive-mpa
GCA_055393785.1	1397109	Pseudomonadota	Eionea	Eionea flava	Y	Y	Y	N	conflictive-mpa
GCA_042850945.1	1306992	Pseudomonadota	Halioxenophilus	Halioxenophilus aromaticivorans	Y	Y	Y	N	conflictive-mpa
GCA_039691755.1	3084920	Pseudomonadota	Halomonas	Halomonas kashgarensis	Y	Y	Y	N	conflictive-mpa
GCA_046736345.1	3143534	Pseudomonadota	Hyphococcus	Hyphococcus formosus	Y	Y	Y	N	conflictive-mpa
GCA_964332355.1	3058603	Pseudomonadota	Imbroritus	Imbroritus primus	Y	Y	Y	N	conflictive-mpa
GCA_049339425.1	1148196	Pseudomonadota	Luteimonas	Luteimonas dalianensis	Y	Y	Y	N	conflictive-mpa
GCA_014138645.1	47958	Pseudomonadota	Methylorubrum	Methylorubrum thiocyanatum	Y	Y	Y	N	conflictive-mpa
GCA_055391185.1	488	Pseudomonadota	Neisseria	Neisseria mucosa	Y	Y	Y	N	conflictive-mpa
GCA_004334935.1	1245417	Pseudomonadota	Paraburkholderia	Paraburkholderia strydomiana	Y	Y	Y	N	conflictive-mpa
GCA_003285265.1	1499308	Pseudomonadota	Paracoccus	Paracoccus mutanolyticus	Y	Y	Y	N	conflictive-mpa
GCA_048058775.1	1086632	Pseudomonadota	Phaeobacter	Phaeobacter bryozoorum	Y	Y	Y	N	conflictive-mpa
GCA_000463345.3	104623	Pseudomonadota	Prodigiosinella	Prodigiosinella confusarubida	Y	Y	Y	N	conflictive-mpa
GCA_019139815.1	2842349	Pseudomonadota	Pseudomonas	Pseudomonas asgharzadehiana	Y	Y	Y	N	conflictive-mpa
GCA_900099945.1	366289	Pseudomonadota	Pseudomonas	Pseudomonas delhiensis	Y	Y	Y	N	conflictive-mpa
GCA_028657095.1	2942628	Pseudomonadota	Pseudomonas	Pseudomonas idahonensis	Y	Y	Y	N	conflictive-mpa
GCA_002601815.1	2994495	Pseudomonadota	Pseudomonas	Pseudomonas paraeruginosa	Y	Y	Y	N	conflictive-mpa
GCA_028830055.1	2964670	Pseudomonadota	Pseudomonas	Pseudomonas serboccidentalis	Y	Y	Y	N	conflictive-mpa
GCA_022557255.1	129140	Pseudomonadota	Pseudomonas	Pseudomonas syringae group genomosp. 7	Y	Y	Y	N	conflictive-mpa
GCA_036365825.1	3113984	Pseudomonadota	Qipengyuania	Qipengyuania profunda	Y	Y	Y	N	conflictive-mpa
GCA_052828705.1	3414265	Pseudomonadota	Reella	Reella acinonychis	Y	Y	Y	N	conflictive-mpa
GCA_000485845.1	1397702	Pseudomonadota	Rickettsia	Rickettsia gravesii	Y	Y	Y	N	conflictive-mpa
GCA_055693265.1	3092138	Pseudomonadota	Roseobacter	Roseobacter phycocola	Y	Y	Y	N	conflictive-mpa
GCA_042853465.1	1435348	Pseudomonadota	Simiduia	Simiduia litorea	Y	Y	Y	N	conflictive-mpa
GCA_007830065.1	595605	Pseudomonadota	Sphingobium	Sphingobium wenxiniae	Y	Y	Y	N	conflictive-mpa
GCA_047715485.1	3092147	Pseudomonadota	Tateyamaria	Tateyamaria algicola	Y	Y	Y	N	conflictive-mpa
GCA_011927685.1	393657	Pseudomonadota	Thalassospira	Thalassospira tepidiphila	Y	Y	Y	N	conflictive-mpa
GCA_002156525.1	446372	Pseudomonadota	Vibrio	Vibrio celticus	Y	Y	Y	N	conflictive-mpa
GCA_024347455.1	2100116	Pseudomonadota	Vibrio	Vibrio echinoideorum	Y	Y	Y	N	conflictive-mpa
GCA_043099325.1	3344550	Pseudomonadota	Yersinia	Yersinia fenwicki	Y	Y	Y	N	conflictive-mpa
GCA_018398915.1	3415223	Synergistota	Aminirod	Aminirod propionatiphilus	Y	Y	Y	N	conflictive-mpa
GCA_055382125.1	453224	Thermodesulfobacteriota	Desulfoconvexum	Desulfoconvexum algidum	Y	Y	Y	N	conflictive-mpa
GCA_054397165.1	3470062	Thermodesulfobacteriota	Desulforhopalus	Desulforhopalus glucosivorans	Y	Y	Y	N	conflictive-mpa
GCA_005116655.2	2569541	Thermodesulfobacteriota	Desulfosediminicola	Desulfosediminicola flagellatus	Y	Y	Y	N	conflictive-mpa
GCA_055398255.1	53426	Thermoproteota	Sulfophobococcus	Sulfophobococcus zilligii	Y	Y	Y	N	conflictive-mpa
GCA_027925425.1	416591	Thermotogota	Pseudothermotoga	Pseudothermotoga lettingae	Y	Y	Y	N	conflictive-mpa
GCA_000390265.1	243274	Thermotogota	Thermotoga	Thermotoga maritima	Y	Y	Y	N	conflictive-mpa
GCA_030295405.1	2927979	Acidobacteriota	Mesoterricola	Mesoterricola silvestris	Y	Y	Y	Y	reference
GCA_016592575.1	981385	Acidobacteriota	Thermotomaculum	Thermotomaculum hydrothermale	Y	Y	Y	Y	reference
GCA_001941625.1	1612552	Actinomycetota	Actinoalloteichus	Actinoalloteichus fjordicus	Y	Y	Y	Y	reference
GCA_016865425.1	227318	Actinomycetota	Actinocatenispora	Actinocatenispora thailandica	Y	Y	Y	Y	reference
GCA_000724605.1	59505	Actinomycetota	Actinotignum	Actinotignum schaalii	Y	Y	Y	Y	reference
GCA_021442325.1	1389020	Actinomycetota	Agromyces	Agromyces marinus	Y	Y	Y	Y	reference
GCA_039531445.1	409291	Actinomycetota	Arthrobacter	Arthrobacter humicola	Y	Y	Y	Y	reference
GCA_000332815.1	683150	Actinomycetota	Arthrobacter	Arthrobacter nitrophenolicus	Y	Y	Y	Y	reference
GCA_013201155.1	2734634	Actinomycetota	Berryella	Berryella wangjianweii	Y	Y	Y	Y	reference
GCA_900445615.1	1680	Actinomycetota	Bifidobacterium	Bifidobacterium adolescentis	Y	Y	Y	Y	reference
GCA_002715865.1	1437594	Actinomycetota	Bifidobacterium	Bifidobacterium asteroides	Y	Y	Y	Y	reference
GCA_009727065.1	2610880	Actinomycetota	Bifidobacterium	Bifidobacterium canis	Y	Y	Y	Y	reference
GCA_900105745.1	1150423	Actinomycetota	Bifidobacterium	Bifidobacterium dentium	Y	Y	Y	Y	reference
GCA_001895165.1	1603886	Actinomycetota	Bifidobacterium	Bifidobacterium lemurum	Y	Y	Y	Y	reference
GCA_002938435.1	138336	Actinomycetota	Blastococcus	Blastococcus saxobsidens	Y	Y	Y	Y	reference
GCA_000092865.1	446466	Actinomycetota	Cellulomonas	Cellulomonas flavigena	Y	Y	Y	Y	reference
GCA_012931845.1	2729175	Actinomycetota	Cellulomonas	Cellulomonas taurus	Y	Y	Y	Y	reference
GCA_050768815.1	1190508	Actinomycetota	Corynebacterium	Corynebacterium aquatimens	Y	Y	Y	Y	reference
GCA_000732945.1	191610	Actinomycetota	Corynebacterium	Corynebacterium atypicum	Y	Y	Y	Y	reference
GCA_030408575.1	44750	Actinomycetota	Corynebacterium	Corynebacterium auris	Y	Y	Y	Y	reference
GCA_000183325.2	927655	Actinomycetota	Corynebacterium	Corynebacterium bovis	Y	Y	Y	Y	reference
GCA_007859215.1	679663	Actinomycetota	Corynebacterium	Corynebacterium canis	Y	Y	Y	Y	reference
GCA_000577555.1	1414719	Actinomycetota	Corynebacterium	Corynebacterium jeddahense	Y	Y	Y	Y	reference
GCA_003070865.1	2079535	Actinomycetota	Corynebacterium	Corynebacterium liangguodongii	Y	Y	Y	Y	reference
GCA_016027615.1	38301	Actinomycetota	Corynebacterium	Corynebacterium minutissimum	Y	Y	Y	Y	reference
GCA_006538485.1	43770	Actinomycetota	Corynebacterium	Corynebacterium striatum	Y	Y	Y	Y	reference
GCA_030252185.1	3049801	Actinomycetota	Corynebacterium	Corynebacterium suedekumii	Y	Y	Y	Y	reference
GCA_003611035.1	2220095	Actinomycetota	Cryobacterium	Cryobacterium soli	Y	Y	Y	Y	reference
GCA_006739385.1	1734925	Actinomycetota	Cutibacterium	Cutibacterium acnes	Y	Y	Y	Y	reference
GCA_025264685.1	47989	Actinomycetota	Dactylosporangium	Dactylosporangium roseum	Y	Y	Y	Y	reference
GCA_039545075.1	1930058	Actinomycetota	Demequina	Demequina sediminis	Y	Y	Y	Y	reference
GCA_003610395.1	322509	Actinomycetota	Dietzia	Dietzia kunjamensis	Y	Y	Y	Y	reference
GCA_003096095.1	139021	Actinomycetota	Dietzia	Dietzia psychralcaliphila	Y	Y	Y	Y	reference
GCA_029226345.1	2914924	Actinomycetota	Gardnerella	Gardnerella pickettii	Y	Y	Y	Y	reference
GCA_001698225.1	2055	Actinomycetota	Gordonia	Gordonia terrae	Y	Y	Y	Y	reference
GCA_901542405.1	2055	Actinomycetota	Gordonia	Gordonia terrae	Y	Y	Y	Y	reference
GCA_003065485.1	2079791	Actinomycetota	Homoserinimonas	Homoserinimonas hongtaonis	Y	Y	Y	Y	reference
GCA_014873115.1	860235	Actinomycetota	Kibdelosporangium	Kibdelosporangium phytohabitans	Y	Y	Y	Y	reference
GCA_014648555.1	2064	Actinomycetota	Kitasatospora	Kitasatospora griseola	Y	Y	Y	Y	reference
GCA_003667225.1	72000	Actinomycetota	Kocuria	Kocuria rhizophila	Y	Y	Y	Y	reference
GCA_043575855.1	1045776	Actinomycetota	Kutzneria	Kutzneria buriramensis	Y	Y	Y	Y	reference
GCA_042655605.1	683042	Actinomycetota	Leucobacter	Leucobacter denitrificans	Y	Y	Y	Y	reference
GCA_004217175.1	340320	Actinomycetota	Leucobacter	Leucobacter luti	Y	Y	Y	Y	reference
GCA_004028235.1	1935379	Actinomycetota	Leucobacter	Leucobacter muris	Y	Y	Y	Y	reference
GCA_017876695.1	936337	Actinomycetota	Microbacterium	Microbacterium amylolyticum	Y	Y	Y	Y	reference
GCA_042648265.1	162393	Actinomycetota	Microbacterium	Microbacterium aurantiacum	Y	Y	Y	Y	reference
GCA_014191465.1	1526412	Actinomycetota	Microbacterium	Microbacterium endophyticum	Y	Y	Y	Y	reference
GCA_000826185.2	1231063	Actinomycetota	Microbacterium	Microbacterium gorillae	Y	Y	Y	Y	reference
GCA_029094505.1	3028316	Actinomycetota	Microbacterium	Microbacterium horticulturae	Y	Y	Y	Y	reference
GCA_900105205.1	273678	Actinomycetota	Microbacterium	Microbacterium hydrocarbonoxydans	Y	Y	Y	Y	reference
GCA_027921865.1	33884	Actinomycetota	Microbacterium	Microbacterium imperiale	Y	Y	Y	Y	reference
GCA_006716815.1	33885	Actinomycetota	Microbacterium	Microbacterium lacticum	Y	Y	Y	Y	reference
GCA_014204835.1	421115	Actinomycetota	Microbacterium	Microbacterium marinum	Y	Y	Y	Y	reference
GCA_034120055.1	1678237	Actinomycetota	Microbacterium	Microbacterium rhizosphaerae	Y	Y	Y	Y	reference
GCA_004216855.1	279828	Actinomycetota	Microcella	Microcella alkaliphila	Y	Y	Y	Y	reference
GCA_900090295.1	356852	Actinomycetota	Micromonospora	Micromonospora coxensis	Y	Y	Y	Y	reference
GCA_000306785.1	2732864	Actinomycetota	Modestobacter	Modestobacter italicus	Y	Y	Y	Y	reference
GCA_010728725.1	43348	Actinomycetota	Mycobacterium	Mycobacterium branderi	Y	Y	Y	Y	reference
GCA_002102095.1	44010	Actinomycetota	Mycobacterium	Mycobacterium conspicuum	Y	Y	Y	Y	reference
GCA_963853665.1	1430326	Actinomycetota	Mycobacterium	Mycobacterium decipiens	Y	Y	Y	Y	reference
GCA_002219285.1	222805	Actinomycetota	Mycobacterium	Mycobacterium intracellulare	Y	Y	Y	Y	reference
GCA_003391395.1	1781	Actinomycetota	Mycobacterium	Mycobacterium marinum	Y	Y	Y	Y	reference
GCA_004355245.1	2099321	Actinomycetota	Mycobacteroides	Mycobacteroides chelonae	Y	Y	Y	Y	reference
GCA_039527545.1	67081	Actinomycetota	Mycolicibacterium	Mycolicibacterium alvei	Y	Y	Y	Y	reference
GCA_014893035.1	2761578	Actinomycetota	Mycolicibacterium	Mycolicibacterium baixiangningiae	Y	Y	Y	Y	reference
GCA_005670605.1	1795	Actinomycetota	Mycolicibacterium	Mycolicibacterium neoaurum	Y	Y	Y	Y	reference
GCA_900187065.1	1797	Actinomycetota	Mycolicibacterium	Mycolicibacterium thermoresistibile	Y	Y	Y	Y	reference
GCA_005863225.1	135487	Actinomycetota	Nocardia	Nocardia cyriacigeorgica	Y	Y	Y	Y	reference
GCA_900454305.1	1823	Actinomycetota	Nocardia	Nocardia otitidiscaviarum	Y	Y	Y	Y	reference
GCA_034661235.1	3095076	Actinomycetota	Nocardioides	Nocardioides bizhenqiangii	Y	Y	Y	Y	reference
GCA_006334985.2	2219224	Actinomycetota	Nonomuraea	Nonomuraea phyllanthi	Y	Y	Y	Y	reference
GCA_900105025.1	604330	Actinomycetota	Parafannyhessea	Parafannyhessea umbonata	Y	Y	Y	Y	reference
GCA_011326735.1	1690220	Actinomycetota	Phycicoccus	Phycicoccus endophyticus	Y	Y	Y	Y	reference
GCA_011764565.1	624315	Actinomycetota	Phytohabitans	Phytohabitans suffuscus	Y	Y	Y	Y	reference
GCA_018324255.1	338584	Actinomycetota	Polymorphospora	Polymorphospora rubra	Y	Y	Y	Y	reference
GCA_000022025.1	452863	Actinomycetota	Pseudarthrobacter	Pseudarthrobacter chlorophenolicus	Y	Y	Y	Y	reference
GCA_000166135.1	298654	Actinomycetota	Pseudofrankia	Pseudofrankia inefficax	Y	Y	Y	Y	reference
GCA_900177245.1	1891671	Actinomycetota	Rathayibacter	Rathayibacter oskolensis	Y	Y	Y	Y	reference
GCA_004340625.1	1671680	Actinomycetota	Rathayibacter	Rathayibacter tanaceti	Y	Y	Y	Y	reference
GCA_030360185.1	3055869	Actinomycetota	Rhodococcus	Rhodococcus indonesiensis	Y	Y	Y	Y	reference
GCA_048288345.1	37919	Actinomycetota	Rhodococcus	Rhodococcus opacus	Y	Y	Y	Y	reference
GCA_052076175.1	2047	Actinomycetota	Rothia	Rothia dentocariosa	Y	Y	Y	Y	reference
GCA_014960965.1	2779775	Actinomycetota	Ruania	Ruania alkalisoli	Y	Y	Y	Y	reference
GCA_039536185.1	33914	Actinomycetota	Saccharopolyspora	Saccharopolyspora gregorii	Y	Y	Y	Y	reference
GCA_031296555.1	1660	Actinomycetota	Schaalia	Schaalia odontolytica	Y	Y	Y	Y	reference
GCA_005405985.1	33903	Actinomycetota	Streptomyces	Streptomyces avermitilis	Y	Y	Y	Y	reference
GCA_014138735.1	67282	Actinomycetota	Streptomyces	Streptomyces calvus	Y	Y	Y	Y	reference
GCA_027625935.1	3004093	Actinomycetota	Streptomyces	Streptomyces camelliae	Y	Y	Y	Y	reference
GCA_015912945.1	1901	Actinomycetota	Streptomyces	Streptomyces clavuligerus	Y	Y	Y	Y	reference
GCA_003675325.1	1442032	Actinomycetota	Streptomyces	Streptomyces dangxiongensis	Y	Y	Y	Y	reference
GCA_050235455.1	375757	Actinomycetota	Streptomyces	Streptomyces fildesensis	Y	Y	Y	Y	reference
GCA_009834665.1	1319510	Actinomycetota	Streptomyces	Streptomyces fradiae	Y	Y	Y	Y	reference
GCA_014649555.1	1908	Actinomycetota	Streptomyces	Streptomyces globisporus	Y	Y	Y	Y	reference
GCA_014649155.1	45398	Actinomycetota	Streptomyces	Streptomyces griseoviridis	Y	Y	Y	Y	reference
GCA_002154345.1	1911	Actinomycetota	Streptomyces	Streptomyces griseus	Y	Y	Y	Y	reference
GCA_001418175.1	35620	Actinomycetota	Streptomyces	Streptomyces hirsutus	Y	Y	Y	Y	reference
GCA_003389455.1	2293571	Actinomycetota	Streptomyces	Streptomyces inhibens	Y	Y	Y	Y	reference
GCA_000721235.1	47716	Actinomycetota	Streptomyces	Streptomyces olivaceus	Y	Y	Y	Y	reference
GCA_002155895.1	1928	Actinomycetota	Streptomyces	Streptomyces rochei	Y	Y	Y	Y	reference
GCA_021044565.1	2895559	Actinomycetota	Subtercola	Subtercola endophyticus	Y	Y	Y	Y	reference
GCA_001997295.1	1610493	Actinomycetota	Tessaracoccus	Tessaracoccus flavus	Y	Y	Y	Y	reference
GCA_003574835.2	483545	Actinomycetota	Thermobifida	Thermobifida halotolerans	Y	Y	Y	Y	reference
GCA_900119385.1	1871031	Actinomycetota	Thermophilibacter	Thermophilibacter mediterraneus	Y	Y	Y	Y	reference
GCA_900142435.1	381751	Aquificota	Thermocrinis	Thermocrinis minervae	Y	Y	Y	Y	reference
GCA_053762425.1	87541	Bacillota	Aerococcus	Aerococcus christensenii	Y	Y	Y	Y	reference
GCA_022453685.1	39491	Bacillota	Agathobacter	Agathobacter rectalis	Y	Y	Y	Y	reference
GCA_014218335.1	433286	Bacillota	Anaerocolumna	Anaerocolumna cellulosilytica	Y	Y	Y	Y	reference
GCA_055392075.1	932217	Bacillota	Anaerosalibacter	Anaerosalibacter bizertensis	Y	Y	Y	Y	reference
GCA_030500585.1	198467	Bacillota	Anoxybacillus	Anoxybacillus gonensis	Y	Y	Y	Y	reference
GCA_011008855.1	2672567	Bacillota	Bacillus	Bacillus aquiflavi	Y	Y	Y	Y	reference
GCA_918184965.1	226900	Bacillota	Bacillus	Bacillus cereus	Y	Y	Y	Y	reference
GCA_029024805.1	1405	Bacillota	Bacillus	Bacillus mycoides	Y	Y	Y	Y	reference
GCA_000155325.1	224308	Bacillota	Bacillus	Bacillus subtilis	Y	Y	Y	Y	reference
GCA_003012835.1	1393	Bacillota	Brevibacillus	Brevibacillus brevis	Y	Y	Y	Y	reference
GCA_020923435.1	2895522	Bacillota	Brevibacillus	Brevibacillus humidisoli	Y	Y	Y	Y	reference
GCA_000166335.1	632518	Bacillota	Caldicellulosiruptor	Caldicellulosiruptor owensensis	Y	Y	Y	Y	reference
GCA_003047205.1	178899	Bacillota	Carboxydocella	Carboxydocella thermautotrophica	Y	Y	Y	Y	reference
GCA_030296775.1	3028070	Bacillota	Claveliimonas	Claveliimonas bilis	Y	Y	Y	Y	reference
GCA_000008765.1	272562	Bacillota	Clostridium	Clostridium acetobutylicum	Y	Y	Y	Y	reference
GCA_000427255.1	1341692	Bacillota	Clostridium	Clostridium autoethanogenum	Y	Y	Y	Y	reference
GCA_001438825.1	392416	Bacillota	Companilactobacillus	Companilactobacillus crustorum	Y	Y	Y	Y	reference
GCA_019884785.1	1286698	Bacillota	Crassaminicella	Crassaminicella profunda	Y	Y	Y	Y	reference
GCA_001420595.1	1637975	Bacillota	Cytobacillus	Cytobacillus solani	Y	Y	Y	Y	reference
GCA_000024205.1	485916	Bacillota	Desulfofarcimen	Desulfofarcimen acetoxidans	Y	Y	Y	Y	reference
GCA_016127635.1	37734	Bacillota	Enterococcus	Enterococcus casseliflavus	Y	Y	Y	Y	reference
GCA_042684225.1	1353	Bacillota	Enterococcus	Enterococcus gallinarum	Y	Y	Y	Y	reference
GCA_053760305.1	118060	Bacillota	Enterococcus	Enterococcus rotai	Y	Y	Y	Y	reference
GCA_003931795.1	2485784	Bacillota	Erysipelothrix	Erysipelothrix piscisicarius	Y	Y	Y	Y	reference
GCA_900450545.1	33987	Bacillota	Exiguobacterium	Exiguobacterium aurantiacum	Y	Y	Y	Y	reference
GCA_058248305.1	853	Bacillota	Faecalibacterium	Faecalibacterium prausnitzii	Y	Y	Y	Y	reference
GCA_032584275.1	853	Bacillota	Faecalibacterium	Faecalibacterium prausnitzii	Y	Y	Y	Y	reference
GCA_000185465.1	1614	Bacillota	Fructilactobacillus	Fructilactobacillus fructivorans	Y	Y	Y	Y	reference
GCA_004101785.1	1582259	Bacillota	Gudongella	Gudongella oleilytica	Y	Y	Y	Y	reference
GCA_055382025.1	1411	Bacillota	Halalkalibacter	Halalkalibacter akibai	Y	Y	Y	Y	reference
GCA_900128875.1	1121088	Bacillota	Heyndrickxia	Heyndrickxia coagulans	Y	Y	Y	Y	reference
GCA_007989125.1	47714	Bacillota	Lacticaseibacillus	Lacticaseibacillus paracasei	Y	Y	Y	Y	reference
GCA_004354545.1	83683	Bacillota	Lactobacillus	Lactobacillus amylolyticus	Y	Y	Y	Y	reference
GCA_001433875.1	1423823	Bacillota	Lactobacillus	Lactobacillus delbrueckii	Y	Y	Y	Y	reference
GCA_018403745.1	1281486	Bacillota	Lactococcus	Lactococcus formosensis	Y	Y	Y	Y	reference
GCA_016026695.1	1363	Bacillota	Lactococcus	Lactococcus garvieae	Y	Y	Y	Y	reference
GCA_006965445.1	2592653	Bacillota	Lactococcus	Lactococcus protaetiae	Y	Y	Y	Y	reference
GCA_000615365.1	1423833	Bacillota	Latilactobacillus	Latilactobacillus sakei	Y	Y	Y	Y	reference
GCA_007989165.1	214326	Bacillota	Latilactobacillus	Latilactobacillus sakei	Y	Y	Y	Y	reference
GCA_900478165.1	1467	Bacillota	Lederbergia	Lederbergia lenta	Y	Y	Y	Y	reference
GCA_000785105.2	1138822	Bacillota	Lentilactobacillus	Lentilactobacillus curieae	Y	Y	Y	Y	reference
GCA_004354555.1	33964	Bacillota	Leuconostoc	Leuconostoc citreum	Y	Y	Y	Y	reference
GCA_007990165.1	33967	Bacillota	Leuconostoc	Leuconostoc mesenteroides	Y	Y	Y	Y	reference
GCA_053758785.1	1511761	Bacillota	Leuconostoc	Leuconostoc suionicum	Y	Y	Y	Y	reference
GCA_001436945.1	89059	Bacillota	Ligilactobacillus	Ligilactobacillus acidipiscis	Y	Y	Y	Y	reference
GCA_029823545.1	1624	Bacillota	Ligilactobacillus	Ligilactobacillus salivarius	Y	Y	Y	Y	reference
GCA_000168255.1	349123	Bacillota	Limosilactobacillus	Limosilactobacillus reuteri	Y	Y	Y	Y	reference
GCA_001434845.1	1423759	Bacillota	Liquorilactobacillus	Liquorilactobacillus hordei	Y	Y	Y	Y	reference
GCA_042685385.1	1641	Bacillota	Listeria	Listeria grayi	Y	Y	Y	Y	reference
GCA_017363615.2	1642	Bacillota	Listeria	Listeria innocua	Y	Y	Y	Y	reference
GCA_000166795.1	913848	Bacillota	Loigolactobacillus	Loigolactobacillus coryniformis	Y	Y	Y	Y	reference
GCA_003259695.1	1902580	Bacillota	Macrococcus	Macrococcus epidermidis	Y	Y	Y	Y	reference
GCA_002959615.1	411470	Bacillota	Mediterraneibacter	Mediterraneibacter gnavus	Y	Y	Y	Y	reference
GCA_003937825.1	285983	Bacillota	Mesobacillus	Mesobacillus subterraneus	Y	Y	Y	Y	reference
GCA_022539405.1	2742683	Bacillota	Natranaerofaba	Natranaerofaba carboxydovora	Y	Y	Y	Y	reference
GCA_900454495.1	44252	Bacillota	Paenibacillus	Paenibacillus macerans	Y	Y	Y	Y	reference
GCA_000520815.1	1155954	Bacillota	Paenibacillus	Paenibacillus maysiensis	Y	Y	Y	Y	reference
GCA_000758725.1	189426	Bacillota	Paenibacillus	Paenibacillus odorifer	Y	Y	Y	Y	reference
GCA_030263935.1	3050112	Bacillota	Paenibacillus	Paenibacillus polygoni	Y	Y	Y	Y	reference
GCA_009728935.1	1778678	Bacillota	Paenibacillus	Paenibacillus psychroresistens	Y	Y	Y	Y	reference
GCA_014196025.1	81408	Bacillota	Parageobacillus	Parageobacillus caldoxylosilyticus	Y	Y	Y	Y	reference
GCA_029823335.1	1254	Bacillota	Pediococcus	Pediococcus acidilactici	Y	Y	Y	Y	reference
GCA_039535515.1	51663	Bacillota	Pediococcus	Pediococcus damnosus	Y	Y	Y	Y	reference
GCA_024169475.1	450367	Bacillota	Peribacillus	Peribacillus frigoritolerans	Y	Y	Y	Y	reference
GCA_042681525.1	450367	Bacillota	Peribacillus	Peribacillus frigoritolerans	Y	Y	Y	Y	reference
GCA_002243645.1	1349754	Bacillota	Peribacillus	Peribacillus simplex	Y	Y	Y	Y	reference
GCA_001274775.1	189381	Bacillota	Rossellomorea	Rossellomorea marisflavi	Y	Y	Y	Y	reference
GCA_036323475.1	102148	Bacillota	Solobacterium	Solobacterium moorei	Y	Y	Y	Y	reference
GCA_040739495.1	72758	Bacillota	Staphylococcus	Staphylococcus capitis	Y	Y	Y	Y	reference
GCA_002901925.1	74703	Bacillota	Staphylococcus	Staphylococcus capitis	Y	Y	Y	Y	reference
GCA_029024625.1	46126	Bacillota	Staphylococcus	Staphylococcus chromogenes	Y	Y	Y	Y	reference
GCA_002901805.1	1283	Bacillota	Staphylococcus	Staphylococcus haemolyticus	Y	Y	Y	Y	reference
GCA_050433725.1	45972	Bacillota	Staphylococcus	Staphylococcus pasteuri	Y	Y	Y	Y	reference
GCA_016127935.1	170573	Bacillota	Staphylococcus	Staphylococcus pettenkoferi	Y	Y	Y	Y	reference
GCA_900186985.1	70258	Bacillota	Staphylococcus	Staphylococcus piscifermentans	Y	Y	Y	Y	reference
GCA_020883535.1	2892440	Bacillota	Staphylococcus	Staphylococcus ratti	Y	Y	Y	Y	reference
GCA_001997165.1	342451	Bacillota	Staphylococcus	Staphylococcus saprophyticus	Y	Y	Y	Y	reference
GCA_002902545.1	29385	Bacillota	Staphylococcus	Staphylococcus saprophyticus	Y	Y	Y	Y	reference
GCA_002732165.1	1288	Bacillota	Staphylococcus	Staphylococcus xylosus	Y	Y	Y	Y	reference
GCA_025447695.1	747656	Bacillota	Streptococcus	Streptococcus danieliae	Y	Y	Y	Y	reference
GCA_001553855.1	1302	Bacillota	Streptococcus	Streptococcus gordonii	Y	Y	Y	Y	reference
GCA_900459445.1	102684	Bacillota	Streptococcus	Streptococcus infantarius	Y	Y	Y	Y	reference
GCA_900475675.1	150055	Bacillota	Streptococcus	Streptococcus lutetiensis	Y	Y	Y	Y	reference
GCA_053204325.1	1891914	Bacillota	Streptococcus	Streptococcus oralis	Y	Y	Y	Y	reference
GCA_000148565.2	655813	Bacillota	Streptococcus	Streptococcus oralis	Y	Y	Y	Y	reference
GCA_900637025.1	655813	Bacillota	Streptococcus	Streptococcus oralis	Y	Y	Y	Y	reference
GCA_053204085.1	1348	Bacillota	Streptococcus	Streptococcus parauberis	Y	Y	Y	Y	reference
GCA_965137295.1	1314	Bacillota	Streptococcus	Streptococcus pyogenes	Y	Y	Y	Y	reference
GCA_900636435.1	1304	Bacillota	Streptococcus	Streptococcus salivarius	Y	Y	Y	Y	reference
GCA_053203445.1	1304	Bacillota	Streptococcus	Streptococcus salivarius	Y	Y	Y	Y	reference
GCA_000439105.1	1121315	Bacillota	Terrisporobacter	Terrisporobacter glycolicus	Y	Y	Y	Y	reference
GCA_000305935.1	1089553	Bacillota	Thermacetogenium	Thermacetogenium phaeum	Y	Y	Y	Y	reference
GCA_029144185.1	2991418	Bacillota	Vagococcus	Vagococcus intermedius	Y	Y	Y	Y	reference
GCA_054053645.1	2739	Bacillota	Vagococcus	Vagococcus salmoninarum	Y	Y	Y	Y	reference
GCA_053758545.1	2571750	Bacillota	Vagococcus	Vagococcus zengguangii	Y	Y	Y	Y	reference
GCA_005943945.1	2583587	Bacteroidota	Aggregatimonas	Aggregatimonas sangjinii	Y	Y	Y	Y	reference
GCA_025144995.1	742725	Bacteroidota	Alistipes	Alistipes indistinctus	Y	Y	Y	Y	reference
GCA_025145845.1	717959	Bacteroidota	Alistipes	Alistipes shahii	Y	Y	Y	Y	reference
GCA_008033235.1	496056	Bacteroidota	Anseongella	Anseongella ginsenosidimutans	Y	Y	Y	Y	reference
GCA_900445565.1	28111	Bacteroidota	Bacteroides	Bacteroides eggerthii	Y	Y	Y	Y	reference
GCA_020179495.1	818	Bacteroidota	Bacteroides	Bacteroides thetaiotaomicron	Y	Y	Y	Y	reference
GCA_002797785.1	28188	Bacteroidota	Capnocytophaga	Capnocytophaga canimorsus	Y	Y	Y	Y	reference
GCA_900460905.1	28188	Bacteroidota	Capnocytophaga	Capnocytophaga canimorsus	Y	Y	Y	Y	reference
GCA_001684965.1	651561	Bacteroidota	Chryseobacterium	Chryseobacterium arthrosphaerae	Y	Y	Y	Y	reference
GCA_004365465.1	192389	Bacteroidota	Chryseobacterium	Chryseobacterium daecheongense	Y	Y	Y	Y	reference
GCA_900156145.1	254	Bacteroidota	Chryseobacterium	Chryseobacterium indoltheticum	Y	Y	Y	Y	reference
GCA_042433485.1	59733	Bacteroidota	Chryseobacterium	Chryseobacterium scophthalmum	Y	Y	Y	Y	reference
GCA_014295415.1	2562285	Bacteroidota	Constantimarinum	Constantimarinum furrinae	Y	Y	Y	Y	reference
GCA_001653755.1	1300343	Bacteroidota	Dokdonia	Dokdonia donghaensis	Y	Y	Y	Y	reference
GCA_021440095.1	2906443	Bacteroidota	Dyadobacter	Dyadobacter fanqingshengii	Y	Y	Y	Y	reference
GCA_042684785.1	1761453	Bacteroidota	Euzebyella	Euzebyella marina	Y	Y	Y	Y	reference
GCA_020886115.1	1751056	Bacteroidota	Flavobacterium	Flavobacterium ammonificans	Y	Y	Y	Y	reference
GCA_001686945.1	1763534	Bacteroidota	Flavobacterium	Flavobacterium crassostreae	Y	Y	Y	Y	reference
GCA_027111315.2	3003262	Bacteroidota	Flavobacterium	Flavobacterium limnophilum	Y	Y	Y	Y	reference
GCA_007197735.1	2594004	Bacteroidota	Formosa	Formosa sediminum	Y	Y	Y	Y	reference
GCA_023101345.1	2933777	Bacteroidota	Hymenobacter	Hymenobacter sublimis	Y	Y	Y	Y	reference
GCA_014764305.1	2708110	Bacteroidota	Mesoflavibacter	Mesoflavibacter profundi	Y	Y	Y	Y	reference
GCA_000243275.1	929704	Bacteroidota	Myroides	Myroides odoratus	Y	Y	Y	Y	reference
GCA_019740355.2	2862509	Bacteroidota	Paracrocinitomix	Paracrocinitomix mangrovi	Y	Y	Y	Y	reference
GCA_030244015.1	363852	Bacteroidota	Pedobacter	Pedobacter ginsengisoli	Y	Y	Y	Y	reference
GCA_002954605.1	218490	Bacteroidota	Polaribacter	Polaribacter butkevichii	Y	Y	Y	Y	reference
GCA_002201235.1	1920034	Bacteroidota	Polaribacter	Polaribacter tangerinus	Y	Y	Y	Y	reference
GCA_003585765.1	323450	Bacteroidota	Pontibacter	Pontibacter actiniarum	Y	Y	Y	Y	reference
GCA_030506305.1	930972	Bacteroidota	Porifericola	Porifericola rhodea	Y	Y	Y	Y	reference
GCA_039535665.1	28128	Bacteroidota	Prevotella	Prevotella corporis	Y	Y	Y	Y	reference
GCA_000242335.3	908937	Bacteroidota	Prevotella	Prevotella dentalis	Y	Y	Y	Y	reference
GCA_001262015.1	1236517	Bacteroidota	Prevotella	Prevotella fusca	Y	Y	Y	Y	reference
GCA_000614285.1	1236518	Bacteroidota	Prevotella	Prevotella scopos	Y	Y	Y	Y	reference
GCA_000190735.2	762903	Bacteroidota	Pseudopedobacter	Pseudopedobacter saltans	Y	Y	Y	Y	reference
GCA_000153485.2	313595	Bacteroidota	Psychroflexus	Psychroflexus torquis	Y	Y	Y	Y	reference
GCA_900637655.1	28135	Bacteroidota	Segatella	Segatella oris	Y	Y	Y	Y	reference
GCA_003627955.1	2420510	Bacteroidota	Sphingobacterium	Sphingobacterium puteale	Y	Y	Y	Y	reference
GCA_006385365.1	28112	Bacteroidota	Tannerella	Tannerella forsythia	Y	Y	Y	Y	reference
GCA_001889045.1	1850252	Bacteroidota	Tenacibaculum	Tenacibaculum todarodis	Y	Y	Y	Y	reference
GCA_023674465.1	2949635	Bacteroidota	Xiashengella	Xiashengella succiniciproducens	Y	Y	Y	Y	reference
GCA_022760175.1	2202721	Bacteroidota	Zhouia	Zhouia spongiae	Y	Y	Y	Y	reference
GCA_002993045.1	2933791	Campylobacterota	Aliarcobacter	Aliarcobacter cryaerophilus	Y	Y	Y	Y	reference
GCA_000585115.1	1355374	Campylobacterota	Aliarcobacter	Aliarcobacter lanthieri	Y	Y	Y	Y	reference
GCA_004115735.1	1032239	Campylobacterota	Aliarcobacter	Aliarcobacter skirrowii	Y	Y	Y	Y	reference
GCA_003711085.1	2320140	Campylobacterota	Arcobacter	Arcobacter peruensis	Y	Y	Y	Y	reference
GCA_000621005.1	1121267	Campylobacterota	Campylobacter	Campylobacter cuniculorum	Y	Y	Y	Y	reference
GCA_000222425.1	983328	Campylobacterota	Campylobacter	Campylobacter fetus	Y	Y	Y	Y	reference
GCA_013201605.1	1848766	Campylobacterota	Campylobacter	Campylobacter ornithocola	Y	Y	Y	Y	reference
GCA_017979495.1	213	Campylobacterota	Helicobacter	Helicobacter cinaedi	Y	Y	Y	Y	reference
GCA_002837275.1	197482	Campylobacterota	Malaciobacter	Malaciobacter halophilus	Y	Y	Y	Y	reference
GCA_000020525.1	517418	Chlorobiota	Chloroherpeton	Chloroherpeton thalassium	Y	Y	Y	Y	reference
GCA_030389965.1	3003348	Chloroflexota	Candidatus Chlorohelix	Candidatus Chlorohelix allophototropha	Y	Y	Y	Y	reference
GCA_003385075.1	913107	Chloroflexota	Pelolinea	Pelolinea submarina	Y	Y	Y	Y	reference
GCA_000147335.1	497965	Cyanobacteriota	Gloeothece	Gloeothece verrucosa	Y	Y	Y	Y	reference
GCA_039539825.1	200252	Deinococcota	Deinococcus	Deinococcus aetherius	Y	Y	Y	Y	reference
GCA_001638825.1	243230	Deinococcota	Deinococcus	Deinococcus radiodurans	Y	Y	Y	Y	reference
GCA_000195335.1	869210	Deinococcota	Marinithermus	Marinithermus hydrothermalis	Y	Y	Y	Y	reference
GCA_000024425.1	504728	Deinococcota	Meiothermus	Meiothermus ruber	Y	Y	Y	Y	reference
GCA_900095705.1	1852365	Fusobacteriota	Fusobacterium	Fusobacterium massiliense	Y	Y	Y	Y	reference
GCA_037900625.1	393480	Fusobacteriota	Fusobacterium	Fusobacterium polymorphum	Y	Y	Y	Y	reference
GCA_900637705.1	856	Fusobacteriota	Fusobacterium	Fusobacterium varium	Y	Y	Y	Y	reference
GCA_900456835.1	826	Fusobacteriota	Sebaldella	Sebaldella termitidis	Y	Y	Y	Y	reference
GCA_013004105.1	2732249	Gemmatimonadota	Gemmatimonas	Gemmatimonas groenlandica	Y	Y	Y	Y	reference
GCA_000522985.1	861299	Gemmatimonadota	Gemmatirosa	Gemmatirosa kalamazoonensis	Y	Y	Y	Y	reference
GCA_030127165.1	3032001	Methanobacteriota	Halobaculum	Halobaculum lipolyticum	Y	Y	Y	Y	reference
GCA_013402875.1	2743089	Methanobacteriota	Halorarum	Halorarum salinum	Y	Y	Y	Y	reference
GCA_042663305.1	869890	Methanobacteriota	Halovenus	Halovenus rubra	Y	Y	Y	Y	reference
GCA_032594435.1	3028294	Methanobacteriota	Methanimicrococcus	Methanimicrococcus stummii	Y	Y	Y	Y	reference
GCA_000063445.1	351160	Methanobacteriota	Methanocella	Methanocella arvoryzae	Y	Y	Y	Y	reference
GCA_000196655.1	644295	Methanobacteriota	Methanohalobium	Methanohalobium evestigatum	Y	Y	Y	Y	reference
GCA_031312595.1	3072978	Methanobacteriota	Methanolobus	Methanolobus sediminis	Y	Y	Y	Y	reference
GCA_029633915.1	487686	Methanobacteriota	Methanomicrobium	Methanomicrobium antiquum	Y	Y	Y	Y	reference
GCA_000243255.1	937775	Methanobacteriota	Methanoplanus	Methanoplanus limicola	Y	Y	Y	Y	reference
GCA_000025625.1	547559	Methanobacteriota	Natrialba	Natrialba magadii	Y	Y	Y	Y	reference
GCA_023204835.1	869888	Methanobacteriota	Salinarchaeum	Salinarchaeum laminariae	Y	Y	Y	Y	reference
GCA_000018365.1	523850	Methanobacteriota	Thermococcus	Thermococcus onnurineus	Y	Y	Y	Y	reference
GCA_014023125.1	2782163	Mycoplasmatota	Candidatus Xianfuyuplasma	Candidatus Xianfuyuplasma coldseepsis	Y	Y	Y	Y	reference
GCA_002804125.1	2149	Mycoplasmatota	Mesoplasma	Mesoplasma entomophilum	Y	Y	Y	Y	reference
GCA_006385185.1	92402	Mycoplasmatota	Metamycoplasma	Metamycoplasma equirhinis	Y	Y	Y	Y	reference
GCA_000508245.1	1415773	Mycoplasmatota	Mycoplasma	Mycoplasma ovis	Y	Y	Y	Y	reference
GCA_000385095.1	1267001	Mycoplasmatota	Mycoplasmopsis	Mycoplasmopsis synoviae	Y	Y	Y	Y	reference
GCA_000500935.1	1276258	Mycoplasmatota	Spiroplasma	Spiroplasma apis	Y	Y	Y	Y	reference
GCA_002163565.1	2139	Mycoplasmatota	Spiroplasma	Spiroplasma clarkii	Y	Y	Y	Y	reference
GCA_001267155.1	216942	Mycoplasmatota	Spiroplasma	Spiroplasma litorale	Y	Y	Y	Y	reference
GCA_017301735.1	2813578	Myxococcota	Pyxidicoccus	Pyxidicoccus parkwayensis	Y	Y	Y	Y	reference
GCA_001263175.1	1391653	Myxococcota	Vulgatibacter	Vulgatibacter incomptus	Y	Y	Y	Y	reference
GCA_014701235.1	2715679	Nitrospirota	Dissulfurispira	Dissulfurispira thermophila	Y	Y	Y	Y	reference
GCA_055390845.1	86166	Nitrospirota	Thermodesulfovibrio	Thermodesulfovibrio aggregans	Y	Y	Y	Y	reference
GCA_001514535.1	86166	Nitrospirota	Thermodesulfovibrio	Thermodesulfovibrio aggregans	Y	Y	Y	Y	reference
GCA_009720525.1	2608982	Planctomycetota	Gimesia	Gimesia benthica	Y	Y	Y	Y	reference
GCA_007744515.1	2527980	Planctomycetota	Stratiformator	Stratiformator vulcanicus	Y	Y	Y	Y	reference
GCA_000963945.1	104101	Pseudomonadota	Acetobacter	Acetobacter indonesiensis	Y	Y	Y	Y	reference
GCA_000963965.1	146474	Pseudomonadota	Acetobacter	Acetobacter orientalis	Y	Y	Y	Y	reference
GCA_000787635.2	104102	Pseudomonadota	Acetobacter	Acetobacter tropicalis	Y	Y	Y	Y	reference
GCA_902859685.1	72556	Pseudomonadota	Achromobacter	Achromobacter piechaudii	Y	Y	Y	Y	reference
GCA_002157145.1	553814	Pseudomonadota	Acidovorax	Acidovorax carolinensis	Y	Y	Y	Y	reference
GCA_017090145.1	470	Pseudomonadota	Acinetobacter	Acinetobacter baumannii	Y	Y	Y	Y	reference
GCA_900444725.1	470	Pseudomonadota	Acinetobacter	Acinetobacter baumannii	Y	Y	Y	Y	reference
GCA_000368905.1	981334	Pseudomonadota	Acinetobacter	Acinetobacter radioresistens	Y	Y	Y	Y	reference
GCA_011578045.1	2715164	Pseudomonadota	Acinetobacter	Acinetobacter shaoyimingii	Y	Y	Y	Y	reference
GCA_008630915.1	2609668	Pseudomonadota	Acinetobacter	Acinetobacter suaedae	Y	Y	Y	Y	reference
GCA_042681945.1	1776742	Pseudomonadota	Acinetobacter	Acinetobacter vivianii	Y	Y	Y	Y	reference
GCA_022601715.1	2919921	Pseudomonadota	Acinetobacter	Acinetobacter zhairuonensis	Y	Y	Y	Y	reference
GCA_900187155.1	716	Pseudomonadota	Actinobacillus	Actinobacillus suis	Y	Y	Y	Y	reference
GCA_000819785.1	648	Pseudomonadota	Aeromonas	Aeromonas caviae	Y	Y	Y	Y	reference
GCA_016127195.1	650	Pseudomonadota	Aeromonas	Aeromonas jandaei	Y	Y	Y	Y	reference
GCA_000820105.2	652	Pseudomonadota	Aeromonas	Aeromonas schubertii	Y	Y	Y	Y	reference
GCA_002157225.2	1737490	Pseudomonadota	Agarilytica	Agarilytica rhodophyticola	Y	Y	Y	Y	reference
GCA_002915175.1	1972867	Pseudomonadota	Agrobacterium	Agrobacterium rosae	Y	Y	Y	Y	reference
GCA_002008225.1	1183413	Pseudomonadota	Agrobacterium	Agrobacterium salinitolerans	Y	Y	Y	Y	reference
GCA_020215445.1	1183410	Pseudomonadota	Agrobacterium	Agrobacterium tomkonis	Y	Y	Y	Y	reference
GCA_041429795.1	1128113	Pseudomonadota	Algimonas	Algimonas porphyrae	Y	Y	Y	Y	reference
GCA_017051665.1	707589	Pseudomonadota	Aliamphritea	Aliamphritea spongicola	Y	Y	Y	Y	reference
GCA_014647395.1	668	Pseudomonadota	Aliivibrio	Aliivibrio fischeri	Y	Y	Y	Y	reference
GCA_055389275.1	400390	Pseudomonadota	Alkalimonas	Alkalimonas collagenimarina	Y	Y	Y	Y	reference
GCA_030813495.1	223390	Pseudomonadota	Ancylobacter	Ancylobacter polymorphus	Y	Y	Y	Y	reference
GCA_000175215.2	573065	Pseudomonadota	Asticcacaulis	Asticcacaulis excentricus	Y	Y	Y	Y	reference
GCA_000382705.1	1121028	Pseudomonadota	Aureimonas	Aureimonas ureilytica	Y	Y	Y	Y	reference
GCA_018905915.1	2785627	Pseudomonadota	Azospira	Azospira inquinata	Y	Y	Y	Y	reference
GCA_004327905.1	353	Pseudomonadota	Azotobacter	Azotobacter chroococcum	Y	Y	Y	Y	reference
GCA_013388295.1	52764	Pseudomonadota	Bartonella	Bartonella alsatica	Y	Y	Y	Y	reference
GCA_000743945.1	1072685	Pseudomonadota	Basilea	Basilea psittacipulmonis	Y	Y	Y	Y	reference
GCA_021391275.1	518	Pseudomonadota	Bordetella	Bordetella bronchiseptica	Y	Y	Y	Y	reference
GCA_007290395.2	1404864	Pseudomonadota	Bradyrhizobium	Bradyrhizobium cosmicum	Y	Y	Y	Y	reference
GCA_042430365.1	1437360	Pseudomonadota	Bradyrhizobium	Bradyrhizobium erythrophlei	Y	Y	Y	Y	reference
GCA_023503965.1	1312364	Pseudomonadota	Brevundimonas	Brevundimonas albigilva	Y	Y	Y	Y	reference
GCA_039522855.1	172043	Pseudomonadota	Brevundimonas	Brevundimonas nasdae	Y	Y	Y	Y	reference
GCA_012103185.1	439375	Pseudomonadota	Brucella	Brucella anthropi	Y	Y	Y	Y	reference
GCA_001513745.1	430531	Pseudomonadota	Burkholderia	Burkholderia humptydooensis	Y	Y	Y	Y	reference
GCA_902829515.1	342113	Pseudomonadota	Burkholderia	Burkholderia oklahomensis	Y	Y	Y	Y	reference
GCA_902499185.1	101571	Pseudomonadota	Burkholderia	Burkholderia ubonensis	Y	Y	Y	Y	reference
GCA_011290485.1	2699430	Pseudomonadota	Caldichromatium	Caldichromatium japonicum	Y	Y	Y	Y	reference
GCA_009746125.1	2591109	Pseudomonadota	Casimicrobium	Casimicrobium huifangae	Y	Y	Y	Y	reference
GCA_016583745.1	61644	Pseudomonadota	Chromatium	Chromatium okenii	Y	Y	Y	Y	reference
GCA_001676875.1	251747	Pseudomonadota	Chromobacterium	Chromobacterium subtsugae	Y	Y	Y	Y	reference
GCA_042646305.1	1969821	Pseudomonadota	Ciceribacter	Ciceribacter thiooxidans	Y	Y	Y	Y	reference
GCA_001720485.1	28258	Pseudomonadota	Cobetia	Cobetia marina	Y	Y	Y	Y	reference
GCA_008801935.1	225992	Pseudomonadota	Comamonas	Comamonas kerstersii	Y	Y	Y	Y	reference
GCA_041222875.1	1159491	Pseudomonadota	Cronobacter	Cronobacter malonaticus	Y	Y	Y	Y	reference
GCA_001277195.1	1159613	Pseudomonadota	Cronobacter	Cronobacter muytjensii	Y	Y	Y	Y	reference
GCA_900249725.1	96344	Pseudomonadota	Cupriavidus	Cupriavidus oxalaticus	Y	Y	Y	Y	reference
GCA_016127415.1	80866	Pseudomonadota	Delftia	Delftia acidovorans	Y	Y	Y	Y	reference
GCA_014926585.1	2657486	Pseudomonadota	Devosia	Devosia beringensis	Y	Y	Y	Y	reference
GCA_000365305.1	1223568	Pseudomonadota	Dickeya	Dickeya dianthicola	Y	Y	Y	Y	reference
GCA_003934295.1	2259638	Pseudomonadota	Dickeya	Dickeya lacustris	Y	Y	Y	Y	reference
GCA_026283925.1	1920171	Pseudomonadota	Dyella	Dyella halodurans	Y	Y	Y	Y	reference
GCA_014297575.1	2763498	Pseudomonadota	Dyella	Dyella telluris	Y	Y	Y	Y	reference
GCA_900156225.1	233100	Pseudomonadota	Ectothiorhodosinus	Ectothiorhodosinus mongolicus	Y	Y	Y	Y	reference
GCA_022227765.1	1054	Pseudomonadota	Ectothiorhodospira	Ectothiorhodospira shaposhnikovii	Y	Y	Y	Y	reference
GCA_001583435.1	570277	Pseudomonadota	Endozoicomonas	Endozoicomonas montiporae	Y	Y	Y	Y	reference
GCA_009660455.1	69219	Pseudomonadota	Enterobacter	Enterobacter cloacae	Y	Y	Y	Y	reference
GCA_028890245.1	3029761	Pseudomonadota	Enterobacter	Enterobacter pasteurii	Y	Y	Y	Y	reference
GCA_042427805.1	65700	Pseudomonadota	Erwinia	Erwinia tracheiphila	Y	Y	Y	Y	reference
GCA_020097475.1	564	Pseudomonadota	Escherichia	Escherichia fergusonii	Y	Y	Y	Y	reference
GCA_001275365.1	1086726	Pseudomonadota	Francisella	Francisella persica	Y	Y	Y	Y	reference
GCA_000145255.1	395494	Pseudomonadota	Gallionella	Gallionella capsiferriformans	Y	Y	Y	Y	reference
GCA_001541345.2	373	Pseudomonadota	Gillisella	Gillisella vitis	Y	Y	Y	Y	reference
GCA_002015085.1	738	Pseudomonadota	Glaesserella	Glaesserella parasuis	Y	Y	Y	Y	reference
GCA_001580845.1	318683	Pseudomonadota	Gluconobacter	Gluconobacter albidus	Y	Y	Y	Y	reference
GCA_001581045.1	442	Pseudomonadota	Gluconobacter	Gluconobacter oxydans	Y	Y	Y	Y	reference
GCA_002015035.1	735	Pseudomonadota	Haemophilus	Haemophilus parahaemolyticus	Y	Y	Y	Y	reference
GCA_002869505.1	930805	Pseudomonadota	Halioglobus	Halioglobus japonicus	Y	Y	Y	Y	reference
GCA_042433425.1	1930622	Pseudomonadota	Halomonas	Halomonas alkalicola	Y	Y	Y	Y	reference
GCA_039522625.1	475662	Pseudomonadota	Halomonas	Halomonas beimenensis	Y	Y	Y	Y	reference
GCA_900116625.1	86102	Pseudomonadota	Idiomarina	Idiomarina abyssalis	Y	Y	Y	Y	reference
GCA_038500265.1	1111732	Pseudomonadota	Ignatzschineria	Ignatzschineria larvae	Y	Y	Y	Y	reference
GCA_014202795.1	392593	Pseudomonadota	Inhella	Inhella inkyongensis	Y	Y	Y	Y	reference
GCA_000723165.1	1349767	Pseudomonadota	Janthinobacterium	Janthinobacterium agaricidamnosum	Y	Y	Y	Y	reference
GCA_022870985.1	265175	Pseudomonadota	Kingella	Kingella potus	Y	Y	Y	Y	reference
GCA_020115545.1	244366	Pseudomonadota	Klebsiella	Klebsiella variicola	Y	Y	Y	Y	reference
GCA_003207865.1	1053551	Pseudomonadota	Komagataeibacter	Komagataeibacter sucrofermentans	Y	Y	Y	Y	reference
GCA_030704225.1	3064532	Pseudomonadota	Kosakonia	Kosakonia styphnolobii	Y	Y	Y	Y	reference
GCA_002157205.1	157779	Pseudomonadota	Kushneria	Kushneria marisflavi	Y	Y	Y	Y	reference
GCA_001854625.1	657387	Pseudomonadota	Kushneria	Kushneria phosphatilytica	Y	Y	Y	Y	reference
GCA_900639785.1	28082	Pseudomonadota	Legionella	Legionella anisa	Y	Y	Y	Y	reference
GCA_000953135.1	1212491	Pseudomonadota	Legionella	Legionella fallonii	Y	Y	Y	Y	reference
GCA_001467645.1	45065	Pseudomonadota	Legionella	Legionella geestiana	Y	Y	Y	Y	reference
GCA_004283175.1	450	Pseudomonadota	Legionella	Legionella longbeachae	Y	Y	Y	Y	reference
GCA_900706845.1	82981	Pseudomonadota	Leminorella	Leminorella grimontii	Y	Y	Y	Y	reference
GCA_004323635.1	2528642	Pseudomonadota	Lichenihabitans	Lichenihabitans psoromatis	Y	Y	Y	Y	reference
GCA_900101505.1	561184	Pseudomonadota	Mameliella	Mameliella alba	Y	Y	Y	Y	reference
GCA_006547045.1	2591633	Pseudomonadota	Marilutibacter	Marilutibacter alkalisoli	Y	Y	Y	Y	reference
GCA_004793685.1	2029849	Pseudomonadota	Marinicauda	Marinicauda algicola	Y	Y	Y	Y	reference
GCA_000284615.1	1163748	Pseudomonadota	Marinobacter	Marinobacter nauticus	Y	Y	Y	Y	reference
GCA_003337275.1	491950	Pseudomonadota	Marinomonas	Marinomonas foliarum	Y	Y	Y	Y	reference
GCA_026191375.1	264739	Pseudomonadota	Marinomonas	Marinomonas pontica	Y	Y	Y	Y	reference
GCA_002795805.1	1921086	Pseudomonadota	Mariprofundus	Mariprofundus aestuarium	Y	Y	Y	Y	reference
GCA_042660405.1	457921	Pseudomonadota	Massilia	Massilia varians	Y	Y	Y	Y	reference
GCA_003289965.1	2233532	Pseudomonadota	Mesorhizobium	Mesorhizobium atlanticum	Y	Y	Y	Y	reference
GCA_019669985.1	1295382	Pseudomonadota	Methylogaea	Methylogaea oryzae	Y	Y	Y	Y	reference
GCA_030296755.1	45495	Pseudomonadota	Methylophaga	Methylophaga marina	Y	Y	Y	Y	reference
GCA_022179725.1	269069	Pseudomonadota	Methylorubrum	Methylorubrum aminovorans	Y	Y	Y	Y	reference
GCA_000093025.1	666681	Pseudomonadota	Methylotenera	Methylotenera versatilis	Y	Y	Y	Y	reference
GCA_000968535.1	1091494	Pseudomonadota	Methylotuvimicrobium	Methylotuvimicrobium alcaliphilum	Y	Y	Y	Y	reference
GCA_005771435.1	2576840	Pseudomonadota	Microbulbifer	Microbulbifer harenosus	Y	Y	Y	Y	reference
GCA_009931115.1	48074	Pseudomonadota	Microbulbifer	Microbulbifer hydrolyticus	Y	Y	Y	Y	reference
GCA_022701215.1	2904121	Pseudomonadota	Moraxella	Moraxella nasovis	Y	Y	Y	Y	reference
GCA_014055025.1	267212	Pseudomonadota	Neisseria	Neisseria bacilliformis	Y	Y	Y	Y	reference
GCA_014054945.1	490	Pseudomonadota	Neisseria	Neisseria sicca	Y	Y	Y	Y	reference
GCA_040930455.2	2026239	Pseudomonadota	Neopusillimonas	Neopusillimonas maritima	Y	Y	Y	Y	reference
GCA_006148955.1	1031538	Pseudomonadota	Neptunomonas	Neptunomonas concharum	Y	Y	Y	Y	reference
GCA_017161445.1	2811415	Pseudomonadota	Niveibacterium	Niveibacterium microcysteis	Y	Y	Y	Y	reference
GCA_042660805.1	158500	Pseudomonadota	Novosphingobium	Novosphingobium resinovorum	Y	Y	Y	Y	reference
GCA_000767615.3	93220	Pseudomonadota	Pandoraea	Pandoraea pnomenusa	Y	Y	Y	Y	reference
GCA_900454465.1	121719	Pseudomonadota	Pannonibacter	Pannonibacter phragmitetus	Y	Y	Y	Y	reference
GCA_902833655.1	252970	Pseudomonadota	Paraburkholderia	Paraburkholderia phenoliruptrix	Y	Y	Y	Y	reference
GCA_002865605.1	2065379	Pseudomonadota	Paracoccus	Paracoccus jeotgali	Y	Y	Y	Y	reference
GCA_016919705.1	2812658	Pseudomonadota	Paracoccus	Paracoccus methylovorus	Y	Y	Y	Y	reference
GCA_000763885.1	34007	Pseudomonadota	Paracoccus	Paracoccus versutus	Y	Y	Y	Y	reference
GCA_000347635.1	1129794	Pseudomonadota	Paraglaciecola	Paraglaciecola psychrophila	Y	Y	Y	Y	reference
GCA_965138095.1	1755811	Pseudomonadota	Paraphotobacterium	Paraphotobacterium marinum	Y	Y	Y	Y	reference
GCA_006385135.1	2043170	Pseudomonadota	Paremcibacter	Paremcibacter congregatus	Y	Y	Y	Y	reference
GCA_001742145.1	1905730	Pseudomonadota	Pectobacterium	Pectobacterium parmentieri	Y	Y	Y	Y	reference
GCA_022953395.1	2919917	Pseudomonadota	Peteryoungia	Peteryoungia algae	Y	Y	Y	Y	reference
GCA_030369675.1	2919917	Pseudomonadota	Peteryoungia	Peteryoungia algae	Y	Y	Y	Y	reference
GCA_008801645.1	289370	Pseudomonadota	Phytopseudomonas	Phytopseudomonas argentinensis	Y	Y	Y	Y	reference
GCA_002777965.1	1987580	Pseudomonadota	Proteus	Proteus columbae	Y	Y	Y	Y	reference
GCA_003144325.1	1574161	Pseudomonadota	Proteus	Proteus terrae	Y	Y	Y	Y	reference
GCA_019048105.1	587	Pseudomonadota	Providencia	Providencia rettgeri	Y	Y	Y	Y	reference
GCA_007556775.1	1324796	Pseudomonadota	Pseudoluteimonas	Pseudoluteimonas lycopersici	Y	Y	Y	Y	reference
GCA_009932335.1	2219225	Pseudomonadota	Pseudomonas	Pseudomonas asiatica	Y	Y	Y	Y	reference
GCA_056591435.1	587851	Pseudomonadota	Pseudomonas	Pseudomonas chlororaphis	Y	Y	Y	Y	reference
GCA_015471425.1	36746	Pseudomonadota	Pseudomonas	Pseudomonas cichorii	Y	Y	Y	Y	reference
GCA_900625085.1	78544	Pseudomonadota	Pseudomonas	Pseudomonas gessardii	Y	Y	Y	Y	reference
GCA_007858185.1	129847	Pseudomonadota	Pseudomonas	Pseudomonas grimontii	Y	Y	Y	Y	reference
GCA_004920405.1	2448482	Pseudomonadota	Pseudomonas	Pseudomonas leptonychotis	Y	Y	Y	Y	reference
GCA_900105115.1	395600	Pseudomonadota	Pseudomonas	Pseudomonas mohnii	Y	Y	Y	Y	reference
GCA_001439815.1	76758	Pseudomonadota	Pseudomonas	Pseudomonas orientalis	Y	Y	Y	Y	reference
GCA_000397205.1	1124983	Pseudomonadota	Pseudomonas	Pseudomonas protegens	Y	Y	Y	Y	reference
GCA_049801275.1	303	Pseudomonadota	Pseudomonas	Pseudomonas putida	Y	Y	Y	Y	reference
GCA_004214895.1	2518644	Pseudomonadota	Pseudomonas	Pseudomonas tructae	Y	Y	Y	Y	reference
GCA_004348895.1	95300	Pseudomonadota	Pseudomonas	Pseudomonas vancouverensis	Y	Y	Y	Y	reference
GCA_000768315.1	1461694	Pseudomonadota	Pseudooceanicola	Pseudooceanicola atlanticus	Y	Y	Y	Y	reference
GCA_020736705.1	861445	Pseudomonadota	Psychrobacter	Psychrobacter sanguinis	Y	Y	Y	Y	reference
GCA_007855645.1	2599296	Pseudomonadota	Qingshengfaniella	Qingshengfaniella alkalisoli	Y	Y	Y	Y	reference
GCA_019049675.1	2816248	Pseudomonadota	Rahnella	Rahnella bonaserana	Y	Y	Y	Y	reference
GCA_042647065.1	305	Pseudomonadota	Ralstonia	Ralstonia solanacearum	Y	Y	Y	Y	reference
GCA_042434295.1	305	Pseudomonadota	Ralstonia	Ralstonia solanacearum	Y	Y	Y	Y	reference
GCA_005862305.2	2583231	Pseudomonadota	Rhizobium	Rhizobium indicum	Y	Y	Y	Y	reference
GCA_014202125.1	384	Pseudomonadota	Rhizobium	Rhizobium leguminosarum	Y	Y	Y	Y	reference
GCA_042647585.1	439228	Pseudomonadota	Rhizorhabdus	Rhizorhabdus histidinilytica	Y	Y	Y	Y	reference
GCA_001856665.1	1850250	Pseudomonadota	Rhodobacter	Rhodobacter xanthinilyticus	Y	Y	Y	Y	reference
GCA_001441635.1	540747	Pseudomonadota	Roseovarius	Roseovarius indicus	Y	Y	Y	Y	reference
GCA_003006155.1	1771309	Pseudomonadota	Salinicola	Salinicola tamaricis	Y	Y	Y	Y	reference
GCA_005280275.1	1908198	Pseudomonadota	Salinivibrio	Salinivibrio kushneri	Y	Y	Y	Y	reference
GCA_965138065.1	59203	Pseudomonadota	Salmonella	Salmonella enterica	Y	Y	Y	Y	reference
GCA_000735445.1	911022	Pseudomonadota	Serratia	Serratia marcescens	Y	Y	Y	Y	reference
GCA_017301275.1	911022	Pseudomonadota	Serratia	Serratia marcescens	Y	Y	Y	Y	reference
GCA_056485985.1	2590884	Pseudomonadota	Shewanella	Shewanella glacialimarina	Y	Y	Y	Y	reference
GCA_000091325.1	637905	Pseudomonadota	Shewanella	Shewanella violacea	Y	Y	Y	Y	reference
GCA_000019525.1	392500	Pseudomonadota	Shewanella	Shewanella woodyi	Y	Y	Y	Y	reference
GCA_003970735.1	1826607	Pseudomonadota	Silicimonas	Silicimonas algicola	Y	Y	Y	Y	reference
GCA_008932245.1	1752398	Pseudomonadota	Sinorhizobium	Sinorhizobium alkalisoli	Y	Y	Y	Y	reference
GCA_007827695.1	110321	Pseudomonadota	Sinorhizobium	Sinorhizobium medicae	Y	Y	Y	Y	reference
GCA_009601385.1	382	Pseudomonadota	Sinorhizobium	Sinorhizobium meliloti	Y	Y	Y	Y	reference
GCA_000261485.1	716928	Pseudomonadota	Sinorhizobium	Sinorhizobium sojae	Y	Y	Y	Y	reference
GCA_042433245.1	332055	Pseudomonadota	Sphingobium	Sphingobium indicum	Y	Y	Y	Y	reference
GCA_030866745.1	3132797	Pseudomonadota	Sphingomonas	Sphingomonas flavescens	Y	Y	Y	Y	reference
GCA_000935025.1	1609977	Pseudomonadota	Sphingomonas	Sphingomonas hengshuiensis	Y	Y	Y	Y	reference
GCA_024496245.1	2918765	Pseudomonadota	Sphingomonas	Sphingomonas qomolangmaensis	Y	Y	Y	Y	reference
GCA_054779055.1	1748242	Pseudomonadota	Spongiibacter	Spongiibacter taiwanensis	Y	Y	Y	Y	reference
GCA_900186865.1	40324	Pseudomonadota	Stenotrophomonas	Stenotrophomonas maltophilia	Y	Y	Y	Y	reference
GCA_900101175.1	487698	Pseudomonadota	Stenotrophomonas	Stenotrophomonas pavanii	Y	Y	Y	Y	reference
GCA_030549615.1	3055080	Pseudomonadota	Stenotrophomonas	Stenotrophomonas pigmentata	Y	Y	Y	Y	reference
GCA_016028515.1	2968969	Pseudomonadota	Stutzerimonas	Stutzerimonas frequens	Y	Y	Y	Y	reference
GCA_024328335.1	271420	Pseudomonadota	Stutzerimonas	Stutzerimonas xanthomarina	Y	Y	Y	Y	reference
GCA_003967275.1	1914471	Pseudomonadota	Sulfuritortus	Sulfuritortus calidifontis	Y	Y	Y	Y	reference
GCA_002163585.1	53336	Pseudomonadota	Tatumella	Tatumella citrea	Y	Y	Y	Y	reference
GCA_030295995.1	3030492	Pseudomonadota	Thalassotalea	Thalassotalea hakodatensis	Y	Y	Y	Y	reference
GCA_900108255.1	96773	Pseudomonadota	Thauera	Thauera chlorobenzoica	Y	Y	Y	Y	reference
GCA_013282625.1	2739063	Pseudomonadota	Thiomicrorhabdus	Thiomicrorhabdus xiamenensis	Y	Y	Y	Y	reference
GCA_004363035.1	1501432	Pseudomonadota	Thiopseudomonas	Thiopseudomonas denitrificans	Y	Y	Y	Y	reference
GCA_040314805.1	28094	Pseudomonadota	Trinickia	Trinickia caryophylli	Y	Y	Y	Y	reference
GCA_002285285.1	2029117	Pseudomonadota	Vandammella	Vandammella animalimorsus	Y	Y	Y	Y	reference
GCA_024347515.1	296199	Pseudomonadota	Vibrio	Vibrio gigantis	Y	Y	Y	Y	reference
GCA_002906655.1	1534743	Pseudomonadota	Vibrio	Vibrio hyugaensis	Y	Y	Y	Y	reference
GCA_042430565.1	136468	Pseudomonadota	Vibrio	Vibrio lentus	Y	Y	Y	Y	reference
GCA_024346975.1	278860	Pseudomonadota	Vibrio	Vibrio neonatus	Y	Y	Y	Y	reference
GCA_002737025.1	29497	Pseudomonadota	Vibrio	Vibrio splendidus	Y	Y	Y	Y	reference
GCA_006333845.1	212663	Pseudomonadota	Vibrio	Vibrio tasmaniensis	Y	Y	Y	Y	reference
GCA_001591065.1	1219061	Pseudomonadota	Vibrio	Vibrio vulnificus	Y	Y	Y	Y	reference
GCA_003716875.1	2479546	Pseudomonadota	Vibrio	Vibrio zhugei	Y	Y	Y	Y	reference
GCA_002939865.1	743699	Pseudomonadota	Xanthomonas	Xanthomonas dyei	Y	Y	Y	Y	reference
GCA_900476395.1	2259622	Pseudomonadota	Xanthomonas	Xanthomonas euroxanthea	Y	Y	Y	Y	reference
GCA_002939985.1	2754057	Pseudomonadota	Xanthomonas	Xanthomonas hortorum	Y	Y	Y	Y	reference
GCA_002939895.1	56455	Pseudomonadota	Xanthomonas	Xanthomonas hyacinthi	Y	Y	Y	Y	reference
GCA_001402235.1	1437877	Pseudomonadota	Xanthomonas	Xanthomonas phaseoli	Y	Y	Y	Y	reference
GCA_022749655.1	317013	Pseudomonadota	Xanthomonas	Xanthomonas phaseoli	Y	Y	Y	Y	reference
GCA_002940605.1	56464	Pseudomonadota	Xanthomonas	Xanthomonas theicola	Y	Y	Y	Y	reference
GCA_901472495.1	150052	Pseudomonadota	Yersinia	Yersinia enterocolitica	Y	Y	Y	Y	reference
GCA_002237365.1	347534	Pseudomonadota	Zobellella	Zobellella denitrificans	Y	Y	Y	Y	reference
GCA_032595875.2	42109	Spirochaetota	Borreliella	Borreliella andersonii	Y	Y	Y	Y	reference
GCA_023525255.1	2828656	Spirochaetota	Thermospira	Thermospira aquatica	Y	Y	Y	Y	reference
GCA_042652825.1	571438	Thermodesulfobacteriota	Desulfovibrio	Desulfovibrio legallii	Y	Y	Y	Y	reference
GCA_902167245.1	882	Thermodesulfobacteriota	Nitratidesulfovibrio	Nitratidesulfovibrio vulgaris	Y	Y	Y	Y	reference
GCA_000176915.2	643562	Thermodesulfobacteriota	Pseudodesulfovibrio	Pseudodesulfovibrio aespoeensis	Y	Y	Y	Y	reference
GCA_000017945.1	453591	Thermoproteota	Ignicoccus	Ignicoccus hospitalis	Y	Y	Y	Y	reference
GCA_000204925.1	1006006	Thermoproteota	Metallosphaera	Metallosphaera cuprina	Y	Y	Y	Y	reference
GCA_009729515.1	523847	Thermoproteota	Sulfuracidifex	Sulfuracidifex metallicus	Y	Y	Y	Y	reference
GCA_014202105.1	69656	Thermoproteota	Sulfurisphaera	Sulfurisphaera ohwakuensis	Y	Y	Y	Y	reference
GCA_000446015.1	1365176	Thermoproteota	Thermofilum	Thermofilum adornatum	Y	Y	Y	Y	reference
GCA_000255135.1	443254	Thermotogota	Marinitoga	Marinitoga piezophila	Y	Y	Y	Y	reference
GCA_000018605.1	403833	Thermotogota	Petrotoga	Petrotoga mobilis	Y	Y	Y	Y	reference
GCA_003366055.1	2066483	unclassified Bacteria phylum	Candidatus Chromulinivorax	Candidatus Chromulinivorax destructor	Y	Y	Y	Y	reference
GCA_007993775.1	2292766	unclassified Bacteria phylum	Persicimonas	Persicimonas caeni	Y	Y	Y	Y	reference
