taxid	species	phylum	superkingdom
56	Sorangium cellulosum	Myxococcota	Bacteria
63	Vitreoscilla filiformis	Pseudomonadota	Bacteria
78	Caulobacter sp.	Pseudomonadota	Bacteria
87	Hyphomonas sp.	Pseudomonadota	Bacteria
163	Treponema bryantii	Spirochaetota	Bacteria
180	Leptospirillum ferrooxidans	Nitrospirota	Bacteria
239	Flavobacterium sp.	Bacteroidota	Bacteria
267	Paracoccus sp. (in: a-proteobacteria)	Pseudomonadota	Bacteria
306	Pseudomonas sp.	Pseudomonadota	Bacteria
361	Agrobacterium sp.	Pseudomonadota	Bacteria
376	Bradyrhizobium sp.	Pseudomonadota	Bacteria
409	Methylobacterium sp.	Pseudomonadota	Bacteria
472	Acinetobacter sp.	Pseudomonadota	Bacteria
524	Acidiphilium cryptum	Pseudomonadota	Bacteria
576	Klebsiella sp.	Pseudomonadota	Bacteria
599	Salmonella sp.	Pseudomonadota	Bacteria
616	Serratia sp. (in: enterobacteria)	Pseudomonadota	Bacteria
647	Aeromonas sp.	Pseudomonadota	Bacteria
678	Vibrio sp.	Pseudomonadota	Bacteria
749	[Pasteurella] aerogenes	Pseudomonadota	Bacteria
760	Pasteurella stomatis	Pseudomonadota	Bacteria
786	Rickettsia akari	Pseudomonadota	Bacteria
788	Rickettsia canadensis	Pseudomonadota	Bacteria
803	Bartonella quintana	Pseudomonadota	Bacteria
850	Fusobacterium mortiferum	Fusobacteriota	Bacteria
924	Thiobacillus sp.	Pseudomonadota	Bacteria
944	Ehrlichia canis	Pseudomonadota	Bacteria
949	Anaplasma platys	Pseudomonadota	Bacteria
955	Wolbachia pipientis	Pseudomonadota	Bacteria
1042	Erythrobacter sp.	Pseudomonadota	Bacteria
1094	Chlorobium phaeovibrioides	Chlorobiota	Bacteria
1131	Synechococcus sp.	Cyanobacteriota	Bacteria
1147	Synechocystis sp. PCC 6714	Cyanobacteriota	Bacteria
1148	Synechocystis sp. PCC 6803	Cyanobacteriota	Bacteria
1164	Trichormus azollae	Cyanobacteriota	Bacteria
1166	Dolichospermum flos-aquae	Cyanobacteriota	Bacteria
1178	Nostoc commune	Cyanobacteriota	Bacteria
1188	Tolypothrix sp. PCC 7601	Cyanobacteriota	Bacteria
1206	Trichodesmium erythraeum	Cyanobacteriota	Bacteria
1319	Streptococcus sp. 'group B'	Bacillota	Bacteria
1346	Streptococcus iniae	Bacillota	Bacteria
1394	[Bacillus] caldolyticus	Bacillota	Bacteria
1400	Bacillus intermedius	Bacillota	Bacteria
1476	Sporosarcina psychrophila	Bacillota	Bacteria
1506	Clostridium sp.	Bacillota	Bacteria
1591	Lactobacillus sp.	Bacillota	Bacteria
1667	Arthrobacter sp.	Actinomycetota	Bacteria
1769	Mycobacterium leprae	Actinomycetota	Bacteria
1831	Rhodococcus sp. (in: high G+C Gram-positive bacteria)	Actinomycetota	Bacteria
1858	Frankia sp. ArI3	Actinomycetota	Bacteria
1885	Streptomyces actuosus	Actinomycetota	Bacteria
1902	Streptomyces coelicolor	Actinomycetota	Bacteria
1916	Streptomyces lividans	Actinomycetota	Bacteria
1926	Streptomyces reticuli	Actinomycetota	Bacteria
1968	Streptomyces cellulosae	Actinomycetota	Bacteria
2125	Metamycoplasma sualvi	Mycoplasmatota	Bacteria
2134	Spiroplasma melliferum	Mycoplasmatota	Bacteria
2138	Spiroplasma poulsonii	Mycoplasmatota	Bacteria
2155	Phytoplasma sp.	Mycoplasmatota	Bacteria
2355	unidentified bacterial endosymbiont	unclassified	Bacteria
2360	Bathymodiolus thermophilus thioautotrophic gill symbiont	Pseudomonadota	Bacteria
28072	Nostoc sp. PCC 7524	Cyanobacteriota	Bacteria
28176	Candidatus Photodesmus anomalopis	Pseudomonadota	Bacteria
28184	Leptospira weilii	Spirochaetota	Bacteria
28214	Sphingomonas sp.	Pseudomonadota	Bacteria
28227	Malacoplasma penetrans	Mycoplasmatota	Bacteria
28229	Colwellia psychrerythraea	Pseudomonadota	Bacteria
28896	Thermoanaerobacterium saccharolyticum	Bacillota	Bacteria
29341	Clostridium argentinense	Bacillota	Bacteria
29468	Methylocystis echinoides	Pseudomonadota	Bacteria
29523	Bacteroides sp.	Bacteroidota	Bacteria
29541	Methylophilus sp.	Pseudomonadota	Bacteria
29546	Lawsonia intracellularis	Thermodesulfobacteriota	Bacteria
29554	Metamycoplasma canadense	Mycoplasmatota	Bacteria
32025	Helicobacter hepaticus	Campylobacterota	Bacteria
32049	Picosynechococcus sp. PCC 7002	Cyanobacteriota	Bacteria
32052	Synechococcus sp. WH 8020	Cyanobacteriota	Bacteria
33040	Streptococcus milleri	Bacillota	Bacteria
33046	Bartonella taylorii	Pseudomonadota	Bacteria
33056	Candidatus Kinetoplastidibacterium crithidiae	Pseudomonadota	Bacteria
33883	Microbacterium arborescens	Actinomycetota	Bacteria
33905	Bifidobacterium thermophilum	Actinomycetota	Bacteria
33934	Anoxybacillus flavithermus	Bacillota	Bacteria
33936	Aeribacillus pallidus	Bacillota	Bacteria
33989	Rickettsia amblyommatis	Pseudomonadota	Bacteria
33991	Rickettsia montanensis	Pseudomonadota	Bacteria
34020	Candidatus Liberibacter africanus	Pseudomonadota	Bacteria
34029	Leptothrix cholodnii	Pseudomonadota	Bacteria
34094	Simkania sp.	Chlamydiota	Bacteria
35769	Metamycoplasma gateae	Mycoplasmatota	Bacteria
35770	Tomato big bud phytoplasma	Mycoplasmatota	Bacteria
35772	Peanut witches'-broom phytoplasma	Mycoplasmatota	Bacteria
35773	Candidatus Phytoplasma luffae	Mycoplasmatota	Bacteria
35779	Aster yellows phytoplasma	Mycoplasmatota	Bacteria
35780	Candidatus Phytoplasma fraxini	Mycoplasmatota	Bacteria
35783	Enterococcus sp.	Bacillota	Bacteria
35788	Rickettsia africae	Pseudomonadota	Bacteria
35789	Rickettsia helvetica	Pseudomonadota	Bacteria
35791	Rickettsia massiliae	Pseudomonadota	Bacteria
35792	Rickettsia parkeri	Pseudomonadota	Bacteria
35841	Caldibacillus thermoamylovorans	Bacillota	Bacteria
37692	Candidatus Phytoplasma mali	Mycoplasmatota	Bacteria
37694	Beet leafhopper transmitted virescence phytoplasma	Mycoplasmatota	Bacteria
37700	Pigeon pea witches'-broom phytoplasma	Mycoplasmatota	Bacteria
38300	Streptomyces pristinaespiralis	Actinomycetota	Bacteria
39647	Paulownia witches'-broom phytoplasma	Mycoplasmatota	Bacteria
39689	Mycobacterium gallinarum	Actinomycetota	Bacteria
39765	Hydrogenovibrio crunogenus	Pseudomonadota	Bacteria
39768	Blattabacterium sp. (Mastotermes darwiniensis)	Bacteroidota	Bacteria
39950	Dialister pneumosintes	Bacillota	Bacteria
40001	Cellulomonas sp.	Actinomycetota	Bacteria
40269	Aliivibrio salmonicida	Pseudomonadota	Bacteria
40577	Xenorhabdus poinarii	Pseudomonadota	Bacteria
42094	Ureaplasma diversum	Mycoplasmatota	Bacteria
42239	Streptomyces sampsonii	Actinomycetota	Bacteria
42353	Nitrosomonas sp.	Pseudomonadota	Bacteria
42895	Enterobacter sp.	Pseudomonadota	Bacteria
43306	Pseudomonas denitrificans (nom. rej.)	Pseudomonadota	Bacteria
43617	Mesorhizobium mediterraneum	Pseudomonadota	Bacteria
43774	Syntrophus buswellii	Thermodesulfobacteriota	Bacteria
43990	Corynebacterium segmentosum	Actinomycetota	Bacteria
44273	Lactococcus sp.	Bacillota	Bacteria
44448	Borrelia persica	Spirochaetota	Bacteria
44742	Desulfovibrio fairfieldensis	Thermodesulfobacteriota	Bacteria
44822	Microcystis viridis	Cyanobacteriota	Bacteria
46234	Anabaena sp. 90	Cyanobacteriota	Bacteria
47478	Deinococcus sp.	Deinococcota	Bacteria
47490	Thermoanaerobacterium aotearoense	Bacillota	Bacteria
47589	Rickettsia peacockii	Pseudomonadota	Bacteria
47660	Pseudomonas sp. ADP	Pseudomonadota	Bacteria
47834	Spiroplasma kunkelii	Mycoplasmatota	Bacteria
48003	Mycoplasmopsis pullorum	Mycoplasmatota	Bacteria
48221	Carnobacterium sp.	Bacillota	Bacteria
48257	Clostridium sp. MCF-1	Bacillota	Bacteria
49118	Candidatus Arthromitus sp. SFB-mouse	Bacillota	Bacteria
49982	Sporosarcina sp.	Bacillota	Bacteria
50338	Rhizobium sullae	Pseudomonadota	Bacteria
50422	Shewanella sp.	Pseudomonadota	Bacteria
50741	Marinobacter sp.	Pseudomonadota	Bacteria
51049	Actinobacillus indolicus	Pseudomonadota	Bacteria
51161	Actinobacillus delphinicola	Pseudomonadota	Bacteria
51229	Wigglesworthia glossinidia	Pseudomonadota	Bacteria
52761	Azospirillum largimobile	Pseudomonadota	Bacteria
55212	Erwinia rhapontici	Pseudomonadota	Bacteria
55395	Bradyrhizobium sp. NC92	Pseudomonadota	Bacteria
56142	Metamycoplasma faucium	Mycoplasmatota	Bacteria
56689	Mycolicibacterium mucogenicum	Actinomycetota	Bacteria
56811	Psychrobacter sp.	Pseudomonadota	Bacteria
58049	Colwellia sp. MT41	Pseudomonadota	Bacteria
58172	Paenibacillus sp.	Bacillota	Bacteria
59512	Planktothrix rubescens	Cyanobacteriota	Bacteria
59748	Candidatus Phytoplasma australiense	Mycoplasmatota	Bacteria
59779	Paracoccus marcusii	Pseudomonadota	Bacteria
59823	Prevotella sp.	Bacteroidota	Bacteria
59932	Synechococcus sp. WH 8101	Cyanobacteriota	Bacteria
60035	Citrifermentans bremense	Thermodesulfobacteriota	Bacteria
60480	Shewanella sp. MR-4	Pseudomonadota	Bacteria
61312	Acinetobacter sp. SUN	Pseudomonadota	Bacteria
61624	Paenibacillus mucilaginosus	Bacillota	Bacteria
63612	Sodalis glossinidius	Pseudomonadota	Bacteria
64471	Synechococcus sp. CC9311	Cyanobacteriota	Bacteria
65093	Halothece sp. PCC 7418	Cyanobacteriota	Bacteria
65384	Vibrio sp. 41	Pseudomonadota	Bacteria
66084	Wolbachia sp. wRi	Pseudomonadota	Bacteria
66228	Gleimia europaea	Actinomycetota	Bacteria
66425	Streptomyces luteoverticillatus	Actinomycetota	Bacteria
66871	Streptomyces aureoverticillatus	Actinomycetota	Bacteria
67828	Citrobacter gillenii	Pseudomonadota	Bacteria
68192	Streptomyces cyaneogriseus	Actinomycetota	Bacteria
68203	Streptomyces fungicidicus	Actinomycetota	Bacteria
68212	Streptomyces graminofaciens	Actinomycetota	Bacteria
68242	Streptomyces natalensis	Actinomycetota	Bacteria
68246	Streptomyces olivoreticuli	Actinomycetota	Bacteria
69328	Pseudomonas sp. VLB120	Pseudomonadota	Bacteria
69665	Caulobacter sp. FWC26	Pseudomonadota	Bacteria
69710	Treponema vincentii	Spirochaetota	Bacteria
69896	Candidatus Phytoplasma solani	Mycoplasmatota	Bacteria
70799	Nodularia spumigena	Cyanobacteriota	Bacteria
71190	Pseudanabaena mucicola	Cyanobacteriota	Bacteria
72026	Helcococcus ovis	Bacillota	Bacteria
73780	Methylocaldum szegediense	Pseudomonadota	Bacteria
74109	Photobacterium profundum	Pseudomonadota	Bacteria
75561	Microcystis ichthyoblabe	Cyanobacteriota	Bacteria
75692	Pseudomonas sp. 273	Pseudomonadota	Bacteria
76259	Ferribacterium limneticum	Pseudomonadota	Bacteria
76335	Nostoc sp. ATCC 53789	Cyanobacteriota	Bacteria
76853	Solibacillus silvestris	Bacillota	Bacteria
76885	Pseudomonas sp. K-62	Pseudomonadota	Bacteria
77037	Wolbachia endosymbiont of Muscidifurax uniraptor	Pseudomonadota	Bacteria
77038	Wolbachia endosymbiont of Drosophila simulans	Pseudomonadota	Bacteria
77125	Wolbachia endosymbiont of Encarsia formosa	Pseudomonadota	Bacteria
77133	uncultured bacterium	unclassified	Bacteria
77152	Moraxella sp. TA144	Pseudomonadota	Bacteria
77551	Wolbachia endosymbiont of Onchocerca volvulus	Pseudomonadota	Bacteria
78126	Desulfosporomusa polytropa	Bacillota	Bacteria
78331	Mycobacterium canetti	Actinomycetota	Bacteria
78535	Streptococcus viridans	Bacillota	Bacteria
79883	Sutcliffiella horikoshii	Bacillota	Bacteria
80849	Wolbachia endosymbiont of Brugia malayi	Pseudomonadota	Bacteria
80850	Wolbachia endosymbiont of Litomosoides sigmodontis	Pseudomonadota	Bacteria
80852	Aliivibrio wodanis	Pseudomonadota	Bacteria
80860	Streptomyces cyanogenus	Actinomycetota	Bacteria
83450	Archangium minus	Myxococcota	Bacteria
83556	Chlamydia felis	Chlamydiota	Bacteria
83559	Chlamydia suis	Chlamydiota	Bacteria
83626	Bradyrhizobium genosp. A	Pseudomonadota	Bacteria
83637	Bradyrhizobium genosp. L	Pseudomonadota	Bacteria
83641	Bradyrhizobium genosp. P	Pseudomonadota	Bacteria
83656	Streptomyces tsukubensis	Actinomycetota	Bacteria
84025	Clostridium haemolyticum	Bacillota	Bacteria
84600	Sulfolobus sp. NOB8H2	Thermoproteota	Archaea
85401	Mannheimia glucosida	Pseudomonadota	Bacteria
85620	Candidatus Phytoplasma asteris	Mycoplasmatota	Bacteria
86106	endosymbiont of Acanthamoeba sp. UWC8	Pseudomonadota	Bacteria
86171	Micrococcus antarcticus	Actinomycetota	Bacteria
87791	Pseudoalteromonas sp. PS1M3	Pseudomonadota	Bacteria
88773	Halobacterium sp. GN101	Methanobacteriota	Archaea
89586	Neoehrlichia mikurensis	Pseudomonadota	Bacteria
90322	Sphingomonas sp. A1	Pseudomonadota	Bacteria
90426	Methanothrix sp.	Methanobacteriota	Archaea
91604	Candidatus Odyssella acanthamoebae	Pseudomonadota	Bacteria
91844	Candidatus Portiera aleyrodidarum	Pseudomonadota	Bacteria
92406	Metamycoplasma spumans	Mycoplasmatota	Bacteria
92490	Winslowiella toletana	Pseudomonadota	Bacteria
92706	[Brevibacterium] flavum	Actinomycetota	Bacteria
92945	Ketogulonicigenium vulgare	Pseudomonadota	Bacteria
92947	Ketogulonicigenium robustum	Pseudomonadota	Bacteria
93944	Nonomuraea gerenzanensis	Actinomycetota	Bacteria
94122	Shewanella sp. ANA-3	Pseudomonadota	Bacteria
95301	Pseudomonas multiresinivorans	Pseudomonadota	Bacteria
95619	Pseudomonas sp. M1	Pseudomonadota	Bacteria
95641	Methylotuvimicrobium buryatense	Pseudomonadota	Bacteria
96495	Wolbachia endosymbiont of Brugia pahangi	Pseudomonadota	Bacteria
96942	Vitreoscilla sp. C1	Pseudomonadota	Bacteria
97138	Clostridium sp. MD294	Bacillota	Bacteria
98228	Bacillus sp. OxB-1	Bacillota	Bacteria
99598	Calothrix sp. PCC 7507	Cyanobacteriota	Bacteria
100379	Onion yellows phytoplasma	Mycoplasmatota	Bacteria
100901	Wolbachia endosymbiont of Onchocerca ochengi	Pseudomonadota	Bacteria
101534	Candidatus Blochmanniella pennsylvanica	Pseudomonadota	Bacteria
103232	Streptomyces ipomoeae	Actinomycetota	Bacteria
103690	Nostoc sp. PCC 7120 = FACHB-418	Cyanobacteriota	Bacteria
103808	Rhodococcus sp. AD45	Actinomycetota	Bacteria
104087	Pseudomonas frederiksbergensis	Pseudomonadota	Bacteria
105843	Anaerobutyricum soehngenii	Bacillota	Bacteria
107445	Pseudomonas sp. A2	Pseudomonadota	Bacteria
107637	Methylomonas sp. LW13	Pseudomonadota	Bacteria
108080	Candidatus Blochmanniella camponoti	Pseudomonadota	Bacteria
109663	Wolbachia endosymbiont of Drosophila mauritiana	Pseudomonadota	Bacteria
110319	Nocardioides sp. CF8	Actinomycetota	Bacteria
110662	Synechococcus sp. CC9605	Cyanobacteriota	Bacteria
111781	[Leptolyngbya] sp. PCC 7376	Cyanobacteriota	Bacteria
113267	Bathymodiolus septemdierum thioautotrophic gill symbiont	Pseudomonadota	Bacteria
114054	uncultured Vibrio sp.	Pseudomonadota	Bacteria
114186	Candidatus Carsonella ruddii	Pseudomonadota	Bacteria
114197	Pseudoselenomonas lactilytica	Bacillota	Bacteria
114615	Bradyrhizobium sp. ORS 278	Pseudomonadota	Bacteria
114707	uncultured Pseudomonas sp.	Pseudomonadota	Bacteria
115714	Pseudomonas sp. S-47	Pseudomonadota	Bacteria
115808	Bradyrhizobium sp. ORS 285	Pseudomonadota	Bacteria
116092	Pseudoalteromonas sp. A25	Pseudomonadota	Bacteria
116598	Wolbachia endosymbiont of Diaphorina citri	Pseudomonadota	Bacteria
118062	Methanobacterium congolense	Methanobacteriota	Archaea
118163	Pleurocapsa sp. PCC 7327	Cyanobacteriota	Bacteria
118613	Pseudomonas sp. B10	Pseudomonadota	Bacteria
119423	Bacillus sp. B-3	Bacillota	Bacteria
119532	Microcoleus vaginatus	Cyanobacteriota	Bacteria
120576	Brucella pinnipedialis	Pseudomonadota	Bacteria
120682	Treponema sp. OMZ 803	Spirochaetota	Bacteria
122420	Thermococcus sp. P6	Methanobacteriota	Archaea
122866	Arthrobacter keyseri	Actinomycetota	Bacteria
125593	Wolbachia endosymbiont of Trichogramma pretiosum	Pseudomonadota	Bacteria
126738	Thermotoga sp. RQ7	Thermotogota	Bacteria
126740	Thermotoga sp. RQ2	Thermotogota	Bacteria
127893	Bacillus sp. N6	Bacillota	Bacteria
128782	Allobosea minatitlanensis	Pseudomonadota	Bacteria
130049	Paenibacillus dendritiformis	Bacillota	Bacteria
131110	Schaalia radingae	Actinomycetota	Bacteria
131111	Schaalia turicensis	Actinomycetota	Bacteria
132604	Planktothrix pseudagardhii	Cyanobacteriota	Bacteria
132608	Planktothricoides raciborskii	Cyanobacteriota	Bacteria
133497	Streptomyces sp. LS-1	Actinomycetota	Bacteria
134287	secondary endosymbiont of Heteropsylla cubana	Pseudomonadota	Bacteria
134375	Achromobacter sp.	Pseudomonadota	Bacteria
134676	Actinoplanes sp. SE50/110	Actinomycetota	Bacteria
135569	Helicobacter apodemus	Campylobacterota	Bacteria
135727	Candidatus Phytoplasma ziziphi	Mycoplasmatota	Bacteria
135742	Paracoccus methylutens	Pseudomonadota	Bacteria
136073	Dolichospermum compactum	Cyanobacteriota	Bacteria
137722	Azospirillum sp. B510	Pseudomonadota	Bacteria
137816	Nodularia sphaerocarpa	Cyanobacteriota	Bacteria
137854	Periwinkle little leaf phytoplasma	Mycoplasmatota	Bacteria
138072	Candidatus Williamhamiltonella defendens	Pseudomonadota	Bacteria
138073	Candidatus Regiella insecticola	Pseudomonadota	Bacteria
138118	Quatrionicoccus australiensis	Pseudomonadota	Bacteria
140098	Caballeronia sp. NK8	Pseudomonadota	Bacteria
142058	Anaplasma ovis	Pseudomonadota	Bacteria
146819	Streptomyces europaeiscabiei	Actinomycetota	Bacteria
146897	Rice orange leaf phytoplasma	Mycoplasmatota	Bacteria
147212	Pseudomonas sp. SW-3	Pseudomonadota	Bacteria
147322	Limnospira indica	Cyanobacteriota	Bacteria
154048	Wolbachia endosymbiont of Ostrinia furnacalis	Pseudomonadota	Bacteria
155537	Microscilla sp. PRE1	Bacteroidota	Bacteria
155894	Chroococcidiopsis sp. CCMEE 029	Cyanobacteriota	Bacteria
155925	Nitrosospira sp. NRS527	Pseudomonadota	Bacteria
156213	Anabaenopsis elenkinii	Cyanobacteriota	Bacteria
156739	Acinetobacter sp. EB104	Pseudomonadota	Bacteria
159743	Paenibacillus terrae	Bacillota	Bacteria
160057	Klebsiella sp. KCL-2	Pseudomonadota	Bacteria
160791	Rhizorhabdus wittichii	Pseudomonadota	Bacteria
160808	Acidithiobacillus ferrivorans	Pseudomonadota	Bacteria
161213	Micrococcus sp. 28	Actinomycetota	Bacteria
162156	uncultured Bacteroides sp.	Bacteroidota	Bacteria
163164	Wolbachia endosymbiont of Drosophila melanogaster	Pseudomonadota	Bacteria
164514	Blattabacterium punctulatus	Bacteroidota	Bacteria
164516	Blattabacterium clevelandi	Bacteroidota	Bacteria
164608	Novosphingobium sp. KA1	Pseudomonadota	Bacteria
165215	Pyrococcus sp. JT1	Methanobacteriota	Archaea
165435	uncultured Flavobacterium sp.	Bacteroidota	Bacteria
166309	Synechococcus sp. MIT S9220	Cyanobacteriota	Bacteria
166310	Synechococcus sp. WH 6501	Cyanobacteriota	Bacteria
166314	Synechococcus sp. WH 8109	Cyanobacteriota	Bacteria
166321	Synechococcus sp. WH 8017	Cyanobacteriota	Bacteria
167065	Thauera sp. DNT-1	Pseudomonadota	Bacteria
167955	'Rehmannia glutinosa' phytoplasma	Mycoplasmatota	Bacteria
167957	Wolbachia endosymbiont of Aedes albopictus	Pseudomonadota	Bacteria
167968	uncultured Desulfovibrio sp.	Thermodesulfobacteriota	Bacteria
168169	Candidatus Ishikawella capsulata	Pseudomonadota	Bacteria
169184	Wolbachia endosymbiont of Tetranychus urticae	Pseudomonadota	Bacteria
169402	Wolbachia endosymbiont of Folsomia candida	Pseudomonadota	Bacteria
170861	Methanosarcina lacustris	Methanobacteriota	Archaea
171404	Paenibacillus agaridevorans	Bacillota	Bacteria
173860	Streptomyces rectiverticillatus	Actinomycetota	Bacteria
174633	Candidatus Kuenenia stuttgartensis	Planctomycetota	Bacteria
180590	Pseudomonas sp. SLT2001	Pseudomonadota	Bacteria
181555	Pseudomonas sp. AH2	Pseudomonadota	Bacteria
181579	Pseudomonas sp. E102	Pseudomonadota	Bacteria
182337	Erwinia billingiae	Pseudomonadota	Bacteria
183754	Wolbachia endosymbiont of Ostrinia scapulalis	Pseudomonadota	Bacteria
183759	uncultured Methanomethylovorans sp.	Methanobacteriota	Archaea
184117	Thermoproteus uzoniensis	Thermoproteota	Archaea
184912	Citrobacter sp. TSA-1	Pseudomonadota	Bacteria
185588	Ruegeria sp. PR1b	Pseudomonadota	Bacteria
186171	Mulberry dwarf phytoplasma	Mycoplasmatota	Bacteria
186490	Candidatus Palibaumannia cicadellinicola	Pseudomonadota	Bacteria
187029	Bradyrhizobium sp. WU425	Pseudomonadota	Bacteria
189834	Actinobacillus porcitonsillarum	Pseudomonadota	Bacteria
191302	Devosia neptuniae	Pseudomonadota	Bacteria
195248	Picosynechococcus sp. PCC 8807	Cyanobacteriota	Bacteria
195250	Synechococcus sp. PCC 7336	Cyanobacteriota	Bacteria
195253	Synechococcus sp. PCC 6312	Cyanobacteriota	Bacteria
195498	Picosynechococcus sp. PCC 7117	Cyanobacteriota	Bacteria
196162	Nocardioides sp. JS614	Actinomycetota	Bacteria
196612	Bacillus sp. C1	Bacillota	Bacteria
197653	Anabaena azotica	Cyanobacteriota	Bacteria
198107	Azoarcus sp. CIB	Pseudomonadota	Bacteria
198422	Candidatus Phytoplasma phoenicium	Mycoplasmatota	Bacteria
198929	Natronobacterium sp. AS-7091	Methanobacteriota	Archaea
201500	Streptomyces sp. KCTC 0041BP	Actinomycetota	Bacteria
202462	Candidatus Phytoplasma zeae	Mycoplasmatota	Bacteria
203274	Candidatus Phytoplasma oryzae	Mycoplasmatota	Bacteria
203842	Vibrio sp. TC68	Pseudomonadota	Bacteria
206662	Streptomyces sp. FR-008	Actinomycetota	Bacteria
207745	Variovorax sp. WDL1	Pseudomonadota	Bacteria
207809	Sulfolobus tengchongensis	Thermoproteota	Archaea
207921	Lyngbya confervoides	Cyanobacteriota	Bacteria
208375	Bradyrhizobium sp. Pha-3	Pseudomonadota	Bacteria
208389	Bradyrhizobium sp. vgs-9	Pseudomonadota	Bacteria
208596	Carnobacterium sp. 17-4	Bacillota	Bacteria
211464	Streptomyces sp. EN27	Actinomycetota	Bacteria
211595	Enterobacter sp. RFL1396	Pseudomonadota	Bacteria
212123	Wolbachia endosymbiont of Ctenocephalides felis	Pseudomonadota	Bacteria
212767	Mycobacterium sp. JS623	Actinomycetota	Bacteria
215173	Wolbachia endosymbiont of Bemisia tabaci	Pseudomonadota	Bacteria
215691	Thermomonas brevis	Pseudomonadota	Bacteria
216963	Spiroplasma sp. TIUS-1	Mycoplasmatota	Bacteria
216964	Spiroplasma sp. BIUS-1	Mycoplasmatota	Bacteria
218111	Wolbachia endosymbiont of Corcyra cephalonica	Pseudomonadota	Bacteria
221341	Synechococcus sp. Minos11	Cyanobacteriota	Bacteria
221345	Synechococcus sp. RS9902	Cyanobacteriota	Bacteria
221350	Synechococcus sp. RS9907	Cyanobacteriota	Bacteria
221352	Synechococcus sp. RS9909	Cyanobacteriota	Bacteria
221402	Mergibacter septicus	Pseudomonadota	Bacteria
222819	[Phormidium] sp. ETS-05	Cyanobacteriota	Bacteria
223901	Halomonas sp. 40	Pseudomonadota	Bacteria
224012	Nostoc piscinale	Cyanobacteriota	Bacteria
224719	Methanobrevibacter sp. AbM4	Methanobacteriota	Archaea
225148	Candidatus Rhabdochlamydia porcellionis	Chlamydiota	Bacteria
225322	Pasteuria ramosa	Bacillota	Bacteria
225362	Paracoccus haeundaensis	Pseudomonadota	Bacteria
228104	Bacillus sp. A1	Bacillota	Bacteria
229545	Aster yellows witches'-broom phytoplasma	Mycoplasmatota	Bacteria
230709	Actinobacillus genomosp. 2	Pseudomonadota	Bacteria
231025	Syntrophomonas curvata	Bacillota	Bacteria
231374	Erwinia sp. Ejp 556	Pseudomonadota	Bacteria
232348	Synechococcus sp. CB0101	Cyanobacteriota	Bacteria
233055	Desulfitobacterium dichloroeliminans	Bacillota	Bacteria
233067	Rhodococcus sp. B264-1	Actinomycetota	Bacteria
233181	Candidatus Kinetoplastidibacterium blastocrithidiae	Pseudomonadota	Bacteria
234612	Streptomyces sp. TN58	Actinomycetota	Bacteria
234827	Candidatus Midichloria mitochondrii	Pseudomonadota	Bacteria
234831	Pseudoalteromonas sp. SM9913	Pseudomonadota	Bacteria
235559	Arsenophonus endosymbiont of Aleurodicus dispersus	Pseudomonadota	Bacteria
238800	Rickettsia asiatica	Pseudomonadota	Bacteria
240139	uncultured Desulfobacter sp.	Thermodesulfobacteriota	Bacteria
241368	Desulfovibrio ferrophilus	Thermodesulfobacteriota	Bacteria
241425	Crinalium epipsammum	Cyanobacteriota	Bacteria
243899	endosymbiont 'TC1' of Trimyema compressum	Bacillota	Bacteria
244582	Candidatus Paracaedibacter symbiosus	Pseudomonadota	Bacteria
246273	Wolbachia endosymbiont of Cimex lectularius	Pseudomonadota	Bacteria
246969	Thermococcus sp. AM4	Methanobacteriota	Archaea
247481	Candidatus Cardinium hertigii	Bacteroidota	Bacteria
248039	Mucispirillum schaedleri	Deferribacterota	Bacteria
249402	Cardinium endosymbiont of Encarsia pergandiella	Bacteroidota	Bacteria
251535	Candidatus Blochmanniella vafra	Pseudomonadota	Bacteria
251538	Candidatus Blochmannia ocreatus (nom. nud.)	Pseudomonadota	Bacteria
251540	Candidatus Blochmannia vicinus (nom. nud.)	Pseudomonadota	Bacteria
251542	Candidatus Blochmanniella chromaiodes	Pseudomonadota	Bacteria
253629	Bacillus sp. JAMB750	Bacillota	Bacteria
254839	Actinobacillus genomosp. 1	Pseudomonadota	Bacteria
255248	Leuconostoc garlicum	Bacillota	Bacteria
256326	Psychrobacter arenosus	Pseudomonadota	Bacteria
260561	Pseudomonas sp. F2	Pseudomonadota	Bacteria
260915	Wolbachia endosymbiont of Drosophila yakuba	Pseudomonadota	Bacteria
260917	Wolbachia endosymbiont of Drosophila santomea	Pseudomonadota	Bacteria
261164	Psychrobacter alimentarius	Pseudomonadota	Bacteria
261284	Cyanobium sp. NS01	Cyanobacteriota	Bacteria
261292	Nitrosomonas sp. Is79A3	Pseudomonadota	Bacteria
261524	Mycobacterium liflandii	Actinomycetota	Bacteria
261936	Halomonas sp. H2	Pseudomonadota	Bacteria
262078	Haloarcula sp. AS7094	Methanobacteriota	Archaea
262324	Lysobacter gummosus	Pseudomonadota	Bacteria
263437	Wolbachia endosymbiont of Culex quinquefasciatus	Pseudomonadota	Bacteria
264686	Nostoc edaphicum	Cyanobacteriota	Bacteria
264691	Trichormus variabilis	Cyanobacteriota	Bacteria
266123	Castellaniella caeni	Pseudomonadota	Bacteria
272136	Leptolyngbya sp. PCC 6402	Cyanobacteriota	Bacteria
274539	Chlorobaculum parvum	Chlorobiota	Bacteria
278153	Mesorhizobium sp. WSM1497	Pseudomonadota	Bacteria
281093	Prosthecochloris sp. GSB1	Chlorobiota	Bacteria
281120	Candidatus Amoebophilus asiaticus	Bacteroidota	Bacteria
282217	Variovorax sp. SRS16	Pseudomonadota	Bacteria
282263	Wolbachia endosymbiont of Drosophila innubila	Pseudomonadota	Bacteria
282676	Acidianus manzaensis	Thermoproteota	Archaea
283699	Pseudoalteromonas sp. Bsw20308	Pseudomonadota	Bacteria
285450	Streptomyces roseochromogenus	Actinomycetota	Bacteria
285458	Streptomyces agglomeratus	Actinomycetota	Bacteria
285473	Streptomyces rubrolavendulae	Actinomycetota	Bacteria
285530	Streptomyces sviceus	Actinomycetota	Bacteria
285574	Streptomyces erythrochromogenes	Actinomycetota	Bacteria
287948	Helicobacter mastomyrinus	Campylobacterota	Bacteria
288000	Bradyrhizobium sp. BTAi1	Pseudomonadota	Bacteria
290399	Arthrobacter sp. FB24	Actinomycetota	Bacteria
290400	Jannaschia sp. CCS1	Pseudomonadota	Bacteria
290611	Natrinema sp. CX2021	Methanobacteriota	Archaea
292414	Ruegeria sp. TM1040	Pseudomonadota	Bacteria
292913	Sphingopyxis sp. 113P3	Pseudomonadota	Bacteria
295084	Wolbachia endosymbiont of Drosophila willistoni	Pseudomonadota	Bacteria
296591	Polaromonas sp. JS666	Pseudomonadota	Bacteria
298653	Parafrankia sp. EAN1pec	Actinomycetota	Bacteria
298656	Blattabacterium sp. (Cryptocercus kyebangensis)	Bacteroidota	Bacteria
299422	Sulfolobus neozealandicus	Thermoproteota	Archaea
299583	Francisella orientalis	Pseudomonadota	Bacteria
299586	Escherichia sp. Sflu5	Pseudomonadota	Bacteria
300273	Hyphomicrobium sp. MC8b	Pseudomonadota	Bacteria
301375	Methanothrix harundinacea	Methanobacteriota	Archaea
302167	Virgibacillus dokdonensis	Bacillota	Bacteria
302484	Haloferax larsenii	Methanobacteriota	Archaea
304378	Sphingomonas sp. IC081	Pseudomonadota	Bacteria
307249	uncultured Sporomusa sp.	Bacillota	Bacteria
307502	Wolbachia endosymbiont of Drosophila ananassae	Pseudomonadota	Bacteria
307580	Paenibacillus woosongensis	Bacillota	Bacteria
307594	Pseudomonas sp. A	Pseudomonadota	Bacteria
308053	Flavobacterium sp. 2	Bacteroidota	Bacteria
308754	Rhodovulum sp. MB263	Pseudomonadota	Bacteria
309867	Acinetobacter sp. LUH5605	Pseudomonadota	Bacteria
309868	Candidatus Liberibacter americanus	Pseudomonadota	Bacteria
310037	Acaryochloris sp. CCMEE 5410	Cyanobacteriota	Bacteria
310581	uncultured Sphingopyxis sp.	Pseudomonadota	Bacteria
311808	Arthrobacter sp. 68b	Actinomycetota	Bacteria
312532	Nocardia sp. C-14-1	Actinomycetota	Bacteria
313590	Dokdonia sp. MED134	Bacteroidota	Bacteria
313598	Polaribacter sp. MED152	Bacteroidota	Bacteria
313603	Maribacter sp. HTCC2170	Bacteroidota	Bacteria
314282	Psychromonas sp. CNPT3	Pseudomonadota	Bacteria
316279	Synechococcus sp. CC9902	Cyanobacteriota	Bacteria
317660	Streptomyces sp. F2	Actinomycetota	Bacteria
317936	Nostoc sp. PCC 7107	Cyanobacteriota	Bacteria
319017	Bradyrhizobium sp. WSM471	Pseudomonadota	Bacteria
319318	Streptomyces sp. F11	Actinomycetota	Bacteria
319426	Streptomyces sp. FQ1	Actinomycetota	Bacteria
319501	Brevibacillus sp. WF146	Bacillota	Bacteria
321327	Synechococcus sp. JA-3-3Ab	Cyanobacteriota	Bacteria
321332	Synechococcus sp. JA-2-3B'a(2-13)	Cyanobacteriota	Bacteria
321961	Candidatus Phytoplasma tritici	Mycoplasmatota	Bacteria
322535	Pseudomonas sp. S19	Pseudomonadota	Bacteria
324057	Paenibacillus sp. JDR-2	Bacillota	Bacteria
324767	Bacillus infantis	Bacillota	Bacteria
325775	Coxiella endosymbiont of Amblyomma americanum	Pseudomonadota	Bacteria
326454	Burkholderia sp. M701	Pseudomonadota	Bacteria
326927	Pseudomonas sp. SC11	Pseudomonadota	Bacteria
327511	Pseudoalteromonas sp. A22	Pseudomonadota	Bacteria
330061	Subdoligranulum sp. DSM 23681	Bacillota	Bacteria
331680	Treponema zioleckii	Spirochaetota	Bacteria
333966	Saccharopolyspora pogona	Actinomycetota	Bacteria
336179	Pseudoalteromonas sp. 643A	Pseudomonadota	Bacteria
336810	Candidatus Karelsulcia muelleri	Bacteroidota	Bacteria
336820	Pedobacter roseus	Bacteroidota	Bacteria
337191	Gordonia sp. KTR9	Actinomycetota	Bacteria
339617	Pseudoalteromonas viridis	Pseudomonadota	Bacteria
341027	Sphingobacterium sp.	Bacteroidota	Bacteria
341029	Pseudomonas sp. CT14	Pseudomonadota	Bacteria
342949	Pyrococcus sp. NA2	Methanobacteriota	Archaea
343874	Empedobacter falsenii	Bacteroidota	Bacteria
347202	Arthrobacter sp. 31.31	Actinomycetota	Bacteria
347208	Arthrobacter sp. J3.37	Actinomycetota	Bacteria
347209	Arthrobacter sp. J3.40	Actinomycetota	Bacteria
347213	Arthrobacter sp. J3.49	Actinomycetota	Bacteria
347215	Arthrobacter sp. J3.53	Actinomycetota	Bacteria
349094	Megasphaera sueciensis	Bacillota	Bacteria
349221	Micavibrio aeruginosavorus	Bdellovibrionota	Bacteria
349971	Streptomyces sp. FR1	Actinomycetota	Bacteria
351745	Shewanella sp. W3-18-1	Pseudomonadota	Bacteria
352858	Bacillus sp. Y1	Bacillota	Bacteria
353218	Pseudomonas sp. s4	Pseudomonadota	Bacteria
353851	Mycoplasma sp. Ms02	Mycoplasmatota	Bacteria
355249	Streptomyces sp. Tu6071	Actinomycetota	Bacteria
356837	Azoarcus sp. DN11	Pseudomonadota	Bacteria
357684	Rhodococcus sp. DN22	Actinomycetota	Bacteria
357808	Roseiflexus sp. RS-1	Chloroflexota	Bacteria
358220	Acidovorax sp. KKS102	Pseudomonadota	Bacteria
359132	Bifidobacterium sp. A24	Actinomycetota	Bacteria
359370	Microbulbifer sp. A4B17	Pseudomonadota	Bacteria
360016	Rahnella sp. 'WMR15'	Pseudomonadota	Bacteria
360911	Exiguobacterium sp. AT1b	Bacillota	Bacteria
362457	Acinetobacter sp. A2	Pseudomonadota	Bacteria
363258	Arsenophonus endosymbiont of Lipoptena cervi	Pseudomonadota	Bacteria
363843	Rhizobacter fulvus	Pseudomonadota	Bacteria
364102	Streptomyces sp. 44030	Actinomycetota	Bacteria
364103	Streptomyces sp. 44414	Actinomycetota	Bacteria
367282	Deinococcus yunweiensis	Deinococcota	Bacteria
367477	Microbacterium sp. XT11	Actinomycetota	Bacteria
367488	Blattabacterium sp. (Periplaneta americana)	Bacteroidota	Bacteria
367806	Blattabacterium sp. (Blatta orientalis)	Bacteroidota	Bacteria
368607	Janthinobacterium svalbardense	Pseudomonadota	Bacteria
370111	Brucella pseudintermedia	Pseudomonadota	Bacteria
370777	Arenimonas daejeonensis	Pseudomonadota	Bacteria
373067	Staphylococcus sp. 693-2	Bacillota	Bacteria
373068	Corynebacterium sp. L2-79-05	Actinomycetota	Bacteria
373212	Nocardia sp. 107	Actinomycetota	Bacteria
373213	Nocardiopsis sp. 90127	Actinomycetota	Bacteria
373994	Rivularia sp. PCC 7116	Cyanobacteriota	Bacteria
374606	Aminobacter sp. MSH1	Pseudomonadota	Bacteria
374981	Picosynechococcus sp. PCC 7003	Cyanobacteriota	Bacteria
374982	Picosynechococcus sp. PCC 73109	Cyanobacteriota	Bacteria
375919	Wolbachia endosymbiont of Drosophila pseudotakahashii	Pseudomonadota	Bacteria
376149	Streptomyces sp. NL15-2K	Actinomycetota	Bacteria
376418	Micrococcus sp. A7	Actinomycetota	Bacteria
378212	Planococcus sp. ZOYM	Bacillota	Bacteria
379067	Streptomyces bingchenggensis	Actinomycetota	Bacteria
379547	Candidatus Aciduliprofundum boonei	Thermoplasmatota	Archaea
379893	Trabulsiella odontotermitis	Pseudomonadota	Bacteria
380749	Hydrogenobaculum sp. Y04AAS1	Aquificota	Bacteria
383749	Pseudoalteromonas sp. BSi20327	Pseudomonadota	Bacteria
385025	Cycloclasticus sp. P1	Pseudomonadota	Bacteria
386487	Candidatus Ruthturnera calyptogenae	Pseudomonadota	Bacteria
387092	Nitratiruptor sp. SB155-2	Campylobacterota	Bacteria
387093	Sulfurovum sp. NBC37-1	Campylobacterota	Bacteria
389343	Chinaberry witches'-broom phytoplasma	Mycoplasmatota	Bacteria
391290	Geobacillus sp. E263	Bacillota	Bacteria
391586	Vibrio sp. 16	Pseudomonadota	Bacteria
391613	Roseovarius sp. TM1035	Pseudomonadota	Bacteria
391953	Aquincola tertiaricarbonis	Pseudomonadota	Bacteria
392331	uncultured Martelella sp.	Pseudomonadota	Bacteria
393065	Bacillus sp. E25	Bacillota	Bacteria
393765	Candidatus Endoriftia persephonae	Pseudomonadota	Bacteria
394958	Clostridium taeniosporum	Bacillota	Bacteria
395631	Phytobacter diazotrophicus	Pseudomonadota	Bacteria
396595	Thioalkalivibrio sp. K90mix	Pseudomonadota	Bacteria
397884	Vibrio sp. 04Ya090	Pseudomonadota	Bacteria
398049	Mucilaginibacter daejeonensis	Bacteroidota	Bacteria
399025	Candidatus Phytoplasma rubi	Mycoplasmatota	Bacteria
399176	Sphingomonas sp. R1	Pseudomonadota	Bacteria
399726	Thermoanaerobacter sp. X514	Bacillota	Bacteria
399742	Enterobacter sp. 638	Pseudomonadota	Bacteria
401619	Candidatus Riesia pediculicola	Pseudomonadota	Bacteria
402236	Rhodococcus sp. NS1	Actinomycetota	Bacteria
402384	Halobacillus mangrovi	Bacillota	Bacteria
403957	Virgibacillus sp. SK37	Bacillota	Bacteria
404582	Micrococcus sp. V7	Actinomycetota	Bacteria
404583	Micrococcus sp. A1	Actinomycetota	Bacteria
404589	Anaeromyxobacter sp. Fw109-5	Myxococcota	Bacteria
405041	Streptomyces sp. HK1	Actinomycetota	Bacteria
406552	Natrinema sp. J7-2	Methanobacteriota	Archaea
407020	Sphingobium sp. MI1205	Pseudomonadota	Bacteria
408783	Streptomyces sp. CG4	Actinomycetota	Bacteria
410021	Pseudomonas sp. A6	Pseudomonadota	Bacteria
411486	Clostridium sp. M62/1	Bacillota	Bacteria
412710	Streptomyces sp. 2-1	Actinomycetota	Bacteria
412965	Candidatus Vesicomyidisocius calyptogenae	Pseudomonadota	Bacteria
415095	Arthrobacter sp. AK-1	Actinomycetota	Bacteria
416344	Burkholderia sp. KJ006	Pseudomonadota	Bacteria
418719	Marinobacter salsuginis	Pseudomonadota	Bacteria
420336	Candidatus Epulonipiscium viviparus	Bacillota	Bacteria
426117	Methylobacterium sp. 4-46	Pseudomonadota	Bacteria
427705	Wolbachia endosymbiont of Kerria lacca	Pseudomonadota	Bacteria
428411	Candidatus Riesia pediculischaeffi	Pseudomonadota	Bacteria
430451	Sinorhizobium sp. M14	Pseudomonadota	Bacteria
433659	Nocardioides mesophilus	Actinomycetota	Bacteria
434008	Variovorax sp. PBS-H4	Pseudomonadota	Bacteria
434009	Variovorax sp. PBL-H6	Pseudomonadota	Bacteria
434010	Hydrogenophaga sp. PBL-H3	Pseudomonadota	Bacteria
434014	Variovorax sp. PBL-E5	Pseudomonadota	Bacteria
434084	Marinobacterium marisflavi	Pseudomonadota	Bacteria
435910	Franconibacter pulveris	Pseudomonadota	Bacteria
436114	Sulfurihydrogenibium sp. YO3AOP1	Aquificota	Bacteria
439387	Bradyrhizobium sp. CIAT3101	Pseudomonadota	Bacteria
442121	uncultured Pleomorphomonas sp.	Pseudomonadota	Bacteria
444103	Streptomyces sp. CNQ-509	Actinomycetota	Bacteria
444444	Chelatococcus daeguensis	Pseudomonadota	Bacteria
444612	Rickettsia endosymbiont of Ixodes scapularis	Pseudomonadota	Bacteria
446041	Thermus sp. 4C	Deinococcota	Bacteria
446679	Nostoc sphaeroides	Cyanobacteriota	Bacteria
447032	Arthrobacter sp. Chr15	Actinomycetota	Bacteria
447217	Anaeromyxobacter sp. K	Myxococcota	Bacteria
447588	Dechloromonas sp. A34	Pseudomonadota	Bacteria
451514	Candidatus Magnetococcus massalia	Pseudomonadota	Bacteria
452802	Vibrio sp. 0908	Pseudomonadota	Bacteria
452803	Vibrio sp. 23023	Pseudomonadota	Bacteria
452804	Vibrio sp. 09022	Pseudomonadota	Bacteria
453162	Candidatus Nitrotoga arctica	Pseudomonadota	Bacteria
454133	[Limnothrix rosea] IAM M-220	Cyanobacteriota	Bacteria
454662	Cellvibrio sp. KY-YJ-3	Pseudomonadota	Bacteria
456827	Candidatus Cloacimonas acidaminovorans	Candidatus Cloacimonadota	Bacteria
463024	Bordetella genomosp. 6	Pseudomonadota	Bacteria
463040	Bordetella genomosp. 13	Pseudomonadota	Bacteria
463288	Candidatus Nitrospira bockiana	Nitrospirota	Bacteria
465541	Streptomyces sp. Mg1	Actinomycetota	Bacteria
467262	Bacillus sp. T3	Bacillota	Bacteria
469009	'Brassica napus' phytoplasma	Mycoplasmatota	Bacteria
469590	Bacteroides sp. 2_2_4	Bacteroidota	Bacteria
469812	Candidatus Clavichlamydia salmonicola	Chlamydiota	Bacteria
472834	Candidatus Purcelliella pentastirinorum	Pseudomonadota	Bacteria
475375	Francisella sp. MA067296	Pseudomonadota	Bacteria
477697	Streptomyces sp. T12	Actinomycetota	Bacteria
478807	Borreliella americana	Spirochaetota	Bacteria
480035	Nocardia wallacei	Actinomycetota	Bacteria
481743	Paenibacillus sp. Y412MC10	Bacillota	Bacteria
484423	Pseudomonas sp. X10	Pseudomonadota	Bacteria
484429	Sphingobium sp. YBL2	Pseudomonadota	Bacteria
484770	Pelosinus sp. UFO1	Bacillota	Bacteria
486398	Bacillus sp. S3	Bacillota	Bacteria
487523	Xanthomonas sp. NCPPB 1062	Pseudomonadota	Bacteria
487525	Xanthomonas sp. NCPPB 1068	Pseudomonadota	Bacteria
487527	Xanthomonas sp. NCPPB 1131	Pseudomonadota	Bacteria
487528	Xanthomonas sp. NCPPB 1132	Pseudomonadota	Bacteria
487529	Xanthomonas sp. NCPPB 1325	Pseudomonadota	Bacteria
487533	Xanthomonas sp. NCPPB 1560	Pseudomonadota	Bacteria
487535	Xanthomonas sp. NCPPB 1638	Pseudomonadota	Bacteria
487536	Xanthomonas sp. NCPPB 1754	Pseudomonadota	Bacteria
487537	Xanthomonas sp. NCPPB 1826	Pseudomonadota	Bacteria
487538	Xanthomonas sp. NCPPB 2250	Pseudomonadota	Bacteria
487540	Xanthomonas sp. NCPPB 2586	Pseudomonadota	Bacteria
487541	Xanthomonas sp. NCPPB 2654	Pseudomonadota	Bacteria
487544	Xanthomonas sp. NCPPB 2865	Pseudomonadota	Bacteria
487545	Xanthomonas sp. NCPPB 2866	Pseudomonadota	Bacteria
487547	Xanthomonas sp. NCPPB 2922	Pseudomonadota	Bacteria
487548	Xanthomonas sp. NCPPB 2933	Pseudomonadota	Bacteria
487551	Xanthomonas sp. NCPPB 3174	Pseudomonadota	Bacteria
487552	Xanthomonas sp. NCPPB 3200	Pseudomonadota	Bacteria
487553	Xanthomonas sp. NCPPB 3218	Pseudomonadota	Bacteria
487554	Xanthomonas sp. NCPPB 3569	Pseudomonadota	Bacteria
487555	Xanthomonas sp. NCPPB 3570	Pseudomonadota	Bacteria
487557	Xanthomonas sp. NCPPB 3582	Pseudomonadota	Bacteria
487558	Xanthomonas sp. NCPPB 3583	Pseudomonadota	Bacteria
487559	Xanthomonas sp. NCPPB 3761	Pseudomonadota	Bacteria
487568	Xanthomonas sp. NCPPB 4037	Pseudomonadota	Bacteria
487572	Xanthomonas sp. NCPPB 901	Pseudomonadota	Bacteria
488142	Serratia sp. SCBI	Pseudomonadota	Bacteria
490095	Haloferula helveola	Verrucomicrobiota	Bacteria
490759	Marinobacter sp. BSs20148	Pseudomonadota	Bacteria
495820	Spirobacillus cienkowskii	Bdellovibrionota	Bacteria
497299	Wolbachia endosymbiont of Ceratosolen solmsi	Pseudomonadota	Bacteria
497727	Candidatus Nitrososphaera gargensis	Nitrososphaerota	Archaea
497967	Hymenobacter tibetensis	Bacteroidota	Bacteria
498846	Candidatus Korarchaeum cryptofilum	Thermoproteota	Archaea
502352	Wolbachia endosymbiont of Delia radicum	Pseudomonadota	Bacteria
502558	Eggerthella sp. YY7918	Actinomycetota	Bacteria
507626	Halomonas chromatireducens	Pseudomonadota	Bacteria
507763	Halomonas sp. MS1	Pseudomonadota	Bacteria
509111	Limnohabitans sp. INBF003	Pseudomonadota	Bacteria
509112	Limnohabitans sp. INBF004	Pseudomonadota	Bacteria
509116	Limnohabitans sp. TEGF002	Pseudomonadota	Bacteria
509117	Limnohabitans sp. TEGF003	Pseudomonadota	Bacteria
509119	Limnohabitans sp. TEGF005	Pseudomonadota	Bacteria
511062	Oceanimonas sp. GK1	Pseudomonadota	Bacteria
511435	Candidatus Azobacteroides pseudotrichonymphae	Bacteroidota	Bacteria
511900	Acidovorax sp. SUPP2522	Pseudomonadota	Bacteria
512298	uncultured Subdoligranulum sp.	Bacillota	Bacteria
512749	Mycoplasma seminis	Mycoplasmatota	Bacteria
513223	Microcystis panniformis	Cyanobacteriota	Bacteria
515256	Bartonella sp. 1-1C	Pseudomonadota	Bacteria
517398	Pseudomonas sp. D3	Pseudomonadota	Bacteria
518693	Exiguobacterium arabatum	Bacillota	Bacteria
520734	Sphingobium sp. RSMS	Pseudomonadota	Bacteria
524386	Pedobacter sp. BG5	Bacteroidota	Bacteria
525886	Mycoplasma hafezii	Mycoplasmatota	Bacteria
528187	Paenibacillus tundrae	Bacillota	Bacteria
528343	Pseudomonas sp. G11	Pseudomonadota	Bacteria
537596	Aminobacter sp. BA135	Pseudomonadota	Bacteria
538381	Stappia indica	Pseudomonadota	Bacteria
538945	alpha proteobacterium endosymbiont of Amoeba proteus	Pseudomonadota	Bacteria
538949	uncultured Alistipes sp.	Bacteroidota	Bacteria
538966	Dyadobacter sp. 32	Bacteroidota	Bacteria
544433	uncultured Ilyobacter sp.	Fusobacteriota	Bacteria
545908	Pseudomonas sp. LM8	Pseudomonadota	Bacteria
546165	Wolbachia endosymbiont of Aedes aegypti	Pseudomonadota	Bacteria
547143	Hydrogenobaculum sp. 3684	Aquificota	Bacteria
547144	Hydrogenobaculum sp. HO	Aquificota	Bacteria
547145	Hydrogenobaculum sp. SHO	Aquificota	Bacteria
547146	Hydrogenobaculum sp. SN	Aquificota	Bacteria
550542	Geobacillus sp. Y412MC52	Bacillota	Bacteria
550984	Halomonas sp. HAL1	Pseudomonadota	Bacteria
553510	Streptomyces gilvosporeus	Actinomycetota	Bacteria
553981	Candidatus Nitrosacidicoccus tergens	Pseudomonadota	Bacteria
554131	Thiomonas sp. CB2	Pseudomonadota	Bacteria
555319	Rhizobium sp. T136	Pseudomonadota	Bacteria
555320	Rhizobium sp. T1470	Pseudomonadota	Bacteria
555321	Rhizobium sp. T1473	Pseudomonadota	Bacteria
556259	Bacteroides sp. D2	Bacteroidota	Bacteria
556287	Candidatus Liberibacter solanacearum	Pseudomonadota	Bacteria
556533	Pseudomonas benzenivorans	Pseudomonadota	Bacteria
558689	uncultured bacterium HHV35	unclassified	Bacteria
562716	Pseudoalteromonas sp. CF6-2	Pseudomonadota	Bacteria
562959	Paenibacillus cellulositrophicus	Bacillota	Bacteria
563043	Thermococcus sp. AMT11	Methanobacteriota	Archaea
563169	Bacillus sp. SJ-10	Bacillota	Bacteria
563172	Ferruginibacter lapsinanis	Bacteroidota	Bacteria
563177	Acidianus hospitalis	Thermoproteota	Archaea
565560	Streptomyces sp. SM17	Actinomycetota	Bacteria
568766	Dickeya sp. NCPPB 3274	Pseudomonadota	Bacteria
571800	Psychrobacter sp. G	Pseudomonadota	Bacteria
573241	Wolbachia endosymbiont of Oryzaephilus surinamensis	Pseudomonadota	Bacteria
573600	Candidatus Planktophila limnetica	Actinomycetota	Bacteria
573658	Candidatus Hodgkinia cicadicola	Pseudomonadota	Bacteria
574727	Bradyrhizobium sp. C-145	Pseudomonadota	Bacteria
576610	Polynucleobacter necessarius	Pseudomonadota	Bacteria
576926	Arthrobacter sp. A5	Actinomycetota	Bacteria
578920	Bradyrhizobium sp. STM 3557	Pseudomonadota	Bacteria
578923	Bradyrhizobium sp. STM 3561	Pseudomonadota	Bacteria
578924	Bradyrhizobium sp. STM 3562	Pseudomonadota	Bacteria
578928	Bradyrhizobium sp. STM 3566	Pseudomonadota	Bacteria
580459	Bacillus sp. 3a	Bacillota	Bacteria
583319	Stenotrophomonas sp. 9	Pseudomonadota	Bacteria
585423	Synechococcus sp. KORDI-49	Cyanobacteriota	Bacteria
585425	Synechococcus sp. KORDI-52	Cyanobacteriota	Bacteria
591154	Candidatus Methylacidiphilum fumarolicum	Verrucomicrobiota	Bacteria
592064	Bradyrhizobium sp. LMG 9283	Pseudomonadota	Bacteria
592146	Shewanella sp. 33B	Pseudomonadota	Bacteria
592316	Pantoea sp. At-9b	Pseudomonadota	Bacteria
596095	Abyssogena phaseoliformis symbiont	Pseudomonadota	Bacteria
596995	Bartonella sp. TT0105	Pseudomonadota	Bacteria
598467	Brenneria sp. EniD312	Pseudomonadota	Bacteria
619291	Arthrobacter sp. N1	Actinomycetota	Bacteria
619518	Periwinkle leaf yellowing phytoplasma	Mycoplasmatota	Bacteria
624186	Blattabacterium sp. (Blattella germanica)	Bacteroidota	Bacteria
627192	Sphingobium sp. SYK-6	Pseudomonadota	Bacteria
627445	Rhodococcus sp. T9N	Actinomycetota	Bacteria
629747	Microcystis protocystis	Cyanobacteriota	Bacteria
631220	Desulfovibrio falkowii	Thermodesulfobacteriota	Bacteria
634113	Candidatus Arsenophonus lipoptenae	Pseudomonadota	Bacteria
634121	Arsenophonus symbiont of Ornithomya chloropus	Pseudomonadota	Bacteria
634157	Halorubrum sp. PV6	Methanobacteriota	Archaea
639011	Streptomyces sp. G30	Actinomycetota	Bacteria
640330	Mycoplasma sp. Pen4	Mycoplasmatota	Bacteria
641107	Clostridium sp. DL-VIII	Bacillota	Bacteria
641148	Neisseria sp. oral taxon 014	Pseudomonadota	Bacteria
644281	Methanocaldococcus sp. FS406-22	Methanobacteriota	Archaea
644410	Rhodococcus sp. C1	Actinomycetota	Bacteria
645292	Pseudomonas sp. T8	Pseudomonadota	Bacteria
646637	Streptomyces sp. M2	Actinomycetota	Bacteria
648691	Enterobacter sp. YSU	Pseudomonadota	Bacteria
648999	Micromonospora sp. L5	Actinomycetota	Bacteria
649161	Pseudoalteromonas sp. 3J6	Pseudomonadota	Bacteria
649196	Sphingobacterium hotanense	Bacteroidota	Bacteria
649831	Actinoplanes sp. N902-109	Actinomycetota	Bacteria
650377	endosymbiont of Euscepes postfasciatus	Pseudomonadota	Bacteria
650378	Cardinium endosymbiont of Sogatella furcifera	Bacteroidota	Bacteria
652434	Nocardioides sp. DN36	Actinomycetota	Bacteria
652716	Prevotella sp. oral taxon 299	Bacteroidota	Bacteria
652722	Prevotella sp. oral taxon 313	Bacteroidota	Bacteria
652764	Azospirillum sp. TSH100	Pseudomonadota	Bacteria
653937	Candidatus Francisella endociliophora	Pseudomonadota	Bacteria
655307	Neisseria sp. KEM232	Pseudomonadota	Bacteria
656519	Halanaerobium hydrogeniformans	Bacillota	Bacteria
657323	Ruminococcus sp. SR1/5	Bacillota	Bacteria
657334	Rahnella sp. WMR42	Pseudomonadota	Bacteria
657335	Rahnella sp. WMR114	Pseudomonadota	Bacteria
657336	Rahnella sp. WMR120	Pseudomonadota	Bacteria
657337	Rahnella sp. WMR66	Pseudomonadota	Bacteria
657338	Rahnella sp. WMR121	Pseudomonadota	Bacteria
657339	Rahnella sp. WMR104	Pseudomonadota	Bacteria
658062	Candidatus Korobacter versatilis	Acidobacteriota	Bacteria
658612	Pseudomonas sp. H2	Pseudomonadota	Bacteria
658630	Pseudomonas sp. CMR5c	Pseudomonadota	Bacteria
658632	Pseudomonas sp. R11-23-07	Pseudomonadota	Bacteria
658641	Pseudomonas sp. R2-7-07	Pseudomonadota	Bacteria
658642	Pseudomonas sp. R4-34-07	Pseudomonadota	Bacteria
658643	Pseudomonas sp. R4-35-07	Pseudomonadota	Bacteria
658644	Pseudomonas sp. R5-89-07	Pseudomonadota	Bacteria
658666	Bacillus bombysepticus	Bacillota	Bacteria
662548	Variovorax sp. RA8	Pseudomonadota	Bacteria
664426	Sulfitobacter sp. BSw21498	Pseudomonadota	Bacteria
664962	Azospirillum sp. TSH58	Pseudomonadota	Bacteria
665007	Streptomyces incarnatus	Actinomycetota	Bacteria
666686	Bacillus sp. 1NLA3E	Bacillota	Bacteria
669041	Tenacibaculum dicentrarchi	Bacteroidota	Bacteria
669502	Candidatus Profftella armatura	Pseudomonadota	Bacteria
671211	Fusobacterium sp. oral taxon 203	Fusobacteriota	Bacteria
671990	Serratia sp. FGI94	Pseudomonadota	Bacteria
672794	Cardinium endosymbiont of Bemisia tabaci	Bacteroidota	Bacteria
673860	Candidatus Aciduliprofundum sp. MAR08-339	Thermoplasmatota	Archaea
673862	Candidatus Babela massiliensis	unclassified	Bacteria
676208	Candidatus Rickettsiella viridis	Pseudomonadota	Bacteria
676210	Pseudomonas sp. ATCC 43928	Pseudomonadota	Bacteria
678600	Staphylococcus sp. CDC25	Bacillota	Bacteria
678601	Staphylococcus sp. CDC3	Bacillota	Bacteria
679318	Rhodococcus sp. WMMA185	Actinomycetota	Bacteria
681157	Phaeobacter sp. LSS9	Pseudomonadota	Bacteria
682314	Streptomyces sp. x3	Actinomycetota	Bacteria
682410	Streptomyces sp. W9	Actinomycetota	Bacteria
685565	Pseudanabaena sp. ABRG5-3	Cyanobacteriota	Bacteria
686597	Martelella sp. AD-3	Pseudomonadota	Bacteria
689904	Tissierella carlieri	Bacillota	Bacteria
690594	Candidatus Curculioniphilus buchneri	Pseudomonadota	Bacteria
691437	Geobacillus sp. C56-T3	Bacillota	Bacteria
693750	Brucella sp. BO2	Pseudomonadota	Bacteria
700220	Blochmannia endosymbiont of Camponotus sp.	Pseudomonadota	Bacteria
701045	Streptomyces sp. Y27	Actinomycetota	Bacteria
702113	Novosphingobium sp. PP1Y	Pseudomonadota	Bacteria
702967	Corynebacterium sp. NML98-0116	Actinomycetota	Bacteria
706422	Streptomyces sp. x4(2010)	Actinomycetota	Bacteria
706438	Actinomyces sp. oral taxon 171	Actinomycetota	Bacteria
709810	Azospirillum sp. TSA2s	Pseudomonadota	Bacteria
710111	Frankia sp. QA3	Actinomycetota	Bacteria
710648	Acinetobacter sp. Tol 5	Pseudomonadota	Bacteria
710705	Streptomyces sp. FXJ1.172	Actinomycetota	Bacteria
712116	Actinomyces sp. oral taxon 169	Actinomycetota	Bacteria
712122	Actinomyces sp. oral taxon 414	Actinomycetota	Bacteria
712150	Aggregatibacter sp. oral taxon 513	Pseudomonadota	Bacteria
712157	Atopobium sp. oral taxon 416	Actinomycetota	Bacteria
712270	Dietzia sp. oral taxon 368	Actinomycetota	Bacteria
712310	Haemophilus sp. oral taxon 036	Pseudomonadota	Bacteria
712357	Leptotrichia sp. oral taxon 212	Fusobacteriota	Bacteria
712361	Leptotrichia sp. oral taxon 218	Fusobacteriota	Bacteria
712362	Leptotrichia sp. oral taxon 221	Fusobacteriota	Bacteria
712368	Leptotrichia sp. oral taxon 498	Fusobacteriota	Bacteria
712411	Olsenella sp. oral taxon 807	Actinomycetota	Bacteria
712435	Porphyromonas sp. oral taxon 275	Bacteroidota	Bacteria
712471	Prevotella sp. oral taxon 475	Bacteroidota	Bacteria
712528	Selenomonas sp. oral taxon 126	Bacillota	Bacteria
712538	Selenomonas sp. oral taxon 478	Bacillota	Bacteria
712623	Streptococcus sp. oral taxon 061	Bacillota	Bacteria
712624	Streptococcus sp. oral taxon 064	Bacillota	Bacteria
712633	Streptococcus sp. oral taxon 431	Bacillota	Bacteria
712710	Tannerella serpentiformis	Bacteroidota	Bacteria
713030	Selenomonas sp. oral taxon 136	Bacillota	Bacteria
713887	Candidatus Atelocyanobacterium thalassae	Cyanobacteriota	Bacteria
715179	Paenibacillus sp. sptzw28	Bacillota	Bacteria
717785	Hyphomicrobium sp. MC1	Pseudomonadota	Bacteria
718217	cyanobacterium endosymbiont of Epithemia turgida	Cyanobacteriota	Bacteria
728003	Cycloclasticus sp. PY97N	Pseudomonadota	Bacteria
739141	Methylobacterium sp. XJLW	Pseudomonadota	Bacteria
742013	Delftia sp. Cs1-4	Pseudomonadota	Bacteria
743836	Methylocystis sp. SB2	Pseudomonadota	Bacteria
745310	Sphingomonas sp. MM-1	Pseudomonadota	Bacteria
745376	Bacillus sp. BS-01	Bacillota	Bacteria
745408	Rhodococcus sp. JVH1	Actinomycetota	Bacteria
745774	Bacillus sp. K1	Bacillota	Bacteria
747457	Pseudoalteromonas sp. SANK 73390	Pseudomonadota	Bacteria
747522	Dolichospermum heterosporum	Cyanobacteriota	Bacteria
747548	Raphidiopsis curvispora	Cyanobacteriota	Bacteria
748247	Azoarcus sp. KH32C	Pseudomonadota	Bacteria
748280	Pseudogulbenkiania sp. NH8B	Pseudomonadota	Bacteria
751585	Coprococcus sp. ART55/1	Bacillota	Bacteria
754397	Polaribacter sp. SA4-10	Bacteroidota	Bacteria
754409	Winogradskyella sp. PG-2	Bacteroidota	Bacteria
754417	Winogradskyella sp. PC-19	Bacteroidota	Bacteria
754423	Tenacibaculum sp. SZ-18	Bacteroidota	Bacteria
754429	Gilvibacter sp. SZ-19	Bacteroidota	Bacteria
754514	Mycoplasma sp. Mirounga ES2805-ORL	Mycoplasmatota	Bacteria
755731	Clostridium sp. BNL1100	Bacillota	Bacteria
756828	Bacillus sp. WP8	Bacillota	Bacteria
758582	Pyrococcus sp. 12/1	Methanobacteriota	Archaea
758583	Thermococcus sp. 26/2	Methanobacteriota	Archaea
758782	Burkholderia sp. THE68	Pseudomonadota	Bacteria
765840	Moraxella macacae	Pseudomonadota	Bacteria
768490	Serratia sp. AS12	Pseudomonadota	Bacteria
768493	Serratia sp. AS13	Pseudomonadota	Bacteria
794846	Sinorhizobium sp. CCBAU 05631	Pseudomonadota	Bacteria
795665	Hydrogenophaga sp. PBC	Pseudomonadota	Bacteria
849864	Sphingomonas sp. SH	Pseudomonadota	Bacteria
858422	Bradyrhizobium sp. CCBAU 051011	Pseudomonadota	Bacteria
862751	Streptomyces sp. SirexAA-E	Actinomycetota	Bacteria
864336	Vibrio sp. 04Ya108	Pseudomonadota	Bacteria
865757	Photobacterium atrarenae	Pseudomonadota	Bacteria
866786	Shouchella rhizosphaerae	Bacillota	Bacteria
866790	Methanothermobacter sp. CaT2	Methanobacteriota	Archaea
867076	Paenibacillus sp. IHB B 3084	Bacillota	Bacteria
867595	Porphyromonas pogonae	Bacteroidota	Bacteria
875808	Gordonia sp. NB41Y	Actinomycetota	Bacteria
876364	Cupriavidus sp. USMAA2-4	Pseudomonadota	Bacteria
876851	Nitrospira calida	Nitrospirota	Bacteria
877455	Methanobacterium lacus	Methanobacteriota	Archaea
878220	Chryseobacterium sp. StRB126	Bacteroidota	Bacteria
879274	Shinella sp. HZN7	Pseudomonadota	Bacteria
881286	Candidatus Vidania fulgoroideorum	Pseudomonadota	Bacteria
882697	Pseudomonas sp. AU10	Pseudomonadota	Bacteria
883811	Isorropodon fossajaponicum symbiont	Pseudomonadota	Bacteria
884684	Mageeibacillus indolicus	Bacillota	Bacteria
886284	Bacillus sp. 24	Bacillota	Bacteria
887059	Bacillus sp. BS-02	Bacillota	Bacteria
887061	Methylovorus sp. MP688	Pseudomonadota	Bacteria
887464	Streptomyces laculatispora	Actinomycetota	Bacteria
888435	Pseudoalteromonas sp. MelDa3	Pseudomonadota	Bacteria
888436	Psychrobacter sp. 4Bb	Pseudomonadota	Bacteria
888437	Psychrobacter sp. 4Dc	Pseudomonadota	Bacteria
889300	Nitratireductor aquimarinus	Pseudomonadota	Bacteria
890415	Pseudanabaena minima	Cyanobacteriota	Bacteria
904039	Arthrobacter sp. NEB 688	Actinomycetota	Bacteria
907046	Flavobacterium sp. B183	Bacteroidota	Bacteria
911045	Pseudovibrio sp. FO-BEG1	Pseudomonadota	Bacteria
912630	Microbacterium sp. LKL04	Actinomycetota	Bacteria
912801	Dietzia sp. DQ12-45-1b	Actinomycetota	Bacteria
925818	Methylobacterium sp. AMS5	Pseudomonadota	Bacteria
926417	Polynucleobacter sp. SHI2	Pseudomonadota	Bacteria
926418	Polynucleobacter sp. SHI8	Pseudomonadota	Bacteria
927614	Areca yellow leaf disease phytoplasma	Mycoplasmatota	Bacteria
931099	Rickettsia endosymbiont of Oedothorax gibbosus	Pseudomonadota	Bacteria
931100	Wolbachia endosymbiont of Oedothorax gibbosus	Pseudomonadota	Bacteria
931101	Cardinium endosymbiont of Oedothorax gibbosus	Bacteroidota	Bacteria
933262	Desulfosarcina sp. BuS5	Thermodesulfobacteriota	Bacteria
935199	Rhodococcus sp. p52	Actinomycetota	Bacteria
935222	Flavobacterium sp. Sr18	Bacteroidota	Bacteria
936902	Micrococcus sp. MG-2010-D12	Actinomycetota	Bacteria
942880	Rhodoluna sp. KAS3	Actinomycetota	Bacteria
944547	Arcobacter sp. L	Campylobacterota	Bacteria
946334	Actinoplanes sp. OR16	Actinomycetota	Bacteria
946435	Jeotgalicoccus sp. ATCC 8456	Bacillota	Bacteria
979982	Leuconostoc sp. C2	Bacillota	Bacteria
983544	Lacinutrix sp. 5H-3-7-4	Bacteroidota	Bacteria
983548	Dokdonia sp. 4H-3-7-5	Bacteroidota	Bacteria
984207	Sphaerospermopsis torques-reginae	Cyanobacteriota	Bacteria
984991	Mycoplasma parvum	Mycoplasmatota	Bacteria
985252	Nitrospira sp. Ecomares 2.1	Nitrospirota	Bacteria
988779	Candidatus Megaera polyxenophila	Pseudomonadota	Bacteria
994692	Candidatus Kinetoplastidibacterium desouzai	Pseudomonadota	Bacteria
994695	Candidatus Kinetoplastidibacterium galati	Pseudomonadota	Bacteria
994696	Candidatus Kinetoplastidibacterium stringomonadis	Pseudomonadota	Bacteria
999141	Halomonas sp. TD01	Pseudomonadota	Bacteria
1002546	uncultured Cohaesibacter sp.	Pseudomonadota	Bacteria
1002672	Candidatus Pelagibacter sp. IMCC9063	Pseudomonadota	Bacteria
1003114	Lysobacter yananisis	Pseudomonadota	Bacteria
1004901	Gordonia iterans	Actinomycetota	Bacteria
1007105	Pusillimonas sp. T7-7	Pseudomonadota	Bacteria
1009683	Nocardiopsis sp. 25L-1-1c	Actinomycetota	Bacteria
1016987	Novosphingobium sp. THN1	Pseudomonadota	Bacteria
1027278	Enterobacter sp. W001	Pseudomonadota	Bacteria
1027627	Bacillus sp. BAC	Bacillota	Bacteria
1027966	Pseudomonas sp. HR96	Pseudomonadota	Bacteria
1028381	Bacillaceae bacterium JMAK1	Bacillota	Bacteria
1028409	Psychrobacter sp. DAB_AL109bw	Pseudomonadota	Bacteria
1028414	Psychrobacter sp. DAB_AL32B	Pseudomonadota	Bacteria
1028416	Psychrobacter sp. DAB_AL43B	Pseudomonadota	Bacteria
1028419	Psychrobacter sp. DAB_AL60	Pseudomonadota	Bacteria
1028420	Psychrobacter sp. DAB_AL62B	Pseudomonadota	Bacteria
1028989	Pseudomonas sp. StFLB209	Pseudomonadota	Bacteria
1030157	Sphingomonas sp. KC8	Pseudomonadota	Bacteria
1033900	Chryseobacterium sp. PMSZPI	Bacteroidota	Bacteria
1033922	Rhodococcus sp. WB1	Actinomycetota	Bacteria
1034889	Variovorax sp. HW608	Pseudomonadota	Bacteria
1036018	Citrobacter sp. 36-4CPA	Pseudomonadota	Bacteria
1040793	Pseudomonas sp. D1-1	Pseudomonadota	Bacteria
1041159	Ensifer sp. WSM1721	Pseudomonadota	Bacteria
1041504	Candidatus Arthromitus sp. SFB-rat-Yit	Bacillota	Bacteria
1042156	Clostridium sp. SY8519	Bacillota	Bacteria
1042877	Thermococcus sp. 4557	Methanobacteriota	Archaea
1043206	Acidiphilium sp. PM	Pseudomonadota	Bacteria
1045808	Rhodococcus sp. YL-1	Actinomycetota	Bacteria
1046114	Pelagibacterium nitratireducens	Pseudomonadota	Bacteria
1047172	Nocardia sp. CS682	Actinomycetota	Bacteria
1048205	Streptomyces uncialis	Actinomycetota	Bacteria
1048396	Halopenitus persicus	Methanobacteriota	Archaea
1048758	Candidatus Moranella endobia	Pseudomonadota	Bacteria
1050370	Thiomonas sp. X19	Pseudomonadota	Bacteria
1050624	Synechococcus sp. A15-127	Cyanobacteriota	Bacteria
1050635	Synechococcus sp. A15-24	Cyanobacteriota	Bacteria
1050638	Synechococcus sp. A15-28	Cyanobacteriota	Bacteria
1050646	Synechococcus sp. A15-44	Cyanobacteriota	Bacteria
1050655	Synechococcus sp. A15-60	Cyanobacteriota	Bacteria
1050657	Synechococcus sp. A15-62	Cyanobacteriota	Bacteria
1050714	Synechococcus sp. SYN20	Cyanobacteriota	Bacteria
1070112	Candidatus Insignibacter tubulum	Bacteroidota	Bacteria
1070130	Candidatus Gullanella endobia	Pseudomonadota	Bacteria
1071078	Bacillus sp. NSP9.1	Bacillota	Bacteria
1071080	Bacillus sp. SB49	Bacillota	Bacteria
1072658	Shigella sp. MO17	Pseudomonadota	Bacteria
1072659	Shigella sp. LN126	Pseudomonadota	Bacteria
1075399	Blattabacterium sp. (Cryptocercus punctulatus) str. Cpu	Bacteroidota	Bacteria
1076626	Candidatus Steffania adelgidicola	Pseudomonadota	Bacteria
1080068	Leptolyngbya sp. O-77	Cyanobacteriota	Bacteria
1081631	Candidatus Schneideria nysicola	Pseudomonadota	Bacteria
1086822	Anabaena sp. FACHB-709	Cyanobacteriota	Bacteria
1087367	Aliivibrio thorii	Pseudomonadota	Bacteria
1090615	Nakamurella panacisegetis	Actinomycetota	Bacteria
1095009	Clostridium sp. NkU-1	Bacillota	Bacteria
1096856	Pseudonocardia sp. EC080619-01	Actinomycetota	Bacteria
1096868	Pseudonocardia sp. EC080625-04	Actinomycetota	Bacteria
1096935	Veillonella sp. OK1	Bacillota	Bacteria
1105106	Rickettsia philipii	Pseudomonadota	Bacteria
1105204	Variovorax sp. WS11	Pseudomonadota	Bacteria
1111069	Thermus sp. CCB_US3_UF1	Deinococcota	Bacteria
1112103	Pseudanabaena galeata	Cyanobacteriota	Bacteria
1113728	Alcanivorax sp. NBRC 101098	Pseudomonadota	Bacteria
1115757	Leptolyngbya sp. BL0902	Cyanobacteriota	Bacteria
1116375	Vibrio sp. EJY3	Pseudomonadota	Bacteria
1118963	Arthrobacter sp. Rue61a	Actinomycetota	Bacteria
1119533	Marinobacter sp. P4B1	Pseudomonadota	Bacteria
1123041	Pseudomonas sp. MC1	Pseudomonadota	Bacteria
1127744	Bacillus sp. JS	Bacillota	Bacteria
1131462	Dehalobacter sp. CF	Bacillota	Bacteria
1132836	Rhizobium sp. CCGE 510	Pseudomonadota	Bacteria
1133329	Rickettsia endosymbiont of Ixodes pacificus	Pseudomonadota	Bacteria
1144307	Sphingobium sp. AP49	Pseudomonadota	Bacteria
1144323	Pseudomonas sp. GM17	Pseudomonadota	Bacteria
1147129	Dehalobacter sp. DCA	Bacillota	Bacteria
1149952	Brucella sp. 09RB8471	Pseudomonadota	Bacteria
1149953	Brucella sp. 10RB9215	Pseudomonadota	Bacteria
1150371	Streptomyces phytohabitans	Actinomycetota	Bacteria
1155384	Glutamicibacter sp. ZJUTW	Actinomycetota	Bacteria
1155388	Clostridium sp. C1	Bacillota	Bacteria
1157947	Thermotoga sp. Cell2	Thermotogota	Bacteria
1157948	Thermotoga sp. 2812B	Thermotogota	Bacteria
1160784	Candidatus Nasuia deltocephalincola	Pseudomonadota	Bacteria
1160795	Flavobacterium sp. HJ-32-4	Bacteroidota	Bacteria
1166078	Aureimonas phyllosphaerae	Pseudomonadota	Bacteria
1166130	Enterobacter sp. R4-368	Pseudomonadota	Bacteria
1167886	Bacillus sp. B28	Bacillota	Bacteria
1168287	Mycobacterium sp. MOTT36Y	Actinomycetota	Bacteria
1168288	Mycobacterium sp. H4Y	Actinomycetota	Bacteria
1170562	Calothrix sp. PCC 6303	Cyanobacteriota	Bacteria
1170699	Galbibacter sp. BG1	Bacteroidota	Bacteria
1170710	Delftia sp. KV29	Pseudomonadota	Bacteria
1170711	Streptomyces sp. W75	Actinomycetota	Bacteria
1172565	Lonsdalea populi	Pseudomonadota	Bacteria
1173025	Geitlerinema sp. PCC 7407	Cyanobacteriota	Bacteria
1173026	Gloeocapsa sp. PCC 7428	Cyanobacteriota	Bacteria
1173101	Methylomonas paludis	Pseudomonadota	Bacteria
1173270	Pseudomonas sp. R1-43-08	Pseudomonadota	Bacteria
1173273	Pseudomonas sp. R2-37-08W	Pseudomonadota	Bacteria
1173280	Pseudomonas sp. R2-60-08W	Pseudomonadota	Bacteria
1173283	Pseudomonas sp. R3-18-08	Pseudomonadota	Bacteria
1173284	Pseudomonas sp. R3-52-08	Pseudomonadota	Bacteria
1173288	Pseudomonas sp. R4-39-08	Pseudomonadota	Bacteria
1173583	Mucilaginibacter sabulilitoris	Bacteroidota	Bacteria
1177211	Candidatus Vallotiella adelgis	Pseudomonadota	Bacteria
1177213	Candidatus Vallotiella hemipterorum	Pseudomonadota	Bacteria
1177216	Candidatus Profftia tarda	Pseudomonadota	Bacteria
1177218	Candidatus Gillettellia adelgis	Pseudomonadota	Bacteria
1178736	Streptomyces sp. G6	Actinomycetota	Bacteria
1179155	Candidatus Photodesmus blepharonis	Pseudomonadota	Bacteria
1179669	Yersinia sp. KBS0713	Pseudomonadota	Bacteria
1179670	Micrococcus sp. KBS0714	Actinomycetota	Bacteria
1179672	Flavobacterium sp. KBS0721	Bacteroidota	Bacteria
1179673	Oerskovia sp. KBS0722	Actinomycetota	Bacteria
1179675	Burkholderia sp. KBS0801	Pseudomonadota	Bacteria
1179812	Salmonella sp. 14	Pseudomonadota	Bacteria
1179813	Salmonella sp. 40	Pseudomonadota	Bacteria
1179814	Salmonella sp. 96A-29192	Pseudomonadota	Bacteria
1179815	Sulfitobacter sp. DFL14	Pseudomonadota	Bacteria
1179817	Variovorax sp. DB1	Pseudomonadota	Bacteria
1182263	Rickettsia sp. MEAM1 (Bemisia tabaci)	Pseudomonadota	Bacteria
1183377	Pyrococcus sp. ST04	Methanobacteriota	Archaea
1183411	Agrobacterium genomosp. 6	Pseudomonadota	Bacteria
1183412	Agrobacterium deltae	Pseudomonadota	Bacteria
1185873	Desertifilum tharense	Cyanobacteriota	Bacteria
1186051	Blattabacterium sp. (Blaberus giganteus)	Bacteroidota	Bacteria
1187849	Streptomyces sp. X335	Actinomycetota	Bacteria
1188315	Streptomyces sp. AgN23	Actinomycetota	Bacteria
1191459	Flammeovirga sp. MY04	Bacteroidota	Bacteria
1191912	Aquimarina sp. Aq107	Bacteroidota	Bacteria
1192162	Vogesella sp. LIG4	Pseudomonadota	Bacteria
1193712	'Catharanthus roseus' aster yellows phytoplasma	Mycoplasmatota	Bacteria
1194088	Halorubrum sp. T3	Methanobacteriota	Archaea
1195166	Clostridium sp. MT351	Bacillota	Bacteria
1197460	Bradyrhizobium sp. 6(2017)	Pseudomonadota	Bacteria
1197730	Thermococcus sp. AMT7	Methanobacteriota	Archaea
1197731	Thermococcus sp. CIR10	Methanobacteriota	Archaea
1197732	Thermococcus sp. EXT9	Methanobacteriota	Archaea
1197733	Thermococcus sp. IRI33	Methanobacteriota	Archaea
1197734	Thermococcus sp. IRI48	Methanobacteriota	Archaea
1199245	secondary endosymbiont of Ctenarytaina eucalypti	Pseudomonadota	Bacteria
1202713	Paenalcaligenes suwonensis	Pseudomonadota	Bacteria
1204684	Acinetobacter sp. A22	Pseudomonadota	Bacteria
1206777	Pseudomonas sp. Lz4W	Pseudomonadota	Bacteria
1207075	Pseudomonas sp. UW4	Pseudomonadota	Bacteria
1209220	Spiroplasma endosymbiont of Poecilobothrus nobilitatus	Mycoplasmatota	Bacteria
1210884	Gemmata massiliana	Planctomycetota	Bacteria
1216886	Nguyenibacter vanlangensis	Pseudomonadota	Bacteria
1217274	Asticcacaulis solisilvae	Pseudomonadota	Bacteria
1218177	Streptomyces sp. GBA 94-10 4N24	Actinomycetota	Bacteria
1218494	Lactobacillus helsingborgensis	Bacillota	Bacteria
1219491	Actinomadura sp. WMMB 499	Actinomycetota	Bacteria
1220542	Wolbachia endosymbiont of Rhagoletis cingulata	Pseudomonadota	Bacteria
1223565	Rhizobium sp. Pop5	Pseudomonadota	Bacteria
1223566	Bradyrhizobium sp. CCGE-LA001	Pseudomonadota	Bacteria
1224144	Dickeya sp. CSL RW240	Pseudomonadota	Bacteria
1224145	Dickeya sp. MK7	Pseudomonadota	Bacteria
1224749	Exiguobacterium sp. ZWU0009	Bacillota	Bacteria
1225337	Streptomyces sp. PVA_94-07	Actinomycetota	Bacteria
1225785	Dickeya sp. DW 0440	Pseudomonadota	Bacteria
1229909	Candidatus Nitrosopumilus sediminis	Nitrososphaerota	Archaea
1231049	Arsenophonus endosymbiont of Aphis craccivora	Pseudomonadota	Bacteria
1232493	Proteus sp. 3M	Pseudomonadota	Bacteria
1232667	Comamonas sp. 7D-2	Pseudomonadota	Bacteria
1233873	Geobacillus sp. GHH01	Bacillota	Bacteria
1235990	Candidatus Pantoea carbekii	Pseudomonadota	Bacteria
1236179	Janthinobacterium sp. B9-8	Pseudomonadota	Bacteria
1239415	Dokdonia sp. PRO95	Bacteroidota	Bacteria
1245526	Geopseudomonas guangdongensis	Pseudomonadota	Bacteria
1247023	Candidatus Arsenophonus nilaparvatae	Pseudomonadota	Bacteria
1247546	Pseudomonas hunanensis	Pseudomonadota	Bacteria
1248330	Lactobacillus sp. PC121B	Bacillota	Bacteria
1248727	endosymbiont of unidentified scaly snail isolate Monju	Pseudomonadota	Bacteria
1249480	Candidatus Sulfuricurvum sp. RIFRC-1	Campylobacterota	Bacteria
1249630	Fructilactobacillus vespulae	Bacillota	Bacteria
1250205	Gramella sp. MAR_2010_147	Bacteroidota	Bacteria
1250400	Halomonas sp. ZM3	Pseudomonadota	Bacteria
1259575	Pseudomonas sp. HLT2-19-2	Pseudomonadota	Bacteria
1259581	Pseudomonas sp. Hz4	Pseudomonadota	Bacteria
1259584	Pseudomonas sp. MDT1-16	Pseudomonadota	Bacteria
1259590	Pseudomonas sp. MDT1-85	Pseudomonadota	Bacteria
1259591	Pseudomonas sp. MDT2-39-1	Pseudomonadota	Bacteria
1259620	Pseudomonas sp. TMB3-21	Pseudomonadota	Bacteria
1259844	Pseudomonas sp. FGI182	Pseudomonadota	Bacteria
1261031	Nostoc sp. 'Peltigera membranacea cyanobiont' N6	Cyanobacteriota	Bacteria
1261634	Roseburia sp. 499	Bacillota	Bacteria
1261635	Roseburia sp. 831b	Bacillota	Bacteria
1262452	Streptomyces sp. 769	Actinomycetota	Bacteria
1263728	Paracoccus sp. TOH	Pseudomonadota	Bacteria
1263979	Candidatus Endolissoclinum faulkneri	Pseudomonadota	Bacteria
1265399	Streptomyces sp. ID38640	Actinomycetota	Bacteria
1265601	Streptomyces sp. PAMC 26508	Actinomycetota	Bacteria
1267277	Geobacillus sp. 610	Bacillota	Bacteria
1268241	Cobetia sp. MM1IDA2H-1	Pseudomonadota	Bacteria
1270193	Flavobacterium sp. KJJ	Bacteroidota	Bacteria
1273699	Geobacillus sp. 1121	Bacillota	Bacteria
1277350	Geobacter sp. DSM 9736	Thermodesulfobacteriota	Bacteria
1279031	Agrobacterium sp. 33MFTa1.1	Pseudomonadota	Bacteria
1280052	Acinetobacter sp. M131	Pseudomonadota	Bacteria
1280380	Synechococcus sp. KORDI-100	Cyanobacteriota	Bacteria
1281578	Acidiferrobacter sp. SPIII_3	Pseudomonadota	Bacteria
1283291	Pseudomonas sp. URMO17WK12:I11	Pseudomonadota	Bacteria
1287523	Streptomyces sp. CG1	Actinomycetota	Bacteria
1288970	Magnetospira sp. QH-2	Pseudomonadota	Bacteria
1292359	Gordonia ajococcus	Actinomycetota	Bacteria
1294143	Pseudomonas sp. ATCC 13867	Pseudomonadota	Bacteria
1295125	Thermococcus sp. JCM 11816	Methanobacteriota	Archaea
1295134	Achromobacter sp. JCM 18799	Pseudomonadota	Bacteria
1295371	Vulcanisaeta sp. JCM 16159	Thermoproteota	Archaea
1296340	Anabaena sp. PCC 7938	Cyanobacteriota	Bacteria
1298600	Vibrio sp. JCM 18905	Pseudomonadota	Bacteria
1298601	Paenibacillus sp. JCM 9795	Bacillota	Bacteria
1298602	Paenibacillus sp. JCM 9796	Bacillota	Bacteria
1298607	Psychrobacter sp. JCM 18902	Pseudomonadota	Bacteria
1298608	Psychrobacter sp. JCM 18900	Pseudomonadota	Bacteria
1298609	Psychrobacter sp. JCM 18901	Pseudomonadota	Bacteria
1298610	Psychrobacter sp. JCM 18903	Pseudomonadota	Bacteria
1298611	Rhodococcus sp. JCM 9791	Actinomycetota	Bacteria
1298612	Rhodococcus sp. JCM 9793	Actinomycetota	Bacteria
1300156	Nocardioides sp. JCM 18998	Actinomycetota	Bacteria
1301082	Conexibacter sp. JCM 18997	Actinomycetota	Bacteria
1301083	Nocardioides sp. JCM 18999	Actinomycetota	Bacteria
1301085	Paenibacillus sp. JCM 18996	Bacillota	Bacteria
1302245	Gracilibacillus sp. JCM 18966	Bacillota	Bacteria
1302308	Rhodococcus sp. P1Y	Actinomycetota	Bacteria
1302376	Candidatus Pseudomonas adelgestsugas	Pseudomonadota	Bacteria
1302411	Candidatus Annandia adelgestsuga	Pseudomonadota	Bacteria
1305738	Mycobacterium orygis	Actinomycetota	Bacteria
1306159	Gracilibacillus sp. JCM 18860	Bacillota	Bacteria
1306274	Nostoc flagelliforme	Cyanobacteriota	Bacteria
1306526	Paenibacillus sp. HWE-109	Bacillota	Bacteria
1312072	Polaribacter sp. SA4-12	Bacteroidota	Bacteria
1312524	Thermus sp. WG	Deinococcota	Bacteria
1315974	Sphingobium sp. TKS	Pseudomonadota	Bacteria
1316411	Streptococcus sp. HSISS2	Bacillota	Bacteria
1316412	Streptococcus sp. HSISS3	Bacillota	Bacteria
1316444	Blattabacterium sp. (Nauphoeta cinerea)	Bacteroidota	Bacteria
1316593	Capnocytophaga sp. oral taxon 864	Bacteroidota	Bacteria
1316596	Capnocytophaga sp. oral taxon 878	Bacteroidota	Bacteria
1320552	Afipia sp. NBIMC_P1-C1	Pseudomonadota	Bacteria
1325083	Bradyrhizobium sp. CCBAU 21365	Pseudomonadota	Bacteria
1325100	Bradyrhizobium sp. CCBAU 51753	Pseudomonadota	Bacteria
1325102	Bradyrhizobium sp. CCBAU 51765	Pseudomonadota	Bacteria
1325111	Bradyrhizobium sp. CCBAU 53338	Pseudomonadota	Bacteria
1325112	Bradyrhizobium sp. CCBAU 53340	Pseudomonadota	Bacteria
1325114	Bradyrhizobium sp. CCBAU 53351	Pseudomonadota	Bacteria
1325120	Bradyrhizobium sp. CCBAU 53421	Pseudomonadota	Bacteria
1325564	Nitrospira japonica	Nitrospirota	Bacteria
1325724	Brevundimonas vancanneytii	Pseudomonadota	Bacteria
1327989	Serratia sp. FS14	Pseudomonadota	Bacteria
1329812	Enterobacter sp. MGH 3	Pseudomonadota	Bacteria
1329816	Enterobacter sp. MGH 7	Pseudomonadota	Bacteria
1329823	Enterobacter sp. MGH 14	Pseudomonadota	Bacteria
1329836	Enterobacter sp. BWH 37	Pseudomonadota	Bacteria
1329841	Enterobacter sp. BIDMC 29	Pseudomonadota	Bacteria
1329899	Cycloclasticus zancles	Pseudomonadota	Bacteria
1329969	Pseudomonas sp. GLE121	Pseudomonadota	Bacteria
1332188	Candidatus Saccharimonas aalborgensis	Candidatus Saccharimonadota	Bacteria
1333523	Salinarchaeum sp. Harcht-Bsk1	Methanobacteriota	Archaea
1333528	Streptomyces sp. GMY02	Actinomycetota	Bacteria
1335053	Wolbachia endosymbiont of Chrysomya megacephala	Pseudomonadota	Bacteria
1336794	Formosa sp. Hel1_33_131	Bacteroidota	Bacteria
1336795	Formosa sp. Hel3_A1_48	Bacteroidota	Bacteria
1336796	Gillisia sp. Hel1_33_143	Bacteroidota	Bacteria
1336802	Nonlabens sp. Hel1_33_55	Bacteroidota	Bacteria
1336804	Polaribacter sp. Hel1_33_78	Bacteroidota	Bacteria
1337936	Calothrix sp. 336/3	Cyanobacteriota	Bacteria
1338689	Pseudomonas sp. JY-Q	Pseudomonadota	Bacteria
1344094	Pseudomonas sp. HN11	Pseudomonadota	Bacteria
1345115	Candidatus Hartigia pinicola	Pseudomonadota	Bacteria
1345117	Candidatus Annandia pinicola	Pseudomonadota	Bacteria
1346287	Halomonas sp. A3H3	Pseudomonadota	Bacteria
1346319	Candidatus Trichorickettsia mobilis	Pseudomonadota	Bacteria
1349819	Aureimonas sp. AU20	Pseudomonadota	Bacteria
1353134	Synechococcus sp. CBW1002	Cyanobacteriota	Bacteria
1353136	Synechococcus sp. CBW1004	Cyanobacteriota	Bacteria
1353138	Synechococcus sp. CBW1006	Cyanobacteriota	Bacteria
1353147	Synechococcus sp. CBW1108	Cyanobacteriota	Bacteria
1353246	Candidatus Nitrosotenuis chungbukensis	Nitrososphaerota	Archaea
1353260	Candidatus Nitrosocosmicus oleophilus	Nitrososphaerota	Archaea
1353976	Neochlamydia sp. S13	Chlamydiota	Bacteria
1356852	Hymenobacter sp. APR13	Bacteroidota	Bacteria
1357074	Pseudomonas sp. LS44	Pseudomonadota	Bacteria
1357545	Richelia sinica	Cyanobacteriota	Bacteria
1357915	Arthrobacter sp. QXT-31	Actinomycetota	Bacteria
1357916	Sphingopyxis sp. QXT-31	Pseudomonadota	Bacteria
1367435	Alcaligenes sp. DN25	Pseudomonadota	Bacteria
1379909	Rufibacter sp. DG15C	Bacteroidota	Bacteria
1380362	Ralstonia sp. UNC404CL21Col	Pseudomonadota	Bacteria
1380432	Halorhabdus sp. CBA1104	Methanobacteriota	Archaea
1380604	Mesorhizobium sp. NBIMC_P2-C4	Pseudomonadota	Bacteria
1381597	Sphingomonas sp. ERG5	Pseudomonadota	Bacteria
1382237	Pseudomonas sp. OVF7	Pseudomonadota	Bacteria
1385663	Hymenobacter sp. DG25A	Bacteroidota	Bacteria
1385664	Hymenobacter sp. DG25B	Bacteroidota	Bacteria
1386941	Synechococcus sp. MVIR-18-1	Cyanobacteriota	Bacteria
1387842	Rhodococcus sp. D-6	Actinomycetota	Bacteria
1388755	Candidatus Pelagibacter sp. HIMB1321	Pseudomonadota	Bacteria
1389004	Sulfitobacter sp. SK011	Pseudomonadota	Bacteria
1389005	Sulfitobacter sp. SK012	Pseudomonadota	Bacteria
1389011	Sulfitobacter sp. SK025	Pseudomonadota	Bacteria
1389192	Cupriavidus sp. USMAHM13	Pseudomonadota	Bacteria
1389960	Exiguobacterium sp. S3-2	Bacillota	Bacteria
1390116	Bradyrhizobium sp. WBAH10	Pseudomonadota	Bacteria
1390119	Bradyrhizobium sp. WBAH23	Pseudomonadota	Bacteria
1390131	Bradyrhizobium sp. WBAH41	Pseudomonadota	Bacteria
1390132	Bradyrhizobium sp. WBAH42	Pseudomonadota	Bacteria
1390185	Pseudoalteromonas sp. DL-6	Pseudomonadota	Bacteria
1390395	Sphingomonas sp. LK11	Pseudomonadota	Bacteria
1394889	Thermosynechococcus sp. NK55a	Cyanobacteriota	Bacteria
1395624	Francisella sp. LA112445	Pseudomonadota	Bacteria
1399115	Exiguobacterium sp. MH3	Bacillota	Bacteria
1400862	Candidatus Competibacter denitrificans	Pseudomonadota	Bacteria
1400864	Synechococcus sp. BIOS-E4-1	Cyanobacteriota	Bacteria
1400865	Synechococcus sp. BIOS-U3-1	Cyanobacteriota	Bacteria
1400866	Synechococcus sp. PROS-U-1	Cyanobacteriota	Bacteria
1404429	Bradyrhizobium sp. 2S1	Pseudomonadota	Bacteria
1404443	Bradyrhizobium sp. 41S5	Pseudomonadota	Bacteria
1404741	Tardiphaga sp. 37S4	Pseudomonadota	Bacteria
1404799	Tardiphaga sp. 42S5	Pseudomonadota	Bacteria
1404888	Bradyrhizobium sp. 1(2017)	Pseudomonadota	Bacteria
1406197	Brevibacterium sp. Ap13	Actinomycetota	Bacteria
1406512	Candidatus Methanomassiliicoccus intestinalis	Thermoplasmatota	Archaea
1407071	Acinetobacter sp. TGL-Y2	Pseudomonadota	Bacteria
1407650	Picosynechococcus sp. NKBG15041c	Cyanobacteriota	Bacteria
1410383	Candidatus Tachikawaea gelatinosa	Pseudomonadota	Bacteria
1410606	Candidatus Nitrosopelagicus brevis	Nitrososphaerota	Archaea
1411316	Pedobacter sp.	Bacteroidota	Bacteria
1415568	Marinobacter sp. LV10R510-11A	Pseudomonadota	Bacteria
1415574	Psychrobacter sp. LV10R520-6	Pseudomonadota	Bacteria
1415657	Candidatus Walczuchella monophlebidarum	Bacteroidota	Bacteria
1416803	Bordetella genomosp. 9	Pseudomonadota	Bacteria
1416806	Bordetella genomosp. 8	Pseudomonadota	Bacteria
1420727	Bradyrhizobium sp. WBAH33	Pseudomonadota	Bacteria
1430884	Methylibium sp. T29	Pseudomonadota	Bacteria
1432056	Mannheimia sp. USDA-ARS-USMARC-1261	Pseudomonadota	Bacteria
1433415	Streptoverticillium reticulum	Actinomycetota	Bacteria
1434099	Methanosarcina sp. Kolksee	Methanobacteriota	Archaea
1434100	Methanosarcina sp. MTP4	Methanobacteriota	Archaea
1434102	Methanosarcina sp. WH1	Methanobacteriota	Archaea
1434103	Methanosarcina sp. WWM596	Methanobacteriota	Archaea
1436084	Streptomyces sp. F12	Actinomycetota	Bacteria
1436085	Streptomyces sp. F8	Actinomycetota	Bacteria
1436290	Candidatus Symbiobacter mobilis	Pseudomonadota	Bacteria
1437364	Thermosipho sp. 1070	Thermotogota	Bacteria
1437443	Methylibium sp. T29-B	Pseudomonadota	Bacteria
1439319	Citrobacter sp. MGH 55	Pseudomonadota	Bacteria
1442136	Ectothiorhodospira sp. BSL-9	Pseudomonadota	Bacteria
1442159	Streptomyces sp. 14R-10	Actinomycetota	Bacteria
1442551	Synechococcus sp. BMK-MC-1	Cyanobacteriota	Bacteria
1442553	Synechococcus sp. M16.1	Cyanobacteriota	Bacteria
1442554	Synechococcus sp. MEDNS5	Cyanobacteriota	Bacteria
1442555	Synechococcus sp. NOUM97013	Cyanobacteriota	Bacteria
1442556	Synechococcus sp. PROS-7-1	Cyanobacteriota	Bacteria
1442557	Synechococcus sp. ROS8604	Cyanobacteriota	Bacteria
1442558	Synechococcus sp. TAK9802	Cyanobacteriota	Bacteria
1443109	Clostridium sp. K25	Bacillota	Bacteria
1446792	Bacillus sp. Pc3	Bacillota	Bacteria
1446794	Frondihabitans sp. 762G35	Actinomycetota	Bacteria
1449778	Achromobacter sp. LM16	Pseudomonadota	Bacteria
1449781	Ochrobactrum sp. LM19	Pseudomonadota	Bacteria
1449783	Pseudomonas sp. LM12	Pseudomonadota	Bacteria
1449788	Sinorhizobium sp. LM21	Pseudomonadota	Bacteria
1450761	Aneurinibacillus sp. XH2	Bacillota	Bacteria
1451265	Citrobacter sp. JT3	Pseudomonadota	Bacteria
1452353	Methanosphaera sp. ISO3-F5	Methanobacteriota	Archaea
1453352	Sediminicola sp. YIK13	Bacteroidota	Bacteria
1453501	Microbulbifer sp. HZ11	Pseudomonadota	Bacteria
1454066	Flavobacterium sp. WW92	Bacteroidota	Bacteria
1454753	Candidatus Caldatribacterium saccharofermentans	Atribacterota	Bacteria
1458461	Candidatus Phaeomarinibacter ectocarpi	Pseudomonadota	Bacteria
1458492	Myroides sp. ZB35	Bacteroidota	Bacteria
1459637	Candidatus Nitrososphaera evergladensis	Nitrososphaerota	Archaea
1460244	Streptomyces sp. PCS3-D2	Actinomycetota	Bacteria
1462747	Thermosipho sp. 1063	Thermotogota	Bacteria
1470088	Lysinibacillus louembei	Bacillota	Bacteria
1472664	Streptomyces sp. SAI-25	Actinomycetota	Bacteria
1475206	Bacillus sp. LH1	Bacillota	Bacteria
1476754	Streptomyces sp. 604F	Actinomycetota	Bacteria
1476901	Nonlabens sp. MIC269	Bacteroidota	Bacteria
1477518	Arthrobacter sp. D5-1	Actinomycetota	Bacteria
1478019	Cupriavidus sp. KK10	Pseudomonadota	Bacteria
1479019	Methylobacterium sp. C1	Pseudomonadota	Bacteria
1484118	Hymenobacter sp. PAMC 26628	Bacteroidota	Bacteria
1486246	Halomonas sp.	Pseudomonadota	Bacteria
1486281	Roseovarius sp.	Pseudomonadota	Bacteria
1486991	Candidatus Sodalis pierantonii	Pseudomonadota	Bacteria
1487956	Corynebacterium sp. ATCC 6931	Actinomycetota	Bacteria
1488356	Streptomyces sp. MBT27	Actinomycetota	Bacteria
1490052	Anoxybacillus sp. B2M1	Bacillota	Bacteria
1490057	Anoxybacillus sp. B7M1	Bacillota	Bacteria
1493872	Chryseobacterium shandongense	Bacteroidota	Bacteria
1494466	Burkholderia sp. FERM BP-3421	Pseudomonadota	Bacteria
1494608	Arthrobacter sp. PAMC 25486	Actinomycetota	Bacteria
1495331	Pseudomonas sp. WCS374	Pseudomonadota	Bacteria
1497974	Georgenia sp. SUBG003	Actinomycetota	Bacteria
1499498	Prochlorococcus sp. MIT 0601	Cyanobacteriota	Bacteria
1499499	Prochlorococcus sp. MIT 0602	Cyanobacteriota	Bacteria
1499500	Prochlorococcus sp. MIT 0603	Cyanobacteriota	Bacteria
1499501	Prochlorococcus sp. SS52	Cyanobacteriota	Bacteria
1499502	Prochlorococcus sp. MIT 0701	Cyanobacteriota	Bacteria
1499503	Prochlorococcus sp. MIT 0702	Cyanobacteriota	Bacteria
1499504	Prochlorococcus sp. MIT 0703	Cyanobacteriota	Bacteria
1499683	Clostridium culturomicium	Bacillota	Bacteria
1500686	Pseudomonas sp. Os17	Pseudomonadota	Bacteria
1500687	Pseudomonas sp. St29	Pseudomonadota	Bacteria
1500960	Campylobacter sp. RM16704	Campylobacterota	Bacteria
1501268	Prochlorococcus sp. MIT 0604	Cyanobacteriota	Bacteria
1501269	Prochlorococcus sp. MIT 0801	Cyanobacteriota	Bacteria
1504981	Halomonas sp. KO116	Pseudomonadota	Bacteria
1505596	Blochmannia endosymbiont of Polyrhachis (Hedomyrma) turneri	Pseudomonadota	Bacteria
1505597	Blochmannia endosymbiont of Camponotus (Colobopsis) obliquus	Pseudomonadota	Bacteria
1506334	Pseudomonas sp. G2-4	Pseudomonadota	Bacteria
1506347	Pseudomonas sp. G3-39	Pseudomonadota	Bacteria
1508644	Candidatus Arthromitus sp. SFB-mouse-NL	Bacillota	Bacteria
1509244	Candidatus Nucleicultrix amoebiphila	Pseudomonadota	Bacteria
1510466	Candidatus Nitrosopumilus koreensis	Nitrososphaerota	Archaea
1510468	Bacillus haikouensis	Bacillota	Bacteria
1513297	Leptospira sp. GIMC2001	Spirochaetota	Bacteria
1514074	Pseudoalteromonas sp. NC201	Pseudomonadota	Bacteria
1516059	Microbulbifer sp. ALW1	Pseudomonadota	Bacteria
1517551	Sphingomonas sp. HMP6	Pseudomonadota	Bacteria
1517554	Sphingomonas sp. HMP9	Pseudomonadota	Bacteria
1517681	Vibrio sp. ER1A	Pseudomonadota	Bacteria
1521117	Corallococcus sp. EGB	Myxococcota	Bacteria
1521768	Bradyrhizobium sp. WD16	Pseudomonadota	Bacteria
1522312	Kingella negevensis	Pseudomonadota	Bacteria
1522671	Dehalococcoides sp. UCH007	Chloroflexota	Bacteria
1522758	Streptomyces sp. ADI95-16	Actinomycetota	Bacteria
1523415	Sphingomonas sp. AAP5	Pseudomonadota	Bacteria
1523522	Pseudomonas sp. ZM1	Pseudomonadota	Bacteria
1524461	Pseudomonas sp. EGD-AKN5	Pseudomonadota	Bacteria
1525218	Sulfitobacter sp. CB2047	Pseudomonadota	Bacteria
1526048	Haloferax sp. Q22	Methanobacteriota	Archaea
1526927	Planococcus sp. PAMC 21323	Bacillota	Bacteria
1528104	Geodermatophilus sp. DSM 44513	Actinomycetota	Bacteria
1529069	Polaribacter sp. BM10	Bacteroidota	Bacteria
1532528	Primula red phytoplasma	Mycoplasmatota	Bacteria
1532555	Brevundimonas sp. DS20	Pseudomonadota	Bacteria
1532905	Paenibacillus sp. CAA11	Bacillota	Bacteria
1534110	Pseudomonas sp. DR 5-09	Pseudomonadota	Bacteria
1535304	Streptomyces sp. OUCMDZ-3434	Actinomycetota	Bacteria
1536769	Paenibacillus sp. FSL P4-0081	Bacillota	Bacteria
1536770	Paenibacillus sp. FSL R5-0345	Bacillota	Bacteria
1536771	Paenibacillus sp. FSL R5-0912	Bacillota	Bacteria
1536772	Paenibacillus sp. FSL R7-0273	Bacillota	Bacteria
1536773	Paenibacillus sp. FSL R7-0331	Bacillota	Bacteria
1536774	Paenibacillus sp. FSL H7-0357	Bacillota	Bacteria
1536775	Paenibacillus sp. FSL H7-0737	Bacillota	Bacteria
1537274	Janthinobacterium sp. HH102	Pseudomonadota	Bacteria
1538158	Rhizobium acidisoli	Pseudomonadota	Bacteria
1538644	Sphingobacterium sp. ML3W	Bacteroidota	Bacteria
1539298	Treponema sp. OMZ 838	Spirochaetota	Bacteria
1541959	Candidatus Izimoplasma sp. HR1	Mycoplasmatota	Bacteria
1545702	Lactobacillus sp. wkB8	Bacillota	Bacteria
1545728	Mycobacterium sp. EPa45	Actinomycetota	Bacteria
1545835	Marinitoga sp. 1137	Thermotogota	Bacteria
1547487	Mycobacterium sp. ELW1	Actinomycetota	Bacteria
1550240	Thermoanaerobacterium sp. RBIITD	Bacillota	Bacteria
1551649	Novosphingobium rhizosphaerae	Pseudomonadota	Bacteria
1560339	Enterobacter sp. E20	Pseudomonadota	Bacteria
1561003	Candidatus Ichthyocystis hellenicum	Pseudomonadota	Bacteria
1561022	Streptomyces sp. CCM_MD2014	Actinomycetota	Bacteria
1561023	Curtobacterium sp. MR_MD2014	Actinomycetota	Bacteria
1562256	Candidatus Kurthia intestinigallinarum	Bacillota	Bacteria
1562720	Cyanobacterium sp. IPPAS B-1200	Cyanobacteriota	Bacteria
1564114	Rhodococcus sp. B7740	Actinomycetota	Bacteria
1564506	Rhodovulum sp. P5	Pseudomonadota	Bacteria
1566272	Variovorax sp. NFACC29	Pseudomonadota	Bacteria
1566273	Variovorax sp. NFACC28	Pseudomonadota	Bacteria
1566274	Variovorax sp. NFACC27	Pseudomonadota	Bacteria
1566275	Variovorax sp. NFACC26	Pseudomonadota	Bacteria
1566351	Desulfuromonas sp. AOP6	Thermodesulfobacteriota	Bacteria
1566358	Paenibacillus sp. IHBB 10380	Bacillota	Bacteria
1566379	Bradyrhizobium sp. UASWS1016	Pseudomonadota	Bacteria
1569353	Phaeobacter sp. S60	Pseudomonadota	Bacteria
1570330	Bacillus sp. BH072	Bacillota	Bacteria
1570939	Rhodococcus sp. 2G	Actinomycetota	Bacteria
1573676	Citrobacter sp. R56	Pseudomonadota	Bacteria
1573704	Pseudomonas sp. R32	Pseudomonadota	Bacteria
1573711	Pseudomonas sp. R76	Pseudomonadota	Bacteria
1573712	Pseudomonas sp. R84	Pseudomonadota	Bacteria
1573714	Pseudomonas sp. S04	Pseudomonadota	Bacteria
1573718	Pseudomonas sp. S34	Pseudomonadota	Bacteria
1573719	Pseudomonas sp. S35	Pseudomonadota	Bacteria
1573720	Pseudomonas sp. S49	Pseudomonadota	Bacteria
1573823	uncultured Draconibacterium sp.	Bacteroidota	Bacteria
1574141	Bacillus sp. YP1	Bacillota	Bacteria
1576550	Candidatus Kinetoplastidibacterium kentomonadis	Pseudomonadota	Bacteria
1577075	Streptomyces sp. PBH53	Actinomycetota	Bacteria
1577685	Acidilobus sp. 7A	Thermoproteota	Archaea
1578828	Edwardsiella sp. EA181011	Pseudomonadota	Bacteria
1581011	Sulfurospirillum sp. UCH001	Campylobacterota	Bacteria
1581038	Bacillus sp. FJAT-22090	Bacillota	Bacteria
1581557	Candidatus Methylopumilus planktonicus	Pseudomonadota	Bacteria
1581680	Candidatus Methylopumilus turicensis	Pseudomonadota	Bacteria
1583100	Myroides sp. A21	Bacteroidota	Bacteria
1583341	Pseudomonas cerasi	Pseudomonadota	Bacteria
1585976	Bergeyella cardium	Bacteroidota	Bacteria
1590041	Aquitalea sp. USM4	Pseudomonadota	Bacteria
1592323	Streptomyces sp. BR1	Actinomycetota	Bacteria
1592728	Haloarcula sp. CBA1115	Methanobacteriota	Archaea
1592897	Coxiella-like endosymbiont	Pseudomonadota	Bacteria
1593482	Massilia sp. YMA4	Pseudomonadota	Bacteria
1594731	Candidatus Westeberhardia cardiocondylae	Pseudomonadota	Bacteria
1597781	Eleftheria terrae	Pseudomonadota	Bacteria
1602166	Pseudomonas sp. St290	Pseudomonadota	Bacteria
1602529	Pseudomonas sp. R1-1	Pseudomonadota	Bacteria
1603038	Vibrio sp. qd031	Pseudomonadota	Bacteria
1603555	Candidatus Nitrosotenuis cloacae	Nitrososphaerota	Archaea
1605993	Wolbachia endosymbiont of Dactylopius coccus	Pseudomonadota	Bacteria
1608357	Pseudomonas sp. LFM046	Pseudomonadota	Bacteria
1608473	Acinetobacter sp. NCu2D-2	Pseudomonadota	Bacteria
1608628	Candidatus Filomicrobium marinum	Pseudomonadota	Bacteria
1609546	endosymbiont DhMRE of Dentiscutata heterogama	Mycoplasmatota	Bacteria
1609758	Novosphingobium sp. P6W	Pseudomonadota	Bacteria
1609966	Actibacterium sp. EMB200-NS6	Pseudomonadota	Bacteria
1609967	Halomonas sp. HG01	Pseudomonadota	Bacteria
1609968	Methanobrevibacter sp. YE315	Methanobacteriota	Archaea
1610576	Halomonas sp. R57-5	Pseudomonadota	Bacteria
1611422	Virgibacillus flavescens	Bacillota	Bacteria
1611770	Pseudomonas sp. MRSN 12121	Pseudomonadota	Bacteria
1612551	Actinoalloteichus sp. GBA129-24	Actinomycetota	Bacteria
1615494	Mixta intestinalis	Pseudomonadota	Bacteria
1615909	Geminocystis sp. NIES-3708	Cyanobacteriota	Bacteria
1616781	Vibrio sp. S234-5	Pseudomonadota	Bacteria
1617448	Geminocystis sp. NIES-3709	Cyanobacteriota	Bacteria
1617967	Granulicella sp. 5B5	Acidobacteriota	Bacteria
1618022	Nostoc sp. 'Lobaria pulmonaria (5183) cyanobiont'	Cyanobacteriota	Bacteria
1619153	Cohnella sp. LGH	Bacillota	Bacteria
1619313	Duffyella gerundensis	Pseudomonadota	Bacteria
1620392	Spongiibacter sp. IMCC21906	Pseudomonadota	Bacteria
1620421	Hoeflea sp. IMCC20628	Pseudomonadota	Bacteria
1621989	Candidatus Desulfofervidus auxilii	Thermodesulfobacteriota	Bacteria
1628059	Sphingomonas sp. JE1	Pseudomonadota	Bacteria
1628392	Hahella sp. KA22	Pseudomonadota	Bacteria
1628753	Bacillus sp. LM 4-2	Bacillota	Bacteria
1630141	Candidatus Nitrosoglobus terrae	Pseudomonadota	Bacteria
1630300	Halomonas sp. Ant2	Pseudomonadota	Bacteria
1630406	Tamlana sp. s12	Bacteroidota	Bacteria
1630693	Gemmata sp. SH-PL17	Planctomycetota	Bacteria
1632772	Pseudomonas sp. R1-18	Pseudomonadota	Bacteria
1632810	Enterobacter sp. 247	Pseudomonadota	Bacteria
1632864	Planctomyces sp. SH-PL14	Planctomycetota	Bacteria
1632865	Pirellula sp. SH-Sr6A	Planctomycetota	Bacteria
1633785	Wolbachia endosymbiont of Drosophila incompta	Pseudomonadota	Bacteria
1634516	Citromicrobium sp. JL477	Pseudomonadota	Bacteria
1636152	Planctomyces sp. SH-PL62	Planctomycetota	Bacteria
1636423	Burkholderia sp. MSMB1588	Pseudomonadota	Bacteria
1636603	Acinetobacter sp. ACNIH1	Pseudomonadota	Bacteria
1636606	Aeromonas sp. ASNIH1	Pseudomonadota	Bacteria
1636607	Aeromonas sp. ASNIH2	Pseudomonadota	Bacteria
1636608	Aeromonas sp. ASNIH3	Pseudomonadota	Bacteria
1636609	Aeromonas sp. ASNIH4	Pseudomonadota	Bacteria
1636610	Pseudomonas sp. PONIH3	Pseudomonadota	Bacteria
1636720	Anoxybacillus sp. PDR2	Bacillota	Bacteria
1637747	Aureimonas sp. AU40	Pseudomonadota	Bacteria
1637831	Burkholderia sp. MSMB617WGS	Pseudomonadota	Bacteria
1637853	Burkholderia sp. NRF60-BP8	Pseudomonadota	Bacteria
1637862	Burkholderia sp. LA-2-3-30-S1-D2	Pseudomonadota	Bacteria
1637869	Burkholderia sp. MSMB0856	Pseudomonadota	Bacteria
1638161	Aureimonas sp. AU12	Pseudomonadota	Bacteria
1638164	Aureimonas sp. D3	Pseudomonadota	Bacteria
1638165	Aureimonas sp. N4	Pseudomonadota	Bacteria
1639348	Magnetospirillum sp. ME-1	Pseudomonadota	Bacteria
1641402	Pseudonocardia sp. HH130629-09	Actinomycetota	Bacteria
1641693	Gordonia sp. G4	Actinomycetota	Bacteria
1643336	Mesobacillus maritimus	Bacillota	Bacteria
1643512	Treponema sp. OMZ 855	Spirochaetota	Bacteria
1643513	Treponema sp. OMZ 857	Spirochaetota	Bacteria
1644130	Maribacter sp. 1_2014MBL_MicDiv	Bacteroidota	Bacteria
1644131	Janthinobacterium sp. 1_2014MBL_MicDiv	Pseudomonadota	Bacteria
1646498	Acinetobacter sp. TTH0-4	Pseudomonadota	Bacteria
1647413	Anabaena sp. WA102	Cyanobacteriota	Bacteria
1647415	Exiguobacterium sp. JLM-2	Bacillota	Bacteria
1649184	Streptomyces sp. CFMR 7	Actinomycetota	Bacteria
1649877	Pseudomonas sp. CCOS 191	Pseudomonadota	Bacteria
1650654	Edwardsiella sp. LADL05-105	Pseudomonadota	Bacteria
1652028	Brachybacterium huguangmaarense	Actinomycetota	Bacteria
1652545	Arthrobacter sp. YC-RL1	Actinomycetota	Bacteria
1653478	Rhodococcus sp. PBTS 1	Actinomycetota	Bacteria
1653480	Alloactinosynnema sp. L-07	Actinomycetota	Bacteria
1653831	Blattabacterium cuenoti	Bacteroidota	Bacteria
1653838	Borrelia tillae	Spirochaetota	Bacteria
1653839	Borrelia venezuelensis	Spirochaetota	Bacteria
1656159	Coxiella endosymbiont of Dermacentor marginatus	Pseudomonadota	Bacteria
1658665	Mitsuaria sp. 7	Pseudomonadota	Bacteria
1658671	Arsenicicoccus sp. oral taxon 190	Actinomycetota	Bacteria
1658672	Ottowia sp. oral taxon 894	Pseudomonadota	Bacteria
1659192	Treponema sp. OMZ 305	Spirochaetota	Bacteria
1659194	Pseudomonas sp. GR 6-02	Pseudomonadota	Bacteria
1660063	Campylobacter sp. RM16187	Campylobacterota	Bacteria
1660073	Campylobacter porcelli	Campylobacterota	Bacteria
1660078	Campylobacter sp. RM5004	Campylobacterota	Bacteria
1660079	Campylobacter sp. RM12651	Campylobacterota	Bacteria
1660080	Campylobacter sp. RM16192	Campylobacterota	Bacteria
1660083	Leptospirillum sp. Group II 'CF-1'	Nitrospirota	Bacteria
1661694	Streptomyces sp. Tue 6075	Actinomycetota	Bacteria
1662285	Methylophilus sp. TWE2	Pseudomonadota	Bacteria
1663591	Magnetospirillum sp. XM-1	Pseudomonadota	Bacteria
1664033	Streptomyces sp. R527F	Actinomycetota	Bacteria
1664265	Candidatus Bandiella euplotis	Pseudomonadota	Bacteria
1664560	Pseudoxanthomonas sp. SE1	Pseudomonadota	Bacteria
1666906	Halomonas sp. HL-93	Pseudomonadota	Bacteria
1671721	Marinobacter sp. CP1	Pseudomonadota	Bacteria
1674922	Labrenzia sp. CP4	Pseudomonadota	Bacteria
1674923	Thermococcus sp. 2319x1	Methanobacteriota	Archaea
1675689	Aeromonas sp. Ne-1	Pseudomonadota	Bacteria
1678028	Massilia sp. NR 4-1	Pseudomonadota	Bacteria
1678128	Limnohabitans sp. 63ED37-2	Pseudomonadota	Bacteria
1678129	Limnohabitans sp. 103DPR2	Pseudomonadota	Bacteria
1680158	Xanthomonas sp. ISO98C4	Pseudomonadota	Bacteria
1684483	Streptomyces sp. G9	Actinomycetota	Bacteria
1685958	Bradyrhizobium sp. ORS 111	Pseudomonadota	Bacteria
1685970	Bradyrhizobium sp. ORS 86	Pseudomonadota	Bacteria
1686378	Citrobacter sp. MGH103	Pseudomonadota	Bacteria
1686380	Citrobacter sp. MGH105	Pseudomonadota	Bacteria
1686385	Citrobacter sp. BIDMC108	Pseudomonadota	Bacteria
1688404	Pseudonocardia sp. EC080610-09	Actinomycetota	Bacteria
1690815	Pseudonocardia sp. HH130630-07	Actinomycetota	Bacteria
1695218	Paenibacillus sp. 32O-W	Bacillota	Bacteria
1696072	Microbacterium sp. CGR1	Actinomycetota	Bacteria
1697043	Bordetella sp. H567	Pseudomonadota	Bacteria
1699621	Psychrobacter sp. P11F6	Pseudomonadota	Bacteria
1699622	Psychrobacter sp. P2G3	Pseudomonadota	Bacteria
1699623	Psychrobacter sp. P11G3	Pseudomonadota	Bacteria
1699624	Psychrobacter sp. P11G5	Pseudomonadota	Bacteria
1702043	Kocuria sp. BT304	Actinomycetota	Bacteria
1702170	Citrobacter sp. FDAARGOS_156	Pseudomonadota	Bacteria
1702238	Clostridium sp. MF28	Bacillota	Bacteria
1702325	Chelatococcus sp. CO-6	Pseudomonadota	Bacteria
1703250	Citrobacter sp. CRE-46	Pseudomonadota	Bacteria
1703338	Croceicoccus sp. Ery15	Pseudomonadota	Bacteria
1703340	Croceicoccus sp. Ery5	Pseudomonadota	Bacteria
1703960	Rhizobium sp. N113	Pseudomonadota	Bacteria
1703961	Rhizobium sp. N1314	Pseudomonadota	Bacteria
1703962	Rhizobium sp. N1341	Pseudomonadota	Bacteria
1703964	Rhizobium sp. N621	Pseudomonadota	Bacteria
1703965	Rhizobium sp. N6212	Pseudomonadota	Bacteria
1703966	Rhizobium sp. N731	Pseudomonadota	Bacteria
1703967	Rhizobium sp. N741	Pseudomonadota	Bacteria
1703968	Rhizobium sp. N871	Pseudomonadota	Bacteria
1703969	Rhizobium sp. N324	Pseudomonadota	Bacteria
1703970	Rhizobium sp. N541	Pseudomonadota	Bacteria
1703971	Rhizobium sp. N941	Pseudomonadota	Bacteria
1703972	Rhizobium sp. N4311	Pseudomonadota	Bacteria
1704044	Arthrobacter sp. ERGS1:01	Actinomycetota	Bacteria
1704307	Candidatus Xiphinematobacter sp. Idaho Grape	Verrucomicrobiota	Bacteria
1705310	Burkholderia sp. IDO3	Pseudomonadota	Bacteria
1705393	Chryseobacterium sp. ERMR1:04	Bacteroidota	Bacteria
1705566	Bacillus sp. FJAT-18017	Bacillota	Bacteria
1705617	Capnocytophaga sp. oral taxon 323	Bacteroidota	Bacteria
1707785	Massilia sp. WG5	Pseudomonadota	Bacteria
1709477	Pseudoalteromonas sp. R3	Pseudomonadota	Bacteria
1712675	Turicibacter sp. H121	Bacillota	Bacteria
1714373	Microbacterium sp. No. 7	Actinomycetota	Bacteria
1714845	Alteromonas sp. BL110	Pseudomonadota	Bacteria
1714848	Aquimarina sp. AD1	Bacteroidota	Bacteria
1714849	Aquimarina sp. AD10	Bacteroidota	Bacteria
1714860	Aquimarina sp. BL5	Bacteroidota	Bacteria
1715285	Candidatus Providencia siddallii	Pseudomonadota	Bacteria
1715860	Staphylococcus sp. AntiMn-1	Bacillota	Bacteria
1715989	Candidatus Nitrospira inopinata	Nitrospirota	Bacteria
1718989	Streptomyces sp. CB03629	Actinomycetota	Bacteria
1720343	Pseudoalteromonas sp. 1_2015MBL_MicDiv	Pseudomonadota	Bacteria
1720344	Psychrobacter sp. AntiMn-1	Pseudomonadota	Bacteria
1721091	Chryseobacterium sp. IHB B 17019	Bacteroidota	Bacteria
1723645	Rhodococcus sp. 008	Actinomycetota	Bacteria
1725232	Candidatus Desulfovibrio trichonymphae	Thermodesulfobacteriota	Bacteria
1725411	Streptomyces sp. CdTB01	Actinomycetota	Bacteria
1727164	Pedobacter sp. PACM 27299	Bacteroidota	Bacteria
1727196	Methylomonas sp. DH-1	Pseudomonadota	Bacteria
1727214	Rhodococcus sp. H-CA8f	Actinomycetota	Bacteria
1729720	Salegentibacter sp. T436	Bacteroidota	Bacteria
1732569	Bdellovibrio sp. SKB1291214	Bdellovibrionota	Bacteria
1736046	Streptomyces sp. SM18	Actinomycetota	Bacteria
1736226	Pseudomonas sp. Leaf58	Pseudomonadota	Bacteria
1736306	Aeromicrobium sp. Leaf245	Actinomycetota	Bacteria
1736675	Devosia sp. A16	Pseudomonadota	Bacteria
1737359	Gordonia sp. 1D	Actinomycetota	Bacteria
1740264	Paenibacillus sp. LX16	Bacillota	Bacteria
1743173	Polynucleobacter sp. MWH-P3-07-1	Pseudomonadota	Bacteria
1746199	Bordetella sp. N	Pseudomonadota	Bacteria
1747384	Aeromonas sp. ARM81	Pseudomonadota	Bacteria
1749074	Mycoplasma sp. (ex Biomphalaria glabrata)	Mycoplasmatota	Bacteria
1749259	Marinobacter sp. LQ44	Pseudomonadota	Bacteria
1750719	Kurthia sp. 11kri321	Bacillota	Bacteria
1751150	Limnohabitans sp. MORI2	Pseudomonadota	Bacteria
1751286	Nostoc sp. NIES-3756	Cyanobacteriota	Bacteria
1752063	Fischerella sp. NIES-3754	Cyanobacteriota	Bacteria
1755504	Pseudomonas sp. DY-1	Pseudomonadota	Bacteria
1756988	Nitratireductor sp. OM-1	Pseudomonadota	Bacteria
1756993	Phytobacter sp. SCO41	Pseudomonadota	Bacteria
1758179	Aeromonas sp. ASNIH5	Pseudomonadota	Bacteria
1758189	Acinetobacter sp. ACNIH2	Pseudomonadota	Bacteria
1758194	Achromobacter sp. AONIH1	Pseudomonadota	Bacteria
1758196	Serratia sp. SSNIH1	Pseudomonadota	Bacteria
1758374	Polynucleobacter sp. TSB-Sco08W16	Pseudomonadota	Bacteria
1758390	Polynucleobacter sp. JS-JIR-II-b4	Pseudomonadota	Bacteria
1758395	Polynucleobacter sp. JS-JIR-5-A7	Pseudomonadota	Bacteria
1758398	Polynucleobacter sp. VK25	Pseudomonadota	Bacteria
1758730	Pseudomonas sp. BIOMIG1BAC	Pseudomonadota	Bacteria
1759399	Streptococcus sp. A12	Bacillota	Bacteria
1760811	uncultured Acetobacteroides sp.	Bacteroidota	Bacteria
1761012	Candidatus Formimonas warabiya	Bacillota	Bacteria
1761789	Halomonas sp. hl-4	Pseudomonadota	Bacteria
1761794	Marinobacter sp. es.042	Pseudomonadota	Bacteria
1761891	Pseudoalteromonas sp. 13-15	Pseudomonadota	Bacteria
1761895	Pseudomonas sp. bs2935	Pseudomonadota	Bacteria
1763363	cyanobacterium endosymbiont of Rhopalodia gibberula	Cyanobacteriota	Bacteria
1763998	Rheinheimera sp. F8	Pseudomonadota	Bacteria
1765049	Azospira sp. I09	Pseudomonadota	Bacteria
1765050	Azospira sp. I13	Pseudomonadota	Bacteria
1765654	Pseudomonas sp. Mb7	Pseudomonadota	Bacteria
1768242	Paucibacter sp. KCTC 42545	Pseudomonadota	Bacteria
1770457	Bacillus sp. C-3-6	Bacillota	Bacteria
1771959	[Arthrobacter] sp. ATCC 21022	Actinomycetota	Bacteria
1774743	Bacillus sp. SDLI1	Bacillota	Bacteria
1776392	Massiliimicrobium timonense	Bacillota	Bacteria
1777491	Alteromonas sp. Mac1	Pseudomonadota	Bacteria
1778262	Candidatus Doolittlea endobia	Pseudomonadota	Bacteria
1778263	Candidatus Hoaglandella endobia	Pseudomonadota	Bacteria
1778264	Candidatus Mikella endobia	Pseudomonadota	Bacteria
1778675	Chromobacterium rhizoryzae	Pseudomonadota	Bacteria
1783348	Corynebacterium guangdongense	Actinomycetota	Bacteria
1785995	Gemella sp. oral taxon 928	Bacillota	Bacteria
1785996	Leptotrichia sp. oral taxon 847	Fusobacteriota	Bacteria
1789226	Methanogenium sp. S4BF	Methanobacteriota	Archaea
1789762	Methanosphaera sp. BMS	Methanobacteriota	Archaea
1792307	Allobosea sp. PAMC 26642	Pseudomonadota	Bacteria
1792508	Salipiger sp. CCB-MM3	Pseudomonadota	Bacteria
1792846	Lysobacter firmicutimachus	Pseudomonadota	Bacteria
1793721	Stenotrophomonas sp. KCTC 12332	Pseudomonadota	Bacteria
1793722	Curtobacterium sp. 9128	Actinomycetota	Bacteria
1795043	Burkholderia sp. PAMC 26561	Pseudomonadota	Bacteria
1795053	Microbacterium sp. PAMC 28756	Actinomycetota	Bacteria
1795630	Frondihabitans sp. PAMC 28766	Actinomycetota	Bacteria
1795631	Variovorax sp. PAMC 28711	Pseudomonadota	Bacteria
1795815	Streptomyces sp. enrichment culture	Actinomycetota	Bacteria
1795874	Burkholderia sp. PAMC 28687	Pseudomonadota	Bacteria
1795888	Streptomyces sp. F41	Actinomycetota	Bacteria
1798193	Erythrobacter sp. HL-111	Pseudomonadota	Bacteria
1798205	Cohaesibacter sp. ES.047	Pseudomonadota	Bacteria
1798216	Leifsonia sp. 98AMF	Actinomycetota	Bacteria
1798217	Leifsonia sp. 197AMF	Actinomycetota	Bacteria
1798219	Leifsonia sp. 509MF	Actinomycetota	Bacteria
1798220	Leifsonia sp. 467MF	Actinomycetota	Bacteria
1798221	Leifsonia sp. 466MF	Actinomycetota	Bacteria
1798222	Leifsonia sp. 157MF	Actinomycetota	Bacteria
1798223	Leifsonia sp. 21MFCrub1.1	Actinomycetota	Bacteria
1798224	Jiangella sp. DSM 45060	Actinomycetota	Bacteria
1798225	Formosa sp. Hel1_31_208	Bacteroidota	Bacteria
1798806	Candidatus Nitrosocosmicus franklandianus	Nitrososphaerota	Archaea
1799667	Prochlorococcus sp. MIT 1306	Cyanobacteriota	Bacteria
1801628	Synechococcus sp. MIT S9504	Cyanobacteriota	Bacteria
1801629	Synechococcus sp. MIT S9508	Cyanobacteriota	Bacteria
1801630	Synechococcus sp. MIT S9509	Cyanobacteriota	Bacteria
1802984	Candidatus Fokinia solitaria	Pseudomonadota	Bacteria
1803865	Thiomicrospira sp. S5	Pseudomonadota	Bacteria
1805714	Christensenella massiliensis	Bacillota	Bacteria
1805827	Rhodococcus sp. MTM3W5.2	Actinomycetota	Bacteria
1805840	Rhodococcus sovatensis	Actinomycetota	Bacteria
1806216	Bacillus sp. RZ2MS9	Bacillota	Bacteria
1806508	Candidatus Promineifilum breve	Chloroflexota	Bacteria
1806885	Sphingorhabdus sp. M41	Pseudomonadota	Bacteria
1806891	Candidatus Chlamydia sanziniae	Chlamydiota	Bacteria
1807790	Rhodococcus sp. BH4	Actinomycetota	Bacteria
1808001	Acinetobacter sp. LoGeW2-3	Pseudomonadota	Bacteria
1808979	Candidatus Methylospira mobilis	Pseudomonadota	Bacteria
1812111	Wolbachia endosymbiont of Cruorifilaria tuberocauda	Pseudomonadota	Bacteria
1812112	Wolbachia endosymbiont of Dipetalonema caudispina	Pseudomonadota	Bacteria
1812115	Wolbachia endosymbiont of Dirofilaria (Dirofilaria) immitis	Pseudomonadota	Bacteria
1812480	Streptomyces sp. fd1-xmd	Actinomycetota	Bacteria
1813182	Geobacillus sp. JS12	Bacillota	Bacteria
1813595	Campylobacter sp. 2014D-0216	Campylobacterota	Bacteria
1813880	Nostocoides sp. HKS02	Actinomycetota	Bacteria
1816218	Colwellia sp. PAMC 20917	Pseudomonadota	Bacteria
1816219	Colwellia sp. PAMC 21821	Pseudomonadota	Bacteria
1816232	Variovorax sp. HW80	Pseudomonadota	Bacteria
1816235	Variovorax sp. PV24	Pseudomonadota	Bacteria
1819736	Polynucleobacter sp. UB-Raua-W9	Pseudomonadota	Bacteria
1821625	Streptomyces sp. VN1	Actinomycetota	Bacteria
1823759	Desulfuromonas sp. DDH964	Thermodesulfobacteriota	Bacteria
1825976	Neorhizobium sp. NCHU2750	Pseudomonadota	Bacteria
1826872	Candidatus Nitrosocosmicus hydrocola	Nitrososphaerota	Archaea
1827285	Acinetobacter sp. MYb10	Pseudomonadota	Bacteria
1827300	Pseudomonas sp. MYb193	Pseudomonadota	Bacteria
1827305	Stenotrophomonas sp. MYb57	Pseudomonadota	Bacteria
1827469	Brevundimonas sp. GW460-12-10-14-LB2	Pseudomonadota	Bacteria
1827481	Enterobacter sp. ODB01	Pseudomonadota	Bacteria
1827526	Streptomyces sp. 184	Actinomycetota	Bacteria
1827742	Streptomyces sp. f51	Actinomycetota	Bacteria
1834167	Candidatus Enterococcus lemimoniae	Bacillota	Bacteria
1834189	Candidatus Enterococcus palustris	Bacillota	Bacteria
1834192	Candidatus Enterococcus dunnyi	Bacillota	Bacteria
1834193	Candidatus Enterococcus clewellii	Bacillota	Bacteria
1835721	secondary endosymbiont of Trabutina mannipara	Pseudomonadota	Bacteria
1835724	Pantoea sp. OXWO6B1	Pseudomonadota	Bacteria
1837130	Bacillus sp. FJAT-14266	Bacillota	Bacteria
1837283	Streptomyces sp. S8	Actinomycetota	Bacteria
1837993	Pseudomonas sp. P108	Pseudomonadota	Bacteria
1839752	Bradyrhizobium sp. G22	Pseudomonadota	Bacteria
1839798	Bacillus sp. FDAARGOS_235	Bacillota	Bacteria
1839799	Streptococcus sp. FDAARGOS_192	Bacillota	Bacteria
1839800	Yersinia sp. FDAARGOS_228	Pseudomonadota	Bacteria
1840239	Polaromonas sp. E10S	Pseudomonadota	Bacteria
1840257	Polaromonas sp. E19S	Pseudomonadota	Bacteria
1840265	Polaromonas sp. E3S	Pseudomonadota	Bacteria
1840267	Polaromonas sp. E5S	Pseudomonadota	Bacteria
1840283	Polaromonas sp. H1N	Pseudomonadota	Bacteria
1840293	Polaromonas sp. H6N	Pseudomonadota	Bacteria
1840297	Polaromonas sp. H8N	Pseudomonadota	Bacteria
1840301	Polaromonas sp. W10N	Pseudomonadota	Bacteria
1840303	Polaromonas sp. W11N	Pseudomonadota	Bacteria
1840315	Polaromonas sp. W5N	Pseudomonadota	Bacteria
1840323	Polaromonas sp. W9N	Pseudomonadota	Bacteria
1841249	Streptomyces sp. RTd22	Actinomycetota	Bacteria
1841651	Agrobacterium sp. 13-2099-1-2	Pseudomonadota	Bacteria
1842533	Acidovorax sp. RAC01	Pseudomonadota	Bacteria
1842534	Sinorhizobium sp. RAC02	Pseudomonadota	Bacteria
1842535	Blastomonas sp. RAC04	Pseudomonadota	Bacteria
1842536	Agrobacterium sp. RAC06	Pseudomonadota	Bacteria
1842537	Hydrogenophaga sp. RAC07	Pseudomonadota	Bacteria
1842539	Allobosea sp. RAC05	Pseudomonadota	Bacteria
1842540	Methyloversatilis sp. RAC08	Pseudomonadota	Bacteria
1843368	Sphingobium sp. RAC03	Pseudomonadota	Bacteria
1844051	Brucella sp. 09RB8910	Pseudomonadota	Bacteria
1844971	Curvibacter sp. AEP1-3	Pseudomonadota	Bacteria
1844999	Listeria sp. PSOL-1	Bacillota	Bacteria
1845000	Candidatus Wolbachia massiliensis	Pseudomonadota	Bacteria
1846278	Candidatus Nitrosotenuis aquarius	Nitrososphaerota	Archaea
1848517	Enterobacter sp. LU1	Pseudomonadota	Bacteria
1848580	Hafnia sp. CBA7124	Pseudomonadota	Bacteria
1848900	Streptomyces sp. ST1015	Actinomycetota	Bacteria
1848904	Capnocytophaga stomatis	Bacteroidota	Bacteria
1849031	Exiguobacterium sp. U13-1	Bacillota	Bacteria
1849032	Arthrobacter sp. U41	Actinomycetota	Bacteria
1849427	Escherichia sp. F1	Pseudomonadota	Bacteria
1849840	Methylosinus sp. 3S-1	Pseudomonadota	Bacteria
1849967	Streptomyces sp. SAT1	Actinomycetota	Bacteria
1850374	Ancylobacter sp. TS-1	Pseudomonadota	Bacteria
1851167	Streptomyces sp. 11-1-2	Actinomycetota	Bacteria
1851395	Actinomyces sp. Chiba101	Actinomycetota	Bacteria
1851505	Cyanobium sp. NIES-981	Cyanobacteriota	Bacteria
1851544	Orrella dioscoreae	Pseudomonadota	Bacteria
1853682	Halarchaeum sp. CBA1220	Methanobacteriota	Archaea
1853690	Halolamina sp. CBA1230	Methanobacteriota	Archaea
1853699	Halorubrum sp. CBA1229	Methanobacteriota	Archaea
1854057	Mesorhizobium sp. AA22	Pseudomonadota	Bacteria
1854498	Chryseobacterium nepalense	Bacteroidota	Bacteria
1855331	Pseudomonas sp. A214	Pseudomonadota	Bacteria
1855336	Polaribacter sp. KT25b	Bacteroidota	Bacteria
1855352	Streptomyces sp. TLI_053	Actinomycetota	Bacteria
1855377	Candidatus Aquiluna sp. UB-MaderosW2red	Actinomycetota	Bacteria
1855380	Pseudomonas sp. Z003-0.4C(8344-21)	Pseudomonadota	Bacteria
1855519	Sphingobium sp. EP60837	Pseudomonadota	Bacteria
1855610	Polynucleobacter sp. MWH-UH19D	Pseudomonadota	Bacteria
1855613	Polynucleobacter sp. MWH-UH23A	Pseudomonadota	Bacteria
1855616	Polynucleobacter sp. MWH-UH25E	Pseudomonadota	Bacteria
1855617	Polynucleobacter sp. MWH-UH2A	Pseudomonadota	Bacteria
1855619	Polynucleobacter sp. MWH-UH35A	Pseudomonadota	Bacteria
1855646	Polynucleobacter sp. UB-Siik-W21	Pseudomonadota	Bacteria
1855652	Polynucleobacter sp. es-EL-1	Pseudomonadota	Bacteria
1855728	Variovorax sp. KK3	Pseudomonadota	Bacteria
1855880	Polynucleobacter sp. MWH-Aus1W21	Pseudomonadota	Bacteria
1855883	Polynucleobacter sp. MWH-Braz-FAM2G	Pseudomonadota	Bacteria
1855909	Polynucleobacter sp. MWH-Svant-W18	Pseudomonadota	Bacteria
1855910	Polynucleobacter sp. MWH-S4W17	Pseudomonadota	Bacteria
1856406	Bacillus sp. H15-1	Bacillota	Bacteria
1856685	Pseudomonas sp. TCU-HL1	Pseudomonadota	Bacteria
1858609	Acidovorax sp. T1	Pseudomonadota	Bacteria
1858653	Agromyces mangrovi (ex Wang et al. 2018)	Actinomycetota	Bacteria
1866325	Sphingopyxis sp. MG	Pseudomonadota	Bacteria
1866938	Synechococcus sp. A18-25c	Cyanobacteriota	Bacteria
1867715	Allobosea sp. Tri-49	Pseudomonadota	Bacteria
1868135	Enterobacter sp. HK169	Pseudomonadota	Bacteria
1868325	Prosthecochloris sp. CIB 2401	Chlorobiota	Bacteria
1868655	Bacillus sp. B25(2016b)	Bacillota	Bacteria
1869241	Nostoc sp. CENA543	Cyanobacteriota	Bacteria
1869339	Polaromonas sp.	Pseudomonadota	Bacteria
1870819	Paenibacillus sp. BIHB 4019	Bacillota	Bacteria
1870862	Aminobacter sp. Y103A	Pseudomonadota	Bacteria
1870903	Stappia sp.	Pseudomonadota	Bacteria
1870985	Arabiibacter massiliensis	Actinomycetota	Bacteria
1871015	Pseudoflavonifractor sp. Marseille-P3106	Bacillota	Bacteria
1871043	Variovorax sp.	Pseudomonadota	Bacteria
1871047	Chryseobacterium sp.	Bacteroidota	Bacteria
1871048	Devosia sp.	Pseudomonadota	Bacteria
1871049	Pseudoxanthomonas sp.	Pseudomonadota	Bacteria
1871050	Allobosea sp.	Pseudomonadota	Bacteria
1871053	Phenylobacterium sp.	Pseudomonadota	Bacteria
1871054	Janthinobacterium sp.	Pseudomonadota	Bacteria
1871066	Mesorhizobium sp.	Pseudomonadota	Bacteria
1871086	Brevundimonas sp.	Pseudomonadota	Bacteria
1871109	Neisseria sp. RH3002v2g	Pseudomonadota	Bacteria
1871321	Planococcus sp. (in: firmicutes)	Bacillota	Bacteria
1871624	Salinicoccus sp.	Bacillota	Bacteria
1872084	Nitratireductor sp.	Pseudomonadota	Bacteria
1872122	Acidovorax sp.	Pseudomonadota	Bacteria
1872427	Alcanivorax sp.	Pseudomonadota	Bacteria
1872431	Algiphilus sp.	Pseudomonadota	Bacteria
1872567	Ancylobacter sp.	Pseudomonadota	Bacteria
1873716	Hyphomonas sp. CACIAM 19H1	Pseudomonadota	Bacteria
1874061	Sphingopyxis sp. EG6	Pseudomonadota	Bacteria
1874361	Idiomarina sp.	Pseudomonadota	Bacteria
1874826	Novosphingobium sp.	Pseudomonadota	Bacteria
1876758	Gluconobacter sp.	Pseudomonadota	Bacteria
1878942	Candidatus Fukatsuia symbiotica	Pseudomonadota	Bacteria
1879049	Acinetobacter sp. WCHAc010034	Pseudomonadota	Bacteria
1881016	Achromobacter sp. MFA1 R4	Pseudomonadota	Bacteria
1881017	Pseudomonas sp. 7SR1	Pseudomonadota	Bacteria
1881022	Streptomyces sp. 2114.2	Actinomycetota	Bacteria
1881061	Stappia sp. ES.058	Pseudomonadota	Bacteria
1881069	Pelagibacterium sp. H642	Pseudomonadota	Bacteria
1882438	Mucilaginibacter sp.	Bacteroidota	Bacteria
1882662	Borrelia sp. HM	Spirochaetota	Bacteria
1882747	Afipia sp. GAS231	Pseudomonadota	Bacteria
1882749	Opitutus sp. GAS368	Verrucomicrobiota	Bacteria
1882757	Streptomyces sp. 3214.6	Actinomycetota	Bacteria
1882831	Verrucomicrobium sp. GAS474	Verrucomicrobiota	Bacteria
1882918	Pajaroellobacter abortibovis	Myxococcota	Bacteria
1883156	Winogradskyella sp.	Bacteroidota	Bacteria
1884263	Selenomonas sp. oral taxon 920	Bacillota	Bacteria
1884475	Vibrio sp. 10N.261.54.E10	Pseudomonadota	Bacteria
1884634	Candidatus Nanopelagicus limnae	Actinomycetota	Bacteria
1884818	Escherichia sp.	Pseudomonadota	Bacteria
1884904	Candidatus Planktophila sulfonica	Actinomycetota	Bacteria
1884905	Candidatus Planktophila versatilis	Actinomycetota	Bacteria
1884907	Candidatus Planktophila vernalis	Actinomycetota	Bacteria
1884913	Candidatus Planktophila lacus	Actinomycetota	Bacteria
1884914	Candidatus Planktophila dulcis	Actinomycetota	Bacteria
1884915	Candidatus Nanopelagicus hibericus	Actinomycetota	Bacteria
1884916	Candidatus Nanopelagicus abundans	Actinomycetota	Bacteria
1885344	Rubrivirga sp.	Rhodothermota	Bacteria
1886786	Sphingobium naphthae	Pseudomonadota	Bacteria
1886807	Pseudomonas sp. TMW 2.1634	Pseudomonadota	Bacteria
1889013	Terriglobus sp.	Acidobacteriota	Bacteria
1891098	Brucella sp. 2002734562	Pseudomonadota	Bacteria
1891280	Saccharolobus sp. A20	Thermoproteota	Archaea
1892382	Endozoicomonas sp.	Pseudomonadota	Bacteria
1892404	Bacillus sp. ABP14	Bacillota	Bacteria
1892855	Sphingosinicella sp. BN140058	Pseudomonadota	Bacteria
1892895	Shigella sp. FC1544	Pseudomonadota	Bacteria
1892898	Shigella sp. FC1056	Pseudomonadota	Bacteria
1894999	Enhydrobacter sp.	Pseudomonadota	Bacteria
1896164	Luteimonas sp. JM171	Pseudomonadota	Bacteria
1896175	Polaribacter sp. KT 15	Bacteroidota	Bacteria
1896196	Porphyrobacter sp. LM 6	Pseudomonadota	Bacteria
1896336	Citrobacter sp.	Pseudomonadota	Bacteria
1896961	Amycolatopsis sp. AA4	Actinomycetota	Bacteria
1897058	Flavobacterium sp. PL002	Bacteroidota	Bacteria
1897060	Cryobacterium sp. SO2	Actinomycetota	Bacteria
1897061	Cryobacterium sp. SO1	Actinomycetota	Bacteria
1898038	Shigella sp. FC1655	Pseudomonadota	Bacteria
1898044	Spiroplasma sp. TU-14	Mycoplasmatota	Bacteria
1898428	Leclercia sp.	Pseudomonadota	Bacteria
1898733	Curtobacterium sp. MCBA15_004	Actinomycetota	Bacteria
1898738	Curtobacterium sp. MCBA15_012	Actinomycetota	Bacteria
1898749	Candidatus Nitrosomarinus catalinensis	Nitrososphaerota	Archaea
1898955	Motiliproteus sp.	Pseudomonadota	Bacteria
1898979	Sodalis sp. (in: enterobacteria)	Pseudomonadota	Bacteria
1902136	Streptococcus sp. NPS 308	Bacillota	Bacteria
1902408	Sphingorhabdus sp.	Pseudomonadota	Bacteria
1903186	Brachybacterium sp. P6-10-X1	Actinomycetota	Bacteria
1903276	Candidatus Nitrosotalea okcheonensis	Nitrososphaerota	Archaea
1903686	Jeotgalibaca sp. PTS2502	Bacillota	Bacteria
1904254	Hydrogenophaga sp.	Pseudomonadota	Bacteria
1904378	Acuticoccus sp.	Pseudomonadota	Bacteria
1904862	Marinomonas sp.	Pseudomonadota	Bacteria
1904944	Stenotrophomonas sp. LM091	Pseudomonadota	Bacteria
1905288	Klebsiella sp. LTGPAF-6F	Pseudomonadota	Bacteria
1905847	Curtobacterium sp. BH-2-1-1	Actinomycetota	Bacteria
1906272	Paenibacillus sp. JZ16	Bacillota	Bacteria
1906273	Cellulosimicrobium sp. JZ28	Actinomycetota	Bacteria
1906274	Microbacterium sp. JZ31	Actinomycetota	Bacteria
1906275	Cronobacter sp. JZ38	Pseudomonadota	Bacteria
1906741	Jeongeupia sp. USM3	Pseudomonadota	Bacteria
1906742	Microbacterium sp. BH-3-3-3	Actinomycetota	Bacteria
1907575	Jatrophihabitans sp. GAS493	Actinomycetota	Bacteria
1908224	Sphingopyxis sp.	Pseudomonadota	Bacteria
1909290	Polymorphobacter sp.	Pseudomonadota	Bacteria
1909299	Blastomonas sp.	Pseudomonadota	Bacteria
1909732	Tessaracoccus sp. T2.5-30	Actinomycetota	Bacteria
1911175	Amycolatopsis sp. BJA-103	Actinomycetota	Bacteria
1911586	Marinilactibacillus sp. 15R	Bacillota	Bacteria
1911587	Virgibacillus sp. 6R	Bacillota	Bacteria
1911685	Methanobacterium sp. MZ-A1	Methanobacteriota	Archaea
1912091	Nioella sp.	Pseudomonadota	Bacteria
1913979	Microcella sp.	Actinomycetota	Bacteria
1914329	Roseicyclus sp.	Pseudomonadota	Bacteria
1914410	Spiroplasma sp. NBRC 100390	Mycoplasmatota	Bacteria
1914525	Sphingopyxis sp. FD7	Pseudomonadota	Bacteria
1914861	Enterobacter sp. SA187	Pseudomonadota	Bacteria
1914871	Dolichospermum sp. UHCC 0315A	Cyanobacteriota	Bacteria
1915310	Enterobacter cloacae complex sp. ECNIH7	Pseudomonadota	Bacteria
1916917	Microbacterium sp. 1.5R	Actinomycetota	Bacteria
1916956	Synechococcus sp. SynAce01	Cyanobacteriota	Bacteria
1917158	Alteromonas sp. RW2A1	Pseudomonadota	Bacteria
1917215	Ferrovibrio sp.	Pseudomonadota	Bacteria
1917219	Fluviicola sp.	Bacteroidota	Bacteria
1920107	Aeromonas sp. ASNIH7	Pseudomonadota	Bacteria
1920110	Citrobacter sp. CFNIH10	Pseudomonadota	Bacteria
1920114	Leclercia sp. LSNIH1	Pseudomonadota	Bacteria
1920116	Leclercia sp. LSNIH3	Pseudomonadota	Bacteria
1920191	Delftia sp. HK171	Pseudomonadota	Bacteria
1920422	Paenibacillus sp. FSL H8-0548	Bacillota	Bacteria
1920423	Paenibacillus sp. FSL H8-0259	Bacillota	Bacteria
1920424	Paenibacillus sp. FSL R5-0490	Bacillota	Bacteria
1920749	Candidatus Mancarchaeum acidiphilum	Microcaldota	Archaea
1920809	Tepidicaulis sp.	Pseudomonadota	Bacteria
1920883	Marivivens sp. JLT3646	Pseudomonadota	Bacteria
1920990	Candidatus Fokinia crypta	Pseudomonadota	Bacteria
1921001	Candidatus Bealeia paramacronuclearis	Pseudomonadota	Bacteria
1921421	Geobacillus genomosp. 3	Bacillota	Bacteria
1921565	Proteus sp. CD3	Pseudomonadota	Bacteria
1922217	Candidatus Erwinia haradaeae	Pseudomonadota	Bacteria
1922222	Sphingorhabdus sp. Alg231-15	Pseudomonadota	Bacteria
1922225	Erythrobacter sp. Alg231-14	Pseudomonadota	Bacteria
1922226	Anderseniella sp. Alg231-50	Pseudomonadota	Bacteria
1924285	Prochlorococcus sp. RSP50	Cyanobacteriota	Bacteria
1924286	Prochlorococcus sp. RS01	Cyanobacteriota	Bacteria
1924287	Prochlorococcus sp. RS04	Cyanobacteriota	Bacteria
1924940	Mameliella sp.	Pseudomonadota	Bacteria
1924941	Oceanicaulis sp.	Pseudomonadota	Bacteria
1925548	Candidatus Fonsibacter ubiquis	Pseudomonadota	Bacteria
1925550	Rhodococcus sp. M8	Actinomycetota	Bacteria
1926290	Cryobacterium sp.	Actinomycetota	Bacteria
1926494	Paraburkholderia sp. SOS3	Pseudomonadota	Bacteria
1926588	Paenibacillus sp. FSL R7-0337	Bacillota	Bacteria
1927127	Candidatus Enterovibrio escicola	Pseudomonadota	Bacteria
1927128	Candidatus Enterovibrio altilux	Pseudomonadota	Bacteria
1929246	Sodalis endosymbiont of Henestaris halophilus	Pseudomonadota	Bacteria
1929291	Reyranella sp.	Pseudomonadota	Bacteria
1930532	Pseudomonas sp. CC6-YY-74	Pseudomonadota	Bacteria
1930546	Sporosarcina sp. P37	Bacillota	Bacteria
1930557	Shewanella sp. FDAARGOS_354	Pseudomonadota	Bacteria
1930593	Candidatus Velamenicoccus archaeovorus	Candidatus Omnitrophota	Bacteria
1930764	Sporosarcina sp. P33	Bacillota	Bacteria
1931238	Pelagibius sp.	Pseudomonadota	Bacteria
1932360	Halorientalis sp. IM1011	Methanobacteriota	Archaea
1932669	Chryseobacterium sp. JV274	Bacteroidota	Bacteria
1933220	Sphingobacterium sp. B29	Bacteroidota	Bacteria
1933903	Bartonella sp. WD12.1	Pseudomonadota	Bacteria
1933904	Bartonella sp. WD16.2	Pseudomonadota	Bacteria
1933905	Bartonella sp. CDC_skunk	Pseudomonadota	Bacteria
1933906	Bartonella sp. JB15	Pseudomonadota	Bacteria
1933907	Bartonella sp. JB63	Pseudomonadota	Bacteria
1933908	Bartonella sp. 11B	Pseudomonadota	Bacteria
1933909	Bartonella sp. 114	Pseudomonadota	Bacteria
1933910	Bartonella sp. A1379B	Pseudomonadota	Bacteria
1933911	Bartonella sp. Coyote22sub2	Pseudomonadota	Bacteria
1933912	Bartonella sp. Raccoon60	Pseudomonadota	Bacteria
1933929	Synechocystis sp. CACIAM 05	Cyanobacteriota	Bacteria
1934254	Klebsiella sp. M5al	Pseudomonadota	Bacteria
1936029	Mycobacterium sp. MS1601	Actinomycetota	Bacteria
1936080	Winogradskyella sp. J14-2	Bacteroidota	Bacteria
1936081	Seonamhaeicola sp. S2-3	Bacteroidota	Bacteria
1936156	Roseibium sp.	Pseudomonadota	Bacteria
1936171	uncultured Roseibium sp.	Pseudomonadota	Bacteria
1936990	Nitrospira sp. KM1	Nitrospirota	Bacteria
1937004	Methanopyrus sp. KOL6	Methanobacteriota	Archaea
1937005	Methanopyrus sp. SNP6	Methanobacteriota	Archaea
1938334	Microbacterium sp. TPU 3598	Actinomycetota	Bacteria
1938604	Aquaspirillum sp. LM1	Pseudomonadota	Bacteria
1938605	Brevundimonas sp. LM2	Pseudomonadota	Bacteria
1938606	Janthinobacterium sp. LM6	Pseudomonadota	Bacteria
1938607	Sphingomonas sp. LM7	Pseudomonadota	Bacteria
1938820	Serratia sp. JKS000199	Pseudomonadota	Bacteria
1938841	Streptomyces sp. 2323.1	Actinomycetota	Bacteria
1940319	Streptococcus sp. DAT741	Bacillota	Bacteria
1940612	Pigmentiphaga aceris	Pseudomonadota	Bacteria
1941347	Bacillus sp. 275	Bacillota	Bacteria
1942464	Cellulophaga sp. HaHaR_3_176	Bacteroidota	Bacteria
1943633	Ponticoccus alexandrii	Pseudomonadota	Bacteria
1945512	Cellvibrio sp. PSBB023	Pseudomonadota	Bacteria
1945513	Streptomyces sp. MH191	Actinomycetota	Bacteria
1945657	Capnocytophaga sp. H2931	Bacteroidota	Bacteria
1945658	Capnocytophaga sp. H4358	Bacteroidota	Bacteria
1945864	Hydrogenophaga sp. A37	Pseudomonadota	Bacteria
1947037	Candidatus Pantoea rara	Pseudomonadota	Bacteria
1949203	Halomonas sp. 'Soap Lake #6'	Pseudomonadota	Bacteria
1955812	Castellaniella sp.	Pseudomonadota	Bacteria
1955814	Dialister sp.	Bacillota	Bacteria
1960881	Runella sp.	Bacteroidota	Bacteria
1961362	Sphingomonas sp. NIC1	Pseudomonadota	Bacteria
1961713	Streptomyces sp. MOE7	Actinomycetota	Bacteria
1962264	Halomonas sp. 'Soap Lake #7'	Pseudomonadota	Bacteria
1962908	Gemmatimonas sp.	Gemmatimonadota	Bacteria
1962974	Geothrix sp.	Acidobacteriota	Bacteria
1963025	Geobacillus sp. 46C-IIa	Bacillota	Bacteria
1963026	Geobacillus sp. 47C-IIb	Bacillota	Bacteria
1964215	Roseivirga sp.	Bacteroidota	Bacteria
1964448	Candidatus Borrelia tachyglossi	Spirochaetota	Bacteria
1964449	Streptomyces sp. 3211	Actinomycetota	Bacteria
1965312	Komagataeibacter sp.	Pseudomonadota	Bacteria
1965332	Kordia sp.	Bacteroidota	Bacteria
1965571	Erysipelatoclostridium sp. An173	Bacillota	Bacteria
1965590	Barnesiella sp. An22	Bacteroidota	Bacteria
1967288	Pelagibacterium sp.	Pseudomonadota	Bacteria
1967498	Ilumatobacter sp.	Actinomycetota	Bacteria
1967666	Microcystis sp. MC19	Cyanobacteriota	Bacteria
1968541	Sulfitobacter sp. D7	Pseudomonadota	Bacteria
1968775	Synechococcus sp. PROS-9-1	Cyanobacteriota	Bacteria
1968788	Mycolicibacterium sp. CBMA 213	Actinomycetota	Bacteria
1968839	Thermoflavifilum sp.	Bacteroidota	Bacteria
1970093	Clostridium sp. 001	Bacillota	Bacteria
1970157	Kordiimonas sp.	Pseudomonadota	Bacteria
1971364	Halomonas sp. GT	Pseudomonadota	Bacteria
1971397	Roseateles sp.	Pseudomonadota	Bacteria
1971485	Candidatus Nardonella dryophthoridicola	Pseudomonadota	Bacteria
1971488	endosymbiont of Pachyrhynchus infernalis	Pseudomonadota	Bacteria
1972134	endosymbiont of Sipalinus gigas	Pseudomonadota	Bacteria
1972431	Phytobacter ursingii	Pseudomonadota	Bacteria
1972846	Streptomyces sp. Sge12	Actinomycetota	Bacteria
1973002	Thiosocius teredinicola	Pseudomonadota	Bacteria
1974203	Gracilimonas sp.	Balneolota	Bacteria
1974213	Prosthecochloris sp. HL-130-GSB	Chlorobiota	Bacteria
1977088	Streptomyces ficellus	Actinomycetota	Bacteria
1977566	Enterobacter sp. Crenshaw	Pseudomonadota	Bacteria
1977864	Candidatus Pelagibacter sp. RS39	Pseudomonadota	Bacteria
1977865	Candidatus Pelagibacter sp. RS40	Pseudomonadota	Bacteria
1978566	Cryobacterium sp. LW097	Actinomycetota	Bacteria
1979344	Flavobacterium sp. MDT1-60	Bacteroidota	Bacteria
1979401	Thalassovita sp.	Pseudomonadota	Bacteria
1979950	Oricola sp.	Pseudomonadota	Bacteria
1979954	Emcibacter sp.	Pseudomonadota	Bacteria
1980001	Cellulosimicrobium sp. TH-20	Actinomycetota	Bacteria
1980674	Paenibacillus sp. Cedars	Bacillota	Bacteria
1981031	uncultured Mailhella sp.	Thermodesulfobacteriota	Bacteria
1981173	Rhizobium sp. NXC14	Pseudomonadota	Bacteria
1981174	Pseudomonas sp. M30-35	Pseudomonadota	Bacteria
1981880	Denitratisoma sp. DHT3	Pseudomonadota	Bacteria
1982755	Advenella sp. S44	Pseudomonadota	Bacteria
1982756	Psychrobacter sp. L7	Pseudomonadota	Bacteria
1983755	Sphingobium sp. LB126	Pseudomonadota	Bacteria
1984801	Streptomyces sp. CLI2509	Actinomycetota	Bacteria
1985873	Sulfuriferula sp. AH1	Pseudomonadota	Bacteria
1986204	Candidatus Brevifilum fermentans	Chloroflexota	Bacteria
1987500	Coxiella-like endosymbiont of Amblyomma americanum	Pseudomonadota	Bacteria
1987723	Cellvibrio sp. PSBB006	Pseudomonadota	Bacteria
1987921	Candidatus Profftia lariciata	Pseudomonadota	Bacteria
2002831	Microbacterium sp. AISO3	Actinomycetota	Bacteria
2003120	Nocardioides sp. XL1	Actinomycetota	Bacteria
2003121	Sphingobacterium sp. G1-14	Bacteroidota	Bacteria
2003315	Porphyrobacter sp. CACIAM 03H1	Pseudomonadota	Bacteria
2003316	Pseudoalteromonas sp. GCY	Pseudomonadota	Bacteria
2003365	Marivita sp.	Pseudomonadota	Bacteria
2003368	Limnobacter sp.	Pseudomonadota	Bacteria
2003370	Salinivibrio sp. YCSC6	Pseudomonadota	Bacteria
2003551	Cellulomonas sp. PSBB021	Actinomycetota	Bacteria
2004463	Spiroplasma endosymbiont of Glossina fuscipes fuscipes	Mycoplasmatota	Bacteria
2004515	Qipengyuania sp.	Pseudomonadota	Bacteria
2004644	Acinetobacter sp. WCHA45	Pseudomonadota	Bacteria
2004646	Acinetobacter sp. WCHA55	Pseudomonadota	Bacteria
2004647	Acinetobacter sp. WCHAc010052	Pseudomonadota	Bacteria
2004662	Hyphobacterium sp.	Pseudomonadota	Bacteria
2004710	Cloacibacterium caeni	Bacteroidota	Bacteria
2005046	Stenotrophomonas sp. WZN-1	Pseudomonadota	Bacteria
2005166	Tabrizicola sp.	Pseudomonadota	Bacteria
2005262	Candidatus Legionella polyplacis	Pseudomonadota	Bacteria
2005388	Pseudomonas sp. RU47	Pseudomonadota	Bacteria
2005462	Calothrix sp. NIES-3974	Cyanobacteriota	Bacteria
2005885	Streptomyces sp. S063	Actinomycetota	Bacteria
2006131	Tenacibaculum aestuariivivum	Bacteroidota	Bacteria
2007196	Vibrio sp. T9	Pseudomonadota	Bacteria
2008440	Thermococcus sp. 5-4	Methanobacteriota	Archaea
2009266	Nitratidesulfovibrio sp. HK-II	Thermodesulfobacteriota	Bacteria
2009329	Sagittula sp. P11	Pseudomonadota	Bacteria
2009331	Bacillus sp. MD-5	Bacillota	Bacteria
2010183	Sporanaerobacter sp.	Bacillota	Bacteria
2010992	Marivirga harenae	Bacteroidota	Bacteria
2011159	Erythrobacter sp. KY5	Pseudomonadota	Bacteria
2012495	Lactobacillus panisapium	Bacillota	Bacteria
2014076	Bacillus sp. FJAT-42376	Bacillota	Bacteria
2014534	Microbacterium sp. PM5	Actinomycetota	Bacteria
2014541	Halomonas sp. N3-2A	Pseudomonadota	Bacteria
2015076	Chryseobacterium sp. T16E-39	Bacteroidota	Bacteria
2015316	Allobosea sp. AS-1	Pseudomonadota	Bacteria
2015361	Burkholderia sp. HI4860	Pseudomonadota	Bacteria
2015795	Klebsiella sp. LY	Pseudomonadota	Bacteria
2016196	Hyphomonas sp. KY3	Pseudomonadota	Bacteria
2017482	Thalassococcus sp. S3	Pseudomonadota	Bacteria
2017486	Nocardioides sp. S5	Actinomycetota	Bacteria
2017685	Arthrobacter sp. PM3	Actinomycetota	Bacteria
2017966	Methanothermobacter sp. EMTCatA1	Methanobacteriota	Archaea
2018025	Kitasatospora sp. MMS16-BH015	Actinomycetota	Bacteria
2018052	Candidatus Vallotia laricis	Pseudomonadota	Bacteria
2018065	Roseomonas sp. FDAARGOS_362	Pseudomonadota	Bacteria
2018067	Pseudomonas sp. FDAARGOS_380	Pseudomonadota	Bacteria
2018305	Shewanella bicestrii	Pseudomonadota	Bacteria
2018564	Acinetobacter sp. YT-02	Pseudomonadota	Bacteria
2020311	Rhizobium sp. Kim5	Pseudomonadota	Bacteria
2020312	Rhizobium sp. CIAT894	Pseudomonadota	Bacteria
2020313	Rhizobium sp. TAL182	Pseudomonadota	Bacteria
2020377	Sinomonas sp. R1AF57	Actinomycetota	Bacteria
2020412	Allobosea sp. ANAM02	Pseudomonadota	Bacteria
2020486	Arthrobacter sp. YN	Actinomycetota	Bacteria
2020716	Paenibacillus konkukensis	Bacillota	Bacteria
2020875	Methyloprofundus sp.	Pseudomonadota	Bacteria
2021862	Labrenzia sp. VG12	Pseudomonadota	Bacteria
2022656	Corynebacterium sp. LK10	Actinomycetota	Bacteria
2022740	Thalassobaculum sp.	Pseudomonadota	Bacteria
2022749	Sulfurimonas sp.	Campylobacterota	Bacteria
2023229	Porphyrobacter sp. HT-58-2	Pseudomonadota	Bacteria
2023260	Megasphaera sp.	Bacillota	Bacteria
2023772	Paenibacillus sp. RUD330	Bacillota	Bacteria
2023866	Petrimonas sp.	Bacteroidota	Bacteria
2024428	Ornithinicoccus sp.	Actinomycetota	Bacteria
2024551	Thiocapsa sp.	Pseudomonadota	Bacteria
2024580	Plantactinospora sp. KBS50	Actinomycetota	Bacteria
2024611	Rhodanobacter sp. T12-5	Pseudomonadota	Bacteria
2024612	Mycolicibacterium sp. P9-64	Actinomycetota	Bacteria
2024614	Tardiphaga sp. P9-11	Pseudomonadota	Bacteria
2024615	Mycolicibacterium sp. P1-18	Actinomycetota	Bacteria
2024616	Methylobacterium sp. P1-11	Pseudomonadota	Bacteria
2024618	Acinetobacter sp. BS1	Pseudomonadota	Bacteria
2024842	Nisaea sp.	Pseudomonadota	Bacteria
2024843	Candidatus Nitrosopumilus sp.	Nitrososphaerota	Archaea
2024849	Candidatus Pelagibacter sp.	Pseudomonadota	Bacteria
2025349	Novosphingobium sp. 9	Pseudomonadota	Bacteria
2025351	Methanobacterium sp. BAmetb5	Methanobacteriota	Archaea
2025492	Staphylococcus sp. M0911	Bacillota	Bacteria
2025658	Pseudomonas sp. NS1(2017)	Pseudomonadota	Bacteria
2025876	Parabacteroides sp. CT06	Bacteroidota	Bacteria
2025949	Herbaspirillum sp. meg3	Pseudomonadota	Bacteria
2026248	Bacillus sp. 1s-1	Bacillota	Bacteria
2026885	Candidatus Bipolaricaulis anaerobius	Candidatus Bipolaricaulota	Bacteria
2027405	Azoarcus sp. DD4	Pseudomonadota	Bacteria
2027911	Cupriavidus sp. P-10	Pseudomonadota	Bacteria
2027919	Enterobacter cloacae complex sp.	Pseudomonadota	Bacteria
2028343	Rhizobium sp. 11515TR	Pseudomonadota	Bacteria
2029164	Candidatus Tisiphia endosymbiont of Sialis lutaria	Pseudomonadota	Bacteria
2029677	Tenacibaculum insulae	Bacteroidota	Bacteria
2029986	Shewanella sp. WE21	Pseudomonadota	Bacteria
2030797	Glaesserella sp. 15-184	Pseudomonadota	Bacteria
2033016	Hydrocarboniphaga sp.	Pseudomonadota	Bacteria
2033032	Aeromonas sp. CA23	Pseudomonadota	Bacteria
2033033	Aeromonas sp. CU5	Pseudomonadota	Bacteria
2033137	Marinifilum sp.	Bacteroidota	Bacteria
2033437	Chitinophaga sp. MD30	Bacteroidota	Bacteria
2033438	Serratia sp. MYb239	Pseudomonadota	Bacteria
2033844	Actinoplanes sp. SE50	Actinomycetota	Bacteria
2033869	Rhodobacter sp. CZR27	Pseudomonadota	Bacteria
2034517	Larkinella sp.	Bacteroidota	Bacteria
2034861	Terasakiella sp.	Pseudomonadota	Bacteria
2035858	uncultured Pseudodesulfovibrio sp.	Thermodesulfobacteriota	Bacteria
2036037	Streptomyces sp. Tue6028	Actinomycetota	Bacteria
2037915	Dickeya sp. Secpp 1600	Pseudomonadota	Bacteria
2038411	Imperialibacter sp.	Bacteroidota	Bacteria
2038470	Candidatus Chlamydia corallus	Chlamydiota	Bacteria
2038636	Hyphococcus sp.	Pseudomonadota	Bacteria
2039166	Chryseobacterium sp. 6424	Bacteroidota	Bacteria
2039724	Thiomicrorhabdus sp.	Pseudomonadota	Bacteria
2039870	Micromonospora sp. WMMA2032	Actinomycetota	Bacteria
2040586	Stenotrophomonas sp. Pemsol	Pseudomonadota	Bacteria
2040624	Gemella sp. ND 6198	Bacillota	Bacteria
2042026	Seohaeicola sp.	Pseudomonadota	Bacteria
2044467	Escherichia sp. E4742	Pseudomonadota	Bacteria
2044576	Corynebacterium sp. LK31	Actinomycetota	Bacteria
2044610	Candidatus Pantoea edessiphila	Pseudomonadota	Bacteria
2045011	Candidatus Nitrosocaldus islandicus	Nitrososphaerota	Archaea
2048654	Solibacillus sp. R5-41	Bacillota	Bacteria
2048897	Rhizobium sp. NXC24	Pseudomonadota	Bacteria
2048898	Microbacterium sp. Y-01	Actinomycetota	Bacteria
2049589	Pseudomonas sp. HLS-6	Pseudomonadota	Bacteria
2051905	Enterobacter sp. CRENT-193	Pseudomonadota	Bacteria
2051906	Exiguobacterium sp. N4-1P	Bacillota	Bacteria
2052484	Roseateles noduli	Pseudomonadota	Bacteria
2052657	Dietzia sp. JS16-p6b	Actinomycetota	Bacteria
2052956	Pseudomonas sp. ACM7	Pseudomonadota	Bacteria
2053669	Cobetia sp. ICG0124	Pseudomonadota	Bacteria
2053832	Bacillus sp. HBCD-sjtu	Bacillota	Bacteria
2054173	Candidatus Coxiella mudrowiae	Pseudomonadota	Bacteria
2054282	Cyanobacterium sp. HL-69	Cyanobacteriota	Bacteria
2054902	Rhodococcus sp. AQ5-07	Actinomycetota	Bacteria
2054914	Pseudomonas sp. 02C 26	Pseudomonadota	Bacteria
2054915	Pseudomonas sp. 09C 129	Pseudomonadota	Bacteria
2054919	Pseudomonas sp. S09G 359	Pseudomonadota	Bacteria
2055892	Idiomarina sp. X4	Pseudomonadota	Bacteria
2056121	'Prunus avium' virescence phytoplasma	Mycoplasmatota	Bacteria
2056258	Streptomyces sp. AMCC400023	Actinomycetota	Bacteria
2057741	Bradyrhizobium sp. SK17	Pseudomonadota	Bacteria
2057789	Pseudomonas sp. MAFF 730105	Pseudomonadota	Bacteria
2057791	Enterococcus sp. CR-Ec1	Bacillota	Bacteria
2057798	Actinomyces sp. 432	Actinomycetota	Bacteria
2057808	Lacinutrix sp. Bg11-31	Bacteroidota	Bacteria
2058097	Candidatus Nitrosocaldus cavascurensis	Nitrososphaerota	Archaea
2058133	Alteromonas sp. MB-3u-76	Pseudomonadota	Bacteria
2058134	Nonlabens sp. MB-3u-79	Bacteroidota	Bacteria
2058135	Olleya sp. Bg11-27	Bacteroidota	Bacteria
2058136	Planococcus sp. MB-3u-03	Bacillota	Bacteria
2058137	Polaribacter sp. ALD11	Bacteroidota	Bacteria
2058298	Shewanella sp. 11B5	Pseudomonadota	Bacteria
2058308	Psychrobacter sp. Choline-02u-13	Pseudomonadota	Bacteria
2058310	Psychrobacter sp. Choline-02u-9	Pseudomonadota	Bacteria
2058315	Shewanella sp. GutCb	Pseudomonadota	Bacteria
2058316	Shewanella sp. GutDb-MelDb	Pseudomonadota	Bacteria
2058317	Planococcus sp. MB-3u-09	Bacillota	Bacteria
2058318	Planomicrobium sp. MB-3u-38	Bacillota	Bacteria
2058320	Psychroflexus sp. MES1-P1E	Bacteroidota	Bacteria
2058322	Psychrobacter sp. MES7-P7E	Pseudomonadota	Bacteria
2058324	Psychrobacter sp. Sarcosine-02u-2	Pseudomonadota	Bacteria
2058328	Planococcus sp. Urea-3u-39	Bacillota	Bacteria
2058329	Planococcus sp. Urea-trap-24	Bacillota	Bacteria
2058330	Shewanella sp. ALD9	Pseudomonadota	Bacteria
2058624	Undibacterium sp. KW1	Pseudomonadota	Bacteria
2058625	Undibacterium sp. YM2	Pseudomonadota	Bacteria
2058657	Zhihengliuella sp. ISTPL4	Actinomycetota	Bacteria
2058762	Flagellimonas sp.	Bacteroidota	Bacteria
2058884	Herbaspirillum sp. BH-1	Pseudomonadota	Bacteria
2059264	Shewanella sp. Pdp11	Pseudomonadota	Bacteria
2059672	Chromobacterium sp. ATCC 53434	Pseudomonadota	Bacteria
2059875	Gordonia sp. YC-JH1	Actinomycetota	Bacteria
2059884	Streptomyces sp. CMB-StM0423	Actinomycetota	Bacteria
2060307	Enterococcus sp. FDAARGOS_375	Bacillota	Bacteria
2060312	Altererythrobacter sp. B11	Pseudomonadota	Bacteria
2060723	Labilibaculum sp.	Bacteroidota	Bacteria
2060726	Neorhizobium sp. SOG26	Pseudomonadota	Bacteria
2065312	Marinomonas sp. A3A	Pseudomonadota	Bacteria
2065378	Breoghania sp.	Pseudomonadota	Bacteria
2065821	Hydrogenovibrio sp.	Pseudomonadota	Bacteria
2066024	Candidatus Cytomitobacter primus	Pseudomonadota	Bacteria
2066049	Citrobacter freundii complex sp. CFNIH2	Pseudomonadota	Bacteria
2066072	Bacterioplanoides sp.	Pseudomonadota	Bacteria
2066133	Marinomonas sp. CT5	Pseudomonadota	Bacteria
2067415	Altererythrobacter sp. TH136	Pseudomonadota	Bacteria
2067572	Pseudomonas sp. NC02	Pseudomonadota	Bacteria
2067958	Kosakonia sp. MUSA4	Pseudomonadota	Bacteria
2067959	Lelliottia sp. AC1	Pseudomonadota	Bacteria
2067992	Methylibium sp.	Pseudomonadota	Bacteria
2069255	Paenibacillus sp. lzh-N1	Bacillota	Bacteria
2069256	Pseudomonas sp. XWY-1	Pseudomonadota	Bacteria
2070337	Curtobacterium sp. SGAir0471	Actinomycetota	Bacteria
2070347	Agrococcus sp. SGAir0287	Actinomycetota	Bacteria
2070348	Microbacterium sp. SGAir0570	Actinomycetota	Bacteria
2070349	Pantoea sp. SGAir0175	Pseudomonadota	Bacteria
2070350	Pantoea sp. SGAir0180	Pseudomonadota	Bacteria
2070351	Pantoea sp. SGAir0183	Pseudomonadota	Bacteria
2070352	Pantoea sp. SGAir0184	Pseudomonadota	Bacteria
2070353	Pantoea sp. SGAir0215	Pseudomonadota	Bacteria
2070354	Pantoea sp. SGAir0418	Pseudomonadota	Bacteria
2070355	Curtobacterium sp. SGAir0571	Actinomycetota	Bacteria
2070369	Sulfitobacter sp. JL08	Pseudomonadota	Bacteria
2070463	Lysinibacillus sp. SGAir0095	Bacillota	Bacteria
2070759	Bacillus sp. MBGLi79	Bacillota	Bacteria
2070777	Vibrio sp. F13	Pseudomonadota	Bacteria
2071621	Marinomonas sp. FW-1	Pseudomonadota	Bacteria
2071627	Plantactinospora sp. BB1	Actinomycetota	Bacteria
2072025	Lysinibacillus sp. YS11	Bacillota	Bacteria
2072405	Stenotrophomonas sp. ZAC14D2_NAIMI4_7	Pseudomonadota	Bacteria
2072406	Stenotrophomonas sp. ZAC14D2_NAIMI4_6	Pseudomonadota	Bacteria
2072407	Stenotrophomonas sp. YAU14D1_LEIMI4_1	Pseudomonadota	Bacteria
2072408	Stenotrophomonas sp. YAU14A_MKIMI4_1	Pseudomonadota	Bacteria
2072409	Stenotrophomonas sp. SAU14A_NAIMI4_8	Pseudomonadota	Bacteria
2072410	Stenotrophomonas sp. ZAC14D1_NAIMI4_6	Pseudomonadota	Bacteria
2072411	Stenotrophomonas sp. ZAC14D1_NAIMI4_1	Pseudomonadota	Bacteria
2072412	Stenotrophomonas sp. ZAC14A_NAIMI4_1	Pseudomonadota	Bacteria
2072413	Stenotrophomonas sp. SAU14A_NAIMI4_5	Pseudomonadota	Bacteria
2072414	Stenotrophomonas sp. ESTM1D_MKCIP4_1	Pseudomonadota	Bacteria
2072503	Actinoalloteichus sp. AHMU CJ021	Actinomycetota	Bacteria
2072505	Streptomyces sp. Go-475	Actinomycetota	Bacteria
2072642	Paenibacillus sp. PK3_47	Bacillota	Bacteria
2072936	Sphingobium sp. SCG-1	Pseudomonadota	Bacteria
2073078	Pseudomonas sp. DTU12.3	Pseudomonadota	Bacteria
2077101	Pseudoalteromonas sp. T1lg65	Pseudomonadota	Bacteria
2077136	Enterobacter cloacae complex sp. FDA-CDC-AR_0164	Pseudomonadota	Bacteria
2077137	Enterobacter cloacae complex sp. FDA-CDC-AR_0132	Pseudomonadota	Bacteria
2077147	Citrobacter freundii complex sp. CFNIH3	Pseudomonadota	Bacteria
2077148	Citrobacter freundii complex sp. CFNIH4	Pseudomonadota	Bacteria
2077149	Citrobacter freundii complex sp. CFNIH9	Pseudomonadota	Bacteria
2077182	Sphingorhabdus sp. YGSMI21	Pseudomonadota	Bacteria
2077198	Haloferax sp. Atlit-48N	Methanobacteriota	Archaea
2078691	Streptomyces sp. CB01881	Actinomycetota	Bacteria
2079227	Arthrobacter sp. PGP41	Actinomycetota	Bacteria
2079536	Actinomyces sp. Z16	Actinomycetota	Bacteria
2079575	Aurantimicrobium sp. MWH-Uga1	Actinomycetota	Bacteria
2079596	Acinetobacter sp. SWBY1	Pseudomonadota	Bacteria
2080419	Deinococcus sp. NW-56	Deinococcota	Bacteria
2080759	Bacillus sp. DU-106	Bacillota	Bacteria
2081041	Polynucleobacter sp. AP-Kolm-20A-A1	Pseudomonadota	Bacteria
2081049	Polynucleobacter sp. AP-Sving-400A-A2	Pseudomonadota	Bacteria
2081051	Polynucleobacter sp. MG-5-Ahmo-C2	Pseudomonadota	Bacteria
2081052	Polynucleobacter sp. MG-Unter2-18	Pseudomonadota	Bacteria
2081477	Xanthomonas sp. MLO165	Pseudomonadota	Bacteria
2081702	Actinomyces sp. oral taxon 897	Actinomycetota	Bacteria
2082188	Sphingobium sp. YG1	Pseudomonadota	Bacteria
2082385	Polaromonas sp. Pch-P	Pseudomonadota	Bacteria
2082386	Methylibium sp. Pch-M	Pseudomonadota	Bacteria
2082387	Mesorhizobium sp. Pch-S	Pseudomonadota	Bacteria
2082949	Microvirga sp. 17 mud 1-3	Pseudomonadota	Bacteria
2083051	Pseudomonas sp. SWI6	Pseudomonadota	Bacteria
2083052	Pseudomonas sp. SWI36	Pseudomonadota	Bacteria
2083053	Pseudomonas sp. SWI44	Pseudomonadota	Bacteria
2083054	Pseudomonas sp. LG1D9	Pseudomonadota	Bacteria
2083055	Pseudomonas sp. LH1G9	Pseudomonadota	Bacteria
2083284	Streptomyces sp. CB09001	Actinomycetota	Bacteria
2083786	Devosia sp. I507	Pseudomonadota	Bacteria
2093743	Pseudomonas alloputida	Pseudomonadota	Bacteria
2093834	Bacillus sp. ZY-1-1	Bacillota	Bacteria
2094021	Streptomyces sp. WAC00288	Actinomycetota	Bacteria
2099387	Tolypothrix sp. PCC 7910	Cyanobacteriota	Bacteria
2099583	Streptomyces sp. ICC1	Actinomycetota	Bacteria
2099584	Streptomyces sp. ICC4	Actinomycetota	Bacteria
2099693	Mycobacterium sp. ITM-2016-00318	Actinomycetota	Bacteria
2099694	Mycobacterium sp. ITM-2016-00317	Actinomycetota	Bacteria
2099695	Mycobacterium sp. ITM-2016-00316	Actinomycetota	Bacteria
2100132	Rhodococcus sp. BGS-1C	Actinomycetota	Bacteria
2100422	Idiomarina sp. OT37-5b	Pseudomonadota	Bacteria
2100729	Paenibacillus sp. PL2-23	Bacillota	Bacteria
2103230	Microbacterium sp. str. 'China'	Actinomycetota	Bacteria
2107713	Aeromicrobium sp. A1-2	Actinomycetota	Bacteria
2108445	Mesorhizobium sp. DCY119	Pseudomonadota	Bacteria
2108470	Plantactinospora sp. BC1	Actinomycetota	Bacteria
2108523	Lawsonibacter asaccharolyticus	Bacillota	Bacteria
2109558	Halobacteriovorax sp. BALOs_7	Bdellovibrionota	Bacteria
2109592	Streptomyces sp. SGAir0957	Actinomycetota	Bacteria
2109593	Streptomyces sp. SGAir0924	Actinomycetota	Bacteria
2109686	Butyricicoccus sp. GAM44	Bacillota	Bacteria
2109687	Oscillibacter sp. PEA192	Bacillota	Bacteria
2109943	Mesoflavibacter sp. HG37	Bacteroidota	Bacteria
2109944	Mesoflavibacter sp. HG96	Bacteroidota	Bacteria
2115978	Candidatus Phycorickettsia trachydisci	Pseudomonadota	Bacteria
2116510	Mycetocola sp. JXN-3	Actinomycetota	Bacteria
2116702	Synechocystis sp. IPPAS B-1465	Cyanobacteriota	Bacteria
2126319	Variovorax sp. PMC12	Pseudomonadota	Bacteria
2126321	Nissabacter sp. SGAir0207	Pseudomonadota	Bacteria
2127034	Aeromonas sp. pRIVM0001_VIM-1	Pseudomonadota	Bacteria
2127060	Rhodopirellula sp. P2	Planctomycetota	Bacteria
2135430	Streptomyces sp. P3	Actinomycetota	Bacteria
2136173	Streptomyces sp. So13.3	Actinomycetota	Bacteria
2136401	Streptomyces sp. YIM 121038	Actinomycetota	Bacteria
2137202	Cyanobium sp. ULC065	Cyanobacteriota	Bacteria
2137204	Cyanobium sp. ULC082	Cyanobacteriota	Bacteria
2138101	Moorella sp. Hama-1	Bacillota	Bacteria
2153385	Lelliottia sp. WB101	Pseudomonadota	Bacteria
2161872	Colwellia sp. Arc7-D	Pseudomonadota	Bacteria
2162637	Bacteroides sp. PHL 2737	Bacteroidota	Bacteria
2163016	Vibrio sp. dhg	Pseudomonadota	Bacteria
2163644	Candidatus Deianiraea vastatrix	Pseudomonadota	Bacteria
2169540	Lysinibacillus sp. 2017	Bacillota	Bacteria
2169583	Pseudomonas sp. SXM-1	Pseudomonadota	Bacteria
2170729	Methyloceanibacter sp. wino2	Pseudomonadota	Bacteria
2170745	Auritidibacter sp. NML130574	Actinomycetota	Bacteria
2171497	Bradyrhizobium sp. WBOS02	Pseudomonadota	Bacteria
2171498	Bradyrhizobium sp. WBOS04	Pseudomonadota	Bacteria
2171499	Bradyrhizobium sp. WBOS07	Pseudomonadota	Bacteria
2171500	Bradyrhizobium sp. WBOS08	Pseudomonadota	Bacteria
2171623	Miniimonas sp. S16	Actinomycetota	Bacteria
2173169	Dokdonia sp. Dokd-P16	Bacteroidota	Bacteria
2173174	Cellulomonas sp. WB94	Actinomycetota	Bacteria
2175619	Curtobacterium sp. MCJR17_020	Actinomycetota	Bacteria
2175620	Curtobacterium sp. MCLR17_036	Actinomycetota	Bacteria
2175621	Curtobacterium sp. MCBD17_026	Actinomycetota	Bacteria
2175622	Curtobacterium sp. MCLR17_031	Actinomycetota	Bacteria
2175632	Curtobacterium sp. MCLR17_054	Actinomycetota	Bacteria
2175635	Curtobacterium sp. MCLR17_058	Actinomycetota	Bacteria
2175639	Curtobacterium sp. MCPF17_021	Actinomycetota	Bacteria
2175641	Curtobacterium sp. MCSS17_005	Actinomycetota	Bacteria
2175644	Curtobacterium sp. MCSS17_016	Actinomycetota	Bacteria
2175645	Curtobacterium sp. MCPF17_002	Actinomycetota	Bacteria
2175646	Curtobacterium sp. MCSS17_007	Actinomycetota	Bacteria
2175648	Curtobacterium sp. MCLR17_007	Actinomycetota	Bacteria
2175650	Curtobacterium sp. MCLR17_032	Actinomycetota	Bacteria
2175655	Curtobacterium sp. MCPF17_052	Actinomycetota	Bacteria
2175660	Curtobacterium sp. MCJR17_043	Actinomycetota	Bacteria
2175664	Curtobacterium sp. MCPF17_050	Actinomycetota	Bacteria
2175666	Curtobacterium sp. MCSS17_015	Actinomycetota	Bacteria
2175667	Curtobacterium sp. MCBD17_003	Actinomycetota	Bacteria
2175673	Curtobacterium sp. MCBD17_035	Actinomycetota	Bacteria
2175674	Curtobacterium sp. MCBD17_040	Actinomycetota	Bacteria
2175864	Streptomyces sp. NHF165	Actinomycetota	Bacteria
2183911	Salinisphaera sp. LB1	Pseudomonadota	Bacteria
2183934	Marinospirillum sp.	Pseudomonadota	Bacteria
2184519	Hydrogenophaga sp. NH-16	Pseudomonadota	Bacteria
2184521	Reichenbachiella sp.	Bacteroidota	Bacteria
2184575	Acetobacterium sp. KB-1	Bacillota	Bacteria
2184581	Arthrobacter sp. AQ5-05	Actinomycetota	Bacteria
2185111	Sphingobium sp. LF-16	Pseudomonadota	Bacteria
2185142	Altererythrobacter sp. ZODW24	Pseudomonadota	Bacteria
2201355	Pseudomonas sp. NFX1	Pseudomonadota	Bacteria
2201356	Pseudomonas sp. 31-12	Pseudomonadota	Bacteria
2201998	Pseudomonas sp. PLMAX	Pseudomonadota	Bacteria
2201999	Micromonospora sp. B006	Actinomycetota	Bacteria
2202000	Streptomyces sp. NEAU-S7GS2	Actinomycetota	Bacteria
2202249	Streptosporangium sp. 'caverna'	Actinomycetota	Bacteria
2202826	Methylobacterium sp. 17Sr1-1	Pseudomonadota	Bacteria
2203204	Streptomyces sp. WAC 01438	Actinomycetota	Bacteria
2203205	Streptomyces sp. WAC 01529	Actinomycetota	Bacteria
2203210	Streptomyces sp. WAC 06738	Actinomycetota	Bacteria
2203895	Psychrobacter sp. YP14	Pseudomonadota	Bacteria
2204208	Salmonella sp. FORC89	Pseudomonadota	Bacteria
2211108	Sulfuricystis multivorans	Pseudomonadota	Bacteria
2211160	Stenotrophomonas sp. pho	Pseudomonadota	Bacteria
2211212	Paenibacillus sp. DCT19	Bacillota	Bacteria
2212991	Clostridium sp. AWRP	Bacillota	Bacteria
2217825	Bacillus sp. AR4-2	Bacillota	Bacteria
2217830	Bacillus sp. SH8-8	Bacillota	Bacteria
2217832	Bacillus sp. JAS24-2	Bacillota	Bacteria
2217867	Pseudomonas sp. SGAir0191	Pseudomonadota	Bacteria
2217913	Burkholderia sp. JP2-270	Pseudomonadota	Bacteria
2219057	Pseudomonas sp. LG1E9	Pseudomonadota	Bacteria
2219696	Sphingomonas sp. FARSPH	Pseudomonadota	Bacteria
2220073	Bdellovibrio sp. NC01	Bdellovibrionota	Bacteria
2230867	Enterococcus sp. DIV0212c	Bacillota	Bacteria
2230877	Candidatus Enterococcus lowellii	Bacillota	Bacteria
2230878	Candidatus Enterococcus mangumiae	Bacillota	Bacteria
2230879	Enterococcus sp. DIV0849a	Bacillota	Bacteria
2231053	Bdellovibrio sp. ZAP7	Bdellovibrionota	Bacteria
2231055	Dechloromonas sp. HYN0024	Pseudomonadota	Bacteria
2231056	Bacillus sp. CR71	Bacillota	Bacteria
2231721	Muricoccus radiodurans	Pseudomonadota	Bacteria
2233998	Bacillus sp. COPE52	Bacillota	Bacteria
2234087	Thermodesulfobacterium sp. TA1	Thermodesulfobacteriota	Bacteria
2259647	Klebsiella sp. X13	Pseudomonadota	Bacteria
2259672	Candidatus Nitrosotenuis sp. DW1	Nitrososphaerota	Archaea
2259673	Nitrosarchaeum sp. AC2	Nitrososphaerota	Archaea
2259883	Acetobacter sp. JWB	Pseudomonadota	Bacteria
2267264	Alteromonas sp. RKMC-009	Pseudomonadota	Bacteria
2267265	Bacillus sp. DM2	Bacillota	Bacteria
2267618	Klebsiella sp. P1CD1	Pseudomonadota	Bacteria
2268025	Parasaccharibacter sp. TMW 2.1888	Pseudomonadota	Bacteria
2268026	Runella sp. SP2	Bacteroidota	Bacteria
2268087	Polaromonas sp. SP1	Pseudomonadota	Bacteria
2268449	Actinokineospora sp. UTMC 2448	Actinomycetota	Bacteria
2268451	Candidatus Pelagibacter sp. FZCC0015	Pseudomonadota	Bacteria
2268461	Microbacterium sp. ABRD28	Actinomycetota	Bacteria
2282148	Candidatus Micrarchaeum sp.	Microcaldota	Archaea
2282170	Kordia sp. SMS9	Bacteroidota	Bacteria
2282309	Leclercia sp. W17	Pseudomonadota	Bacteria
2282310	Leclercia sp. W6	Pseudomonadota	Bacteria
2282475	Achromobacter sp. B7	Pseudomonadota	Bacteria
2282849	Paenibacillus sp. H1-7	Bacillota	Bacteria
2283194	Sporosarcina sp. PTS2304	Bacillota	Bacteria
2283483	Sulfurimonas sp. CVO	Campylobacterota	Bacteria
2290922	Lysobacter sp. TY2-98	Pseudomonadota	Bacteria
2291939	Rhizobium sp. ZX09	Pseudomonadota	Bacteria
2292447	Chromobacterium sp. Rain0013	Pseudomonadota	Bacteria
2293317	Candidatus Syntrophocurvum alkaliphilum	Bacillota	Bacteria
2293567	Methylovirgula sp. 4M-Z18	Pseudomonadota	Bacteria
2293838	Thermaerobacter sp. PB12/4term	Bacillota	Bacteria
2293862	Ruegeria sp. AD91A	Pseudomonadota	Bacteria
2303331	Solimonas sp. K1W22B-7	Pseudomonadota	Bacteria
2303332	Cellvibrio sp. KY-GH-1	Pseudomonadota	Bacteria
2303505	Psychrobacillus sp. AK 1817	Bacillota	Bacteria
2303529	Thermoleptolyngbya oregonensis	Cyanobacteriota	Bacteria
2303750	Stenotrophomonas sp. G4	Pseudomonadota	Bacteria
2304594	Marinobacter sp. Arc7-DN-1	Pseudomonadota	Bacteria
2304600	Breoghania sp. L-A4	Pseudomonadota	Bacteria
2305220	Streptomyces sp. W1SF4	Actinomycetota	Bacteria
2305221	Streptomyces sp. KPB2	Actinomycetota	Bacteria
2305987	Lentilitoribacter sp. Alg239-R112	Pseudomonadota	Bacteria
2306165	Streptomyces sp. CC0208	Actinomycetota	Bacteria
2306583	Halomonas sp. JS92-SW72	Pseudomonadota	Bacteria
2316085	Pseudomonas bubulae	Pseudomonadota	Bacteria
2316359	Deinococcus sp. RM	Deinococcota	Bacteria
2320270	Pseudomonas sp. DG56-2	Pseudomonadota	Bacteria
2320850	Mycolicibacterium sp.	Actinomycetota	Bacteria
2321133	Halarcobacter sp.	Campylobacterota	Bacteria
2358187	Alteromonas sp. 76-1	Pseudomonadota	Bacteria
2364271	Rhizobium sp. CCGE531	Pseudomonadota	Bacteria
2364272	Rhizobium sp. CCGE532	Pseudomonadota	Bacteria
2382161	Halocella sp. SP3-1	Bacillota	Bacteria
2419518	Borrelia sp. CA_690	Spirochaetota	Bacteria
2419841	Virgibacillus sp. Bac330	Bacillota	Bacteria
2419842	Virgibacillus sp. Bac332	Bacillota	Bacteria
2419844	Xanthobacter sp. YC-JY1	Pseudomonadota	Bacteria
2420301	Acinetobacter sp. FDAARGOS_494	Pseudomonadota	Bacteria
2420305	Acinetobacter sp. FDAARGOS_560	Pseudomonadota	Bacteria
2420306	Serratia sp. FDAARGOS_506	Pseudomonadota	Bacteria
2420308	Streptococcus sp. FDAARGOS_520	Bacillota	Bacteria
2420309	Streptococcus sp. FDAARGOS_521	Bacillota	Bacteria
2420310	Streptococcus sp. FDAARGOS_522	Bacillota	Bacteria
2420313	Enterococcus sp. FDAARGOS_553	Bacillota	Bacteria
2447890	Serratia sp. 1D1416	Pseudomonadota	Bacteria
2448483	Serratia sp. 3ACOL1	Pseudomonadota	Bacteria
2448811	Bacillus sp. WR11	Bacillota	Bacteria
2478552	Flavobacterium sp. 140616W15	Bacteroidota	Bacteria
2478662	Acidovorax sp. 1608163	Pseudomonadota	Bacteria
2478663	Chryseobacterium sp. 3008163	Bacteroidota	Bacteria
2478954	Catenibacterium sp. co_0103	Bacillota	Bacteria
2479367	Buttiauxella sp. 3AFRM03	Pseudomonadota	Bacteria
2479392	Pseudomonas sp. LTJR-52	Pseudomonadota	Bacteria
2479393	Pseudomonas sp. LTGT-11-2Z	Pseudomonadota	Bacteria
2479767	Blautia sp. SC05B48	Bacillota	Bacteria
2480087	Rhodopila sp.	Pseudomonadota	Bacteria
2480625	Plantibacter sp. PA-3-X8	Actinomycetota	Bacteria
2482728	Pedobacter sp. G11	Bacteroidota	Bacteria
2482763	Sphingopyxis sp. YF1	Pseudomonadota	Bacteria
2482769	Serratia sp. P2ACOL2	Pseudomonadota	Bacteria
2483110	Clostridium sp. JN-1	Bacillota	Bacteria
2483401	Microbacterium sp. 10M-3C3	Actinomycetota	Bacteria
2483402	Mesorhizobium sp. NZP2234	Pseudomonadota	Bacteria
2483403	Mesorhizobium sp. NZP2298	Pseudomonadota	Bacteria
2483404	Mesorhizobium sp. NZP2077	Pseudomonadota	Bacteria
2483794	Brevibacterium sp. S22	Actinomycetota	Bacteria
2485126	Erwinia sp. JUb26	Pseudomonadota	Bacteria
2485839	Serratia sp. LS-1	Pseudomonadota	Bacteria
2486272	Nocardioides sp. WS12	Actinomycetota	Bacteria
2486273	Sphingopyxis sp. OPL5	Pseudomonadota	Bacteria
2486578	Rickettsiales endosymbiont of Stachyamoeba lipophora	Pseudomonadota	Bacteria
2486855	Arthrobacter sulfonylureivorans	Actinomycetota	Bacteria
2487063	Chryseobacterium sp. G0162	Bacteroidota	Bacteria
2487064	Chryseobacterium sp. G0186	Bacteroidota	Bacteria
2487065	Chryseobacterium sp. G0201	Bacteroidota	Bacteria
2487150	Phytobacter sp. MRY16-398	Pseudomonadota	Bacteria
2487359	Cyanobium sp. ULC084	Cyanobacteriota	Bacteria
2487887	Pseudomonas sp. KU43P	Pseudomonadota	Bacteria
2487928	Paenibacillus sp. M-152	Bacillota	Bacteria
2487929	Coxiella endosymbiont of Amblyomma sculptum	Pseudomonadota	Bacteria
2488560	Pigmentiphaga sp. H8	Pseudomonadota	Bacteria
2488567	Klebsiella sp. FDAARGOS_511	Pseudomonadota	Bacteria
2488665	Marinobacter sp. NP-4(2019)	Pseudomonadota	Bacteria
2489212	Microbacterium sp. RG1	Actinomycetota	Bacteria
2490635	Pseudoalteromonas sp. Xi13	Pseudomonadota	Bacteria
2490851	Pantoea sp. CCBC3-3-1	Pseudomonadota	Bacteria
2490853	Rhodococcus sp. NJ-530	Actinomycetota	Bacteria
2490939	Anabaena sp. YBS01	Cyanobacteriota	Bacteria
2492396	Kosakonia sp. CCTCC M2018092	Pseudomonadota	Bacteria
2493093	Bradyrhizobium sp. LCT2	Pseudomonadota	Bacteria
2493107	Thiomonas sp. OC7	Pseudomonadota	Bacteria
2493108	Thiomonas sp. Bio17B3	Pseudomonadota	Bacteria
2493109	Thiomonas sp. Sup16B3	Pseudomonadota	Bacteria
2493630	Minwuia sp.	Pseudomonadota	Bacteria
2493668	Mesorhizobium sp. M9A.F.Ca.ET.002.03.1.2	Pseudomonadota	Bacteria
2493669	Mesorhizobium sp. M1D.F.Ca.ET.043.01.1.1	Pseudomonadota	Bacteria
2493670	Mesorhizobium sp. M2A.F.Ca.ET.043.02.1.1	Pseudomonadota	Bacteria
2493671	Mesorhizobium sp. M2A.F.Ca.ET.043.05.1.1	Pseudomonadota	Bacteria
2493672	Mesorhizobium sp. M1E.F.Ca.ET.045.02.1.1	Pseudomonadota	Bacteria
2493673	Mesorhizobium sp. M1B.F.Ca.ET.045.04.1.1	Pseudomonadota	Bacteria
2493674	Mesorhizobium sp. M2A.F.Ca.ET.046.03.2.1	Pseudomonadota	Bacteria
2493675	Mesorhizobium sp. M4B.F.Ca.ET.058.02.1.1	Pseudomonadota	Bacteria
2493676	Mesorhizobium sp. M3A.F.Ca.ET.080.04.2.1	Pseudomonadota	Bacteria
2493677	Mesorhizobium sp. M6A.T.Cr.TU.016.01.1.1	Pseudomonadota	Bacteria
2493678	Mesorhizobium sp. M7D.F.Ca.US.005.01.1.1	Pseudomonadota	Bacteria
2493679	Mesorhizobium sp. M8A.F.Ca.ET.057.01.1.1	Pseudomonadota	Bacteria
2493680	Mesorhizobium sp. M1A.F.Ca.IN.022.06.1.1	Pseudomonadota	Bacteria
2493681	Mesorhizobium sp. M7A.F.Ce.TU.012.03.2.1	Pseudomonadota	Bacteria
2495429	Curtobacterium sp. Csp1	Actinomycetota	Bacteria
2495430	Curtobacterium sp. Csp2	Actinomycetota	Bacteria
2495594	Geobacter sp. SVR	Thermodesulfobacteriota	Bacteria
2495645	Actinobaculum sp. 313	Actinomycetota	Bacteria
2496847	Sulfuricystis thermophila	Pseudomonadota	Bacteria
2496865	Maribacter sp. MJ134	Bacteroidota	Bacteria
2497162	Pseudomonas sp. JDS08PS003	Pseudomonadota	Bacteria
2497325	Halorubrum sp. BOL3-1	Methanobacteriota	Archaea
2497860	Cellulosilyticum sp. WCF-2	Bacillota	Bacteria
2497863	Janthinobacterium sp. 17J80-10	Pseudomonadota	Bacteria
2497879	Colwellia sp. Arc7-635	Pseudomonadota	Bacteria
2498704	Agromyces sp. LHK192	Actinomycetota	Bacteria
2498848	Pseudomonas sp. MPC6	Pseudomonadota	Bacteria
2499144	Devosia sp. 1566	Pseudomonadota	Bacteria
2499145	Rhodococcus sp. X156	Actinomycetota	Bacteria
2499213	Bacillus sp. BD59S	Bacillota	Bacteria
2500132	Enterobacter sp. N18-03635	Pseudomonadota	Bacteria
2500532	Paracoccus sp. Arc7-R13	Pseudomonadota	Bacteria
2500542	Salmonella sp. SSDFZ54	Pseudomonadota	Bacteria
2500543	Salmonella sp. SSDFZ69	Pseudomonadota	Bacteria
2501295	Dyella sp. M7H15-1	Pseudomonadota	Bacteria
2502843	Erythrobacter sp. HKB08	Pseudomonadota	Bacteria
2507159	Clostridium sp. JN-9	Bacillota	Bacteria
2507162	Caproiciproducens sp. NJN-50	Bacillota	Bacteria
2507582	Rhodococcus sp. ABRD24	Actinomycetota	Bacteria
2508168	Luteimonas sp. YGD11-2	Pseudomonadota	Bacteria
2508306	Leisingera sp. NJS201	Pseudomonadota	Bacteria
2508307	Leisingera sp. NJS204	Pseudomonadota	Bacteria
2508687	Candidatus Thioglobus sp. NP1	Pseudomonadota	Bacteria
2508726	Candidatus Nitrosopumilus sp. SW	Nitrososphaerota	Archaea
2508880	Salinibacterium sp. UTAS2018	Actinomycetota	Bacteria
2509662	Escherichia sp. HH091_1A	Pseudomonadota	Bacteria
2509664	Escherichia sp. HH154_1D	Pseudomonadota	Bacteria
2509666	Escherichia sp. KS167_9B	Pseudomonadota	Bacteria
2511069	Synechococcus sp. RSCCF101	Cyanobacteriota	Bacteria
2512235	Pseudomonas sp. REST10	Pseudomonadota	Bacteria
2512240	Sulfolobus sp. S-194	Thermoproteota	Archaea
2517362	Campylobacter sp. CCUG 57310	Campylobacterota	Bacteria
2517899	Psychrobacter sp. KH172YL61	Pseudomonadota	Bacteria
2518176	Lentibacillus sp. CBA3610	Bacillota	Bacteria
2518322	Candidatus Borrelia fainii	Spirochaetota	Bacteria
2518343	Acidovorax sp. JMULE5	Pseudomonadota	Bacteria
2518599	Pandoraea sp. XY-2	Pseudomonadota	Bacteria
2520506	Spirosoma sp. KCTC 42546	Bacteroidota	Bacteria
2527867	Halorubrum sp. DM2	Methanobacteriota	Archaea
2528010	Lignipirellula cremea	Planctomycetota	Bacteria
2528203	Bacteroides sp. A1C1	Bacteroidota	Bacteria
2529032	Oceanihabitans sp. IOP_32	Bacteroidota	Bacteria
2529121	Citrobacter sp. ABFQG	Pseudomonadota	Bacteria
2529386	Bacillus sp. SYJ	Bacillota	Bacteria
2530392	Duncaniella sp. C9	Bacteroidota	Bacteria
2545632	Rheinheimera sp. D18	Pseudomonadota	Bacteria
2545797	Acinetobacter sp. FDAARGOS_724	Pseudomonadota	Bacteria
2545798	Cedecea sp. FDAARGOS_727	Pseudomonadota	Bacteria
2545799	Capnocytophaga sp. FDAARGOS_737	Bacteroidota	Bacteria
2545800	Pseudomonas sp. FDAARGOS_761	Pseudomonadota	Bacteria
2546351	Thermaerobacter sp. FW80	Bacillota	Bacteria
2547451	Leptolyngbya sp. NK1-12	Cyanobacteriota	Bacteria
2547601	Porphyrobacter sp. YT40	Pseudomonadota	Bacteria
2547962	Erwinia sp. QL-Z3	Pseudomonadota	Bacteria
2552945	Thalassotalea sp. HSM 43	Pseudomonadota	Bacteria
2552947	Candidatus Magnetomonas plexicatena	Nitrospirota	Bacteria
2557993	Halomonas sp. XH26	Pseudomonadota	Bacteria
2557994	Sphingobacterium sp. CZ-2	Bacteroidota	Bacteria
2558174	Candidatus Hydrogenosomobacter endosymbioticus	Pseudomonadota	Bacteria
2559074	Pseudomonas sp. S150	Pseudomonadota	Bacteria
2559597	Candidatus Nitrotoga sp. AM1P	Pseudomonadota	Bacteria
2560028	Aeromonas sp. 1805	Pseudomonadota	Bacteria
2560029	Aeromonas sp. 2692-1	Pseudomonadota	Bacteria
2560057	Terasakiella sp. SH-1	Pseudomonadota	Bacteria
2560058	Brevundimonas sp. Bb-A	Pseudomonadota	Bacteria
2561898	Candidatus Campylobacter infans	Campylobacterota	Bacteria
2561924	Brevundimonas sp. MF30-B	Pseudomonadota	Bacteria
2562284	Pseudolabrys sp. FHR47	Pseudomonadota	Bacteria
2562582	Brevundimonas sp. 'scallop'	Pseudomonadota	Bacteria
2563602	Streptomyces sp. SS52	Actinomycetota	Bacteria
2563662	Treponema sp. OMZ 906	Spirochaetota	Bacteria
2563664	Treponema sp. OMZ 788	Spirochaetota	Bacteria
2563665	Treponema sp. OMZ 790	Spirochaetota	Bacteria
2563666	Treponema sp. OMZ 791	Spirochaetota	Bacteria
2563667	Treponema sp. OMZ 792	Spirochaetota	Bacteria
2563668	Treponema sp. OMZ 799	Spirochaetota	Bacteria
2563669	Treponema sp. OMZ 787	Spirochaetota	Bacteria
2563670	Treponema sp. OMZ 789	Spirochaetota	Bacteria
2563671	Treponema sp. OMZ 798	Spirochaetota	Bacteria
2563896	Candidatus Pelagibacter giovannonii	Pseudomonadota	Bacteria
2563897	Acinetobacter sp. 10FS3-1	Pseudomonadota	Bacteria
2565366	Arthrobacter sp. PAMC25564	Actinomycetota	Bacteria
2565554	Sphingobium sp. PAMC28499	Pseudomonadota	Bacteria
2565555	Sphingomonas sp. PAMC26645	Pseudomonadota	Bacteria
2565556	Sphingopyxis sp. PAMC25046	Pseudomonadota	Bacteria
2565557	Psychrobacter sp. PAMC27889	Pseudomonadota	Bacteria
2565558	Hydrogenophaga sp. PAMC20947	Pseudomonadota	Bacteria
2565559	Stenotrophomonas sp. PAMC25021	Pseudomonadota	Bacteria
2565560	Rhodococcus sp. PAMC28707	Actinomycetota	Bacteria
2565561	Rhodococcus sp. PAMC28705	Actinomycetota	Bacteria
2565781	Candidatus Nanohalobium constans	Candidatus Nanohalarchaeota	Archaea
2565914	Enterobacter sp. 18A13	Pseudomonadota	Bacteria
2566012	Citrobacter sp. CF971	Pseudomonadota	Bacteria
2567881	Citricoccus sp. SGAir0253	Actinomycetota	Bacteria
2567882	Pantoea sp. SGAir0430	Pseudomonadota	Bacteria
2567884	Rhodococcus sp. SGAir0479	Actinomycetota	Bacteria
2567934	Microbacterium sp. 4R-513	Actinomycetota	Bacteria
2567937	Pedobacter sp. BS3	Bacteroidota	Bacteria
2569862	Methyloversatilis sp.	Pseudomonadota	Bacteria
2570191	Thauera sp. 2A1	Pseudomonadota	Bacteria
2570468	Spiroplasma sp. SV19	Mycoplasmatota	Bacteria
2570561	Psychroserpens sp. NJDZ02	Bacteroidota	Bacteria
2570586	Candidatus Bandiella numerosa	Pseudomonadota	Bacteria
2571029	Brachybacterium sp. SGAir0954	Actinomycetota	Bacteria
2571030	Pontibacter sp. SGAir0037	Bacteroidota	Bacteria
2571115	Pseudoxanthomonas sp. X-1	Pseudomonadota	Bacteria
2571156	Leuconostoc sp. LN180020	Bacillota	Bacteria
2571749	Novosphingobium sp. EMRT-2	Pseudomonadota	Bacteria
2572050	Campylobacter sp. CFSAN093246	Campylobacterota	Bacteria
2572059	Campylobacter sp. CFSAN093241	Campylobacterota	Bacteria
2572065	Campylobacter sp. CFSAN093226	Campylobacterota	Bacteria
2572069	Campylobacter sp. CFSAN093227	Campylobacterota	Bacteria
2572074	Campylobacter sp. CFSAN093224	Campylobacterota	Bacteria
2572082	Campylobacter sp. CFSAN093256	Campylobacterota	Bacteria
2572083	Campylobacter sp. CFSAN093259	Campylobacterota	Bacteria
2572084	Campylobacter sp. CFSAN093238	Campylobacterota	Bacteria
2572085	Campylobacter sp. CFSAN093260	Campylobacterota	Bacteria
2572088	Candidatus Nanosynbacter featherlites	Minisyncoccota	Bacteria
2572090	Nostoc sp. TCL240-02	Cyanobacteriota	Bacteria
2572921	Haloprofundus sp. MHR1	Methanobacteriota	Archaea
2575361	Shewanella sp. MEBiC00475	Pseudomonadota	Bacteria
2575374	Arthrobacter sp. 24S4-2	Actinomycetota	Bacteria
2575375	Pantoea sp. SO10	Pseudomonadota	Bacteria
2575699	Elizabethkingia sp. 2-6	Bacteroidota	Bacteria
2575872	Bauldia sp.	Pseudomonadota	Bacteria
2575923	Brevibacterium sp. CS2	Actinomycetota	Bacteria
2576307	Caloramator sp. E03	Bacillota	Bacteria
2576356	Bacillus sp. FDAARGOS_527	Bacillota	Bacteria
2576376	Streptococcus sp. 1643	Bacillota	Bacteria
2576406	Citrobacter sp. TBCP-5362	Pseudomonadota	Bacteria
2576606	Duncaniella sp. B8	Bacteroidota	Bacteria
2576759	Pantoea sp. Mhis	Pseudomonadota	Bacteria
2576760	Pantoea sp. Nvir	Pseudomonadota	Bacteria
2576762	Pantoea sp. Aalb	Pseudomonadota	Bacteria
2576763	Pantoea sp. SoEX	Pseudomonadota	Bacteria
2576839	Pseudarthrobacter sp. NamE5	Actinomycetota	Bacteria
2576841	Halomonas sp. PA16-9	Pseudomonadota	Bacteria
2576902	Nostoc sp. C052	Cyanobacteriota	Bacteria
2576903	Nostoc sp. C057	Cyanobacteriota	Bacteria
2576904	Nostoc sp. TCL26-01	Cyanobacteriota	Bacteria
2576917	Polynucleobacter sp. AP-Nino-20-G2	Pseudomonadota	Bacteria
2576919	Polynucleobacter sp. JS-JIR-II-50	Pseudomonadota	Bacteria
2576922	Polynucleobacter sp. JS-Mosq-20-D10	Pseudomonadota	Bacteria
2576923	Polynucleobacter sp. AP-Titi-500A-B4	Pseudomonadota	Bacteria
2576926	Polynucleobacter sp. AP-Ainpum-60-G11	Pseudomonadota	Bacteria
2576928	Polynucleobacter sp. AP-Jannik-300A-C4	Pseudomonadota	Bacteria
2576930	Polynucleobacter sp. AP-Elch-400A-B2	Pseudomonadota	Bacteria
2576932	Polynucleobacter sp. MG-6-Vaara-E2	Pseudomonadota	Bacteria
2578106	Pedobacter sp. KBS0701	Bacteroidota	Bacteria
2578107	Arthrobacter sp. KBS0702	Actinomycetota	Bacteria
2578110	Pseudomonas sp. KBS0707	Pseudomonadota	Bacteria
2578113	Bradyrhizobium sp. KBS0725	Pseudomonadota	Bacteria
2578114	Bradyrhizobium sp. KBS0727	Pseudomonadota	Bacteria
2578115	Pseudomonas sp. KBS0802	Pseudomonadota	Bacteria
2578139	Pseudomonas sp. ef1	Pseudomonadota	Bacteria
2579248	Agrobacterium sp. CGMCC 11546	Pseudomonadota	Bacteria
2579250	Nautilia sp. PV-1	Campylobacterota	Bacteria
2579791	Picosynechococcus sp. PCC 11901	Cyanobacteriota	Bacteria
2579977	Brevundimonas sp. SGAir0440	Pseudomonadota	Bacteria
2580515	Agrobacterium sp. T29	Pseudomonadota	Bacteria
2582827	Bacillus sp. KBS0812	Bacillota	Bacteria
2582830	Enterococcus sp. M190262	Bacillota	Bacteria
2582831	Streptomyces sp. SUK 48	Actinomycetota	Bacteria
2583243	Micromonospora sp. HM134	Actinomycetota	Bacteria
2583374	Salinibacterium sp. M195	Actinomycetota	Bacteria
2583530	Thermosynechococcus sp. CL-1	Cyanobacteriota	Bacteria
2583584	Streptococcus sp. NCTC 11567	Bacillota	Bacteria
2583589	Mycobacterium tuberculosis complex sp. N0052	Actinomycetota	Bacteria
2583590	Mycobacterium tuberculosis complex sp. N0072	Actinomycetota	Bacteria
2583591	Mycobacterium tuberculosis complex sp. N0153	Actinomycetota	Bacteria
2583592	Mycobacterium tuberculosis complex sp. N0155	Actinomycetota	Bacteria
2583593	Mycobacterium tuberculosis complex sp. N0157	Actinomycetota	Bacteria
2583631	Mycobacterium tuberculosis complex sp. N0145	Actinomycetota	Bacteria
2583805	Colwellia sp. M166	Pseudomonadota	Bacteria
2583822	Plantibacter sp. M259	Actinomycetota	Bacteria
2583851	Elizabethkingia sp. JS20170427COW	Bacteroidota	Bacteria
2583989	Staphylococcus sp. 17KM0847	Bacillota	Bacteria
2584094	Sphingorhabdus sp. SMR4y	Pseudomonadota	Bacteria
2584466	Mesorhizobium sp. 8	Pseudomonadota	Bacteria
2584940	Hymenobacter sp. DG01	Bacteroidota	Bacteria
2585716	Streptomyces sp. C8S0	Actinomycetota	Bacteria
2587163	Oceanicola sp. D3	Pseudomonadota	Bacteria
2587597	Pseudomonas sp. SWI7	Pseudomonadota	Bacteria
2587842	Palleronia sp. THAF1	Pseudomonadota	Bacteria
2587843	Pseudoalteromonas sp. THAF3	Pseudomonadota	Bacteria
2587844	Halomonas sp. THAF5a	Pseudomonadota	Bacteria
2587846	Roseovarius sp. THAF8	Pseudomonadota	Bacteria
2587847	Roseovarius sp. THAF9	Pseudomonadota	Bacteria
2587848	Bacillus sp. THAF10	Bacillota	Bacteria
2587849	Halomonas sp. THAF12	Pseudomonadota	Bacteria
2587850	Roseovarius sp. THAF27	Pseudomonadota	Bacteria
2587851	Erythrobacter sp. THAF29	Pseudomonadota	Bacteria
2587852	Roseivivax sp. THAF30	Pseudomonadota	Bacteria
2587853	Ruegeria sp. THAF33	Pseudomonadota	Bacteria
2587854	Labrenzia sp. THAF35	Pseudomonadota	Bacteria
2587855	Sulfitobacter sp. THAF37	Pseudomonadota	Bacteria
2587856	Microbulbifer sp. THAF38	Pseudomonadota	Bacteria
2587857	Marinobacter sp. THAF39	Pseudomonadota	Bacteria
2587858	Roseivivax sp. THAF40	Pseudomonadota	Bacteria
2587859	Pseudomonas sp. THAF42	Pseudomonadota	Bacteria
2587860	Vibrio sp. THAF64	Pseudomonadota	Bacteria
2587861	Labrenzia sp. THAF82	Pseudomonadota	Bacteria
2587863	Pseudomonas sp. THAF187a	Pseudomonadota	Bacteria
2587864	Labrenzia sp. THAF187b	Pseudomonadota	Bacteria
2587865	Vibrio sp. THAF190c	Pseudomonadota	Bacteria
2587866	Labrenzia sp. THAF191a	Pseudomonadota	Bacteria
2587867	Labrenzia sp. THAF191b	Pseudomonadota	Bacteria
2587869	Marinobacter sp. THAF197a	Pseudomonadota	Bacteria
2588299	Roseivivax sp. THAF197b	Pseudomonadota	Bacteria
2588534	Methylophilus medardicus	Pseudomonadota	Bacteria
2588535	Candidatus Methylopumilus rimovensis	Pseudomonadota	Bacteria
2588536	Candidatus Methylopumilus universalis	Pseudomonadota	Bacteria
2588937	Curtobacterium sp. csp3	Actinomycetota	Bacteria
2589076	Paracoccus sp. AK26	Pseudomonadota	Bacteria
2589790	Shewanella sp. LC6	Pseudomonadota	Bacteria
2589818	Bacillus sp. Cs-700	Bacillota	Bacteria
2589888	Mesorhizobium sp. B4-1-4	Pseudomonadota	Bacteria
2589903	Mesorhizobium sp. B2-8-5	Pseudomonadota	Bacteria
2589967	Mesorhizobium sp. B2-1-8	Pseudomonadota	Bacteria
2589974	Mesorhizobium sp. B2-1-1	Pseudomonadota	Bacteria
2589976	Mesorhizobium sp. B1-1-8	Pseudomonadota	Bacteria
2589986	Francisella sp. Scap27	Pseudomonadota	Bacteria
2589987	Shewanella sp. Scap07	Pseudomonadota	Bacteria
2589990	Vibrio sp. Scap24	Pseudomonadota	Bacteria
2589991	Pseudoalteromonas sp. Scap06	Pseudomonadota	Bacteria
2589992	Pseudoalteromonas sp. Scap25	Pseudomonadota	Bacteria
2590015	Shewanella sp. SNU WT4	Pseudomonadota	Bacteria
2590016	Labrenzia sp. PHM005	Pseudomonadota	Bacteria
2590772	Bradyrhizobium sp. I71	Pseudomonadota	Bacteria
2590774	Pseudarthrobacter sp. NIBRBAC000502771	Actinomycetota	Bacteria
2590775	Pseudarthrobacter sp. NIBRBAC000502772	Actinomycetota	Bacteria
2590776	Pseudomonas sp. NIBRBAC000502773	Pseudomonadota	Bacteria
2590785	Pseudarthrobacter sp. NIBRBAC000502770	Actinomycetota	Bacteria
2591003	Ferroplasma sp.	Thermoplasmatota	Archaea
2591108	Actinomadura sp. WMMA1423	Actinomycetota	Bacteria
2591145	Cellulomonas sp. Y8	Actinomycetota	Bacteria
2591463	Brevundimonas sp. M20	Pseudomonadota	Bacteria
2591606	Microbulbifer sp. GL-2	Pseudomonadota	Bacteria
2591635	Wolbachia endosymbiont of Carposina sasakii	Pseudomonadota	Bacteria
2592334	Nocardioides sp. JQ2195	Actinomycetota	Bacteria
2592345	Olivibacter sp. LS-1	Bacteroidota	Bacteria
2592625	Brucella sp. 2280	Pseudomonadota	Bacteria
2592814	Tardiphaga sp. vice154	Pseudomonadota	Bacteria
2592815	Tardiphaga sp. vice278	Pseudomonadota	Bacteria
2592816	Tardiphaga sp. vice352	Pseudomonadota	Bacteria
2592817	Tardiphaga sp. vice304	Pseudomonadota	Bacteria
2593672	Arcobacter sp. FWKO B	Campylobacterota	Bacteria
2594005	Thalassotalea sp. PS06	Pseudomonadota	Bacteria
2594007	Rhodococcus sp. WB9	Actinomycetota	Bacteria
2594269	Chryseobacterium sp. SNU WT5	Bacteroidota	Bacteria
2594453	Streptomyces sp. RLB1-8	Actinomycetota	Bacteria
2594454	Streptomyces sp. RLB1-9	Actinomycetota	Bacteria
2594455	Streptomyces sp. RLB3-17	Actinomycetota	Bacteria
2594456	Streptomyces sp. RLB3-5	Actinomycetota	Bacteria
2594457	Streptomyces sp. RLB3-6	Actinomycetota	Bacteria
2594458	Streptomyces sp. S1A1-3	Actinomycetota	Bacteria
2594459	Streptomyces sp. S1A1-7	Actinomycetota	Bacteria
2594460	Streptomyces sp. S1A1-8	Actinomycetota	Bacteria
2594461	Streptomyces sp. S1D4-14	Actinomycetota	Bacteria
2594462	Streptomyces sp. S1D4-20	Actinomycetota	Bacteria
2594463	Streptomyces sp. S1D4-23	Actinomycetota	Bacteria
2594474	Dehalobacter sp. CP	Bacillota	Bacteria
2594494	Lactobacillus sp. PV012	Bacillota	Bacteria
2594495	Lactobacillus sp. PV034	Bacillota	Bacteria
2594496	Lactobacillus sp. PV037	Bacillota	Bacteria
2596827	Lactobacillus sp. LL6	Bacillota	Bacteria
2596890	Candidatus Uabimicrobium amorphum	Planctomycetota	Bacteria
2596898	Tolypothrix sp. PCC 7712	Cyanobacteriota	Bacteria
2596911	Pseudarthrobacter sp. NBSH8	Actinomycetota	Bacteria
2596912	Glaciihabitans sp. INWT7	Actinomycetota	Bacteria
2596913	Sphingomonas sp. NBWT7	Pseudomonadota	Bacteria
2596915	Hymenobacter sp. NBH84	Bacteroidota	Bacteria
2596916	Frigoribacterium sp. NBH87	Actinomycetota	Bacteria
2597358	Sporosarcina sp. ANT_H38	Bacillota	Bacteria
2597515	Bradyrhizobium sp. SEMIA	Pseudomonadota	Bacteria
2597518	Venatorbacter sp. C2-1	Pseudomonadota	Bacteria
2597769	Geobacter sp. FeAm09	Thermodesulfobacteriota	Bacteria
2597770	Pseudomonas sp. BJP69	Pseudomonadota	Bacteria
2597771	Fischerella sp. JS2	Cyanobacteriota	Bacteria
2598453	Streptococcus sp. 116-D4	Bacillota	Bacteria
2598457	Streptococcus sp. KS 6	Bacillota	Bacteria
2599307	Stenotrophomonas sp. SBJS02	Pseudomonadota	Bacteria
2599399	Salarchaeum sp. JOR-1	Methanobacteriota	Archaea
2599640	Allobosea sp. F3-2	Pseudomonadota	Bacteria
2599641	Corynebacterium sp. sy039	Actinomycetota	Bacteria
2599819	Bradyrhizobium sp. TM102	Pseudomonadota	Bacteria
2600159	Arthrobacter sp. UKPF54-2	Actinomycetota	Bacteria
2600320	Nesterenkonia sp. NBAIMH1	Actinomycetota	Bacteria
2600596	Sideroxydans sp. CL21	Pseudomonadota	Bacteria
2601122	Acinetobacter sp. YH12138	Pseudomonadota	Bacteria
2601269	Shewanella sp. YLB-09	Pseudomonadota	Bacteria
2601575	Candidatus Cytomitobacter indipagum	Pseudomonadota	Bacteria
2601646	Candidatus Sneabacter namystus	Pseudomonadota	Bacteria
2601668	Candidatus Nesciobacter abundans	Pseudomonadota	Bacteria
2601729	Enterobacter sp. SM3	Pseudomonadota	Bacteria
2601898	Noviherbaspirillum sp. UKPF54	Pseudomonadota	Bacteria
2602067	Octadecabacter sp. SW4	Pseudomonadota	Bacteria
2602070	Granulicella sp. WH15	Acidobacteriota	Bacteria
2603209	Wolbachia endosymbiont of Zaprionus tsacasi	Pseudomonadota	Bacteria
2603276	Methylobacterium sp. WL1	Pseudomonadota	Bacteria
2603277	Rhizobium sp. WL3	Pseudomonadota	Bacteria
2603292	Salinibacterium sp. dk2585	Actinomycetota	Bacteria
2603296	Enterococcus sp. DA9	Bacillota	Bacteria
2603598	Microbacterium sp. CBA3102	Actinomycetota	Bacteria
2603817	Alteromonas sp. 4B03	Pseudomonadota	Bacteria
2603820	Methanothermobacter sp. KEPCO-1	Methanobacteriota	Archaea
2604421	Chitinophaga sp. XS-30	Bacteroidota	Bacteria
2604537	Altererythrobacter sp. BO-6	Pseudomonadota	Bacteria
2604941	Pseudomonas sp. C27(2019)	Pseudomonadota	Bacteria
2605424	Pseudomonas sp. J380	Pseudomonadota	Bacteria
2605730	Streptomyces sp. BSE6.1	Actinomycetota	Bacteria
2605943	Hwanghaeella sp.	Pseudomonadota	Bacteria
2606450	Alicyclobacillus sp. TC	Bacillota	Bacteria
2606451	Microbacterium sp. 1S1	Actinomycetota	Bacteria
2606911	Methanothermobacter sp. THM-1	Methanobacteriota	Archaea
2606912	Methanothermobacter sp. THM-2	Methanobacteriota	Archaea
2607662	Methanofervidicoccus sp. A16	Methanobacteriota	Archaea
2607753	Streptomyces sp. INR7	Actinomycetota	Bacteria
2607911	Paenibacillus sp. 37	Bacillota	Bacteria
2608089	Ekhidna sp.	Bacteroidota	Bacteria
2608253	Nonlabens sp. Ci31	Bacteroidota	Bacteria
2608254	Bacillus sp. BS98	Bacillota	Bacteria
2609251	Rathayibacter sp. VKM Ac-2754	Actinomycetota	Bacteria
2609252	Rathayibacter sp. VKM Ac-2759	Actinomycetota	Bacteria
2609253	Rathayibacter sp. VKM Ac-2760	Actinomycetota	Bacteria
2609254	Rathayibacter sp. VKM Ac-2762	Actinomycetota	Bacteria
2609255	Rathayibacter sp. VKM Ac-2801	Actinomycetota	Bacteria
2609256	Rathayibacter sp. VKM Ac-2803	Actinomycetota	Bacteria
2609257	Rathayibacter sp. VKM Ac-2804	Actinomycetota	Bacteria
2609258	Rathayibacter sp. VKM Ac-2805	Actinomycetota	Bacteria
2609415	Cobetia sp. cqz5-12	Pseudomonadota	Bacteria
2609418	Pseudomonas sp. KUIN-1	Pseudomonadota	Bacteria
2609813	Candidatus Phytoplasma sacchari	Mycoplasmatota	Bacteria
2610895	Flintibacter sp. KGMB00164	Bacillota	Bacteria
2610896	Streptococcus sp. LPB0220	Bacillota	Bacteria
2610902	Halomicrobium sp. LC1Hm	Methanobacteriota	Archaea
2613334	Brevibacillus sedimenti	Bacillota	Bacteria
2613770	Rhizobium sp. BG4	Pseudomonadota	Bacteria
2613771	Rhizobium sp. BG6	Pseudomonadota	Bacteria
2613773	Sinorhizobium sp. BG8	Pseudomonadota	Bacteria
2614160	Halospina sp. K52047b	Pseudomonadota	Bacteria
2614441	Flavobacterium sp. LPB0248	Bacteroidota	Bacteria
2614442	Pseudomonas sp. LPB0260	Pseudomonadota	Bacteria
2614801	Acidithiobacillus sp. 'AMD consortium'	Pseudomonadota	Bacteria
2650926	Aestuariivirga sp.	Pseudomonadota	Bacteria
2651167	Ignavibacterium sp.	Ignavibacteriota	Bacteria
2651199	Arthrobacter sp. CDRTa11	Actinomycetota	Bacteria
2651284	Pradoshia sp. D12	Bacillota	Bacteria
2651972	Mycoavidus sp. B2-EB	Pseudomonadota	Bacteria
2651974	Hydrogenophaga sp. BPS33	Pseudomonadota	Bacteria
2652442	Amycolatopsis sp. VS8301801F10	Actinomycetota	Bacteria
2652443	Deinococcus sp. AJ005	Deinococcota	Bacteria
2652444	Amycolatopsis sp. GA6-003	Actinomycetota	Bacteria
2652721	Agarivorans sp. B2Z047	Pseudomonadota	Bacteria
2652803	Candidatus Azoamicus ciliaticola	Pseudomonadota	Bacteria
2653189	Chroococcidiopsis sp. CCNUC1	Cyanobacteriota	Bacteria
2653203	Sphingomonas sp. CL5.1	Pseudomonadota	Bacteria
2653681	Lacinutrix sp. WUR7	Bacteroidota	Bacteria
2653850	Erythrobacter sp. 3-20A1M	Pseudomonadota	Bacteria
2653853	Pseudomonas sp. SCB32	Pseudomonadota	Bacteria
2653857	Amycolatopsis sp. YIM 10	Actinomycetota	Bacteria
2653858	Desulfopila sp. IMCC35008	Thermodesulfobacteriota	Bacteria
2654189	Pantoea sp. JZ2	Pseudomonadota	Bacteria
2654190	Arthrobacter sp. JZ12	Actinomycetota	Bacteria
2654191	Cellulomonas sp. JZ18	Actinomycetota	Bacteria
2654192	Pantoea sp. JZ29	Pseudomonadota	Bacteria
2654193	Microbacterium sp. JZ37	Actinomycetota	Bacteria
2654218	Dechloromonas sp. TW-R-39-2	Pseudomonadota	Bacteria
2654238	Pseudomonas sp. DTU12.1	Pseudomonadota	Bacteria
2654248	Mesorhizobium sp. INR15	Pseudomonadota	Bacteria
2654249	Mesorhizobium sp. NBSH29	Pseudomonadota	Bacteria
2654280	Paracoccus sp. SMMA_5_TC	Pseudomonadota	Bacteria
2654281	Paracoccus sp. SMMA_5	Pseudomonadota	Bacteria
2654282	Methylocystis sp. MJC1	Pseudomonadota	Bacteria
2654325	Flavobacterium sp. xlx-214	Bacteroidota	Bacteria
2654547	Pseudactinotalea sp. HY158	Actinomycetota	Bacteria
2654676	Flagellimonas sp. CMM7	Bacteroidota	Bacteria
2654980	Vibrio sp. B1Z05	Pseudomonadota	Bacteria
2656760	Apibacter sp. B3706	Bacteroidota	Bacteria
2656761	Apibacter sp. B2966	Bacteroidota	Bacteria
2660554	Paenibacillus sp. B01	Bacillota	Bacteria
2660638	Citrobacter sp. S39	Pseudomonadota	Bacteria
2660703	Candidatus Azobacteroides sp.	Bacteroidota	Bacteria
2660750	Bacillus sp. A260	Bacillota	Bacteria
2661553	Cobetia sp. AM6	Pseudomonadota	Bacteria
2661583	Candidatus Profftella armatura (Diaphorina cf. continua)	Pseudomonadota	Bacteria
2661921	Vibrio sp. THAF191c	Pseudomonadota	Bacteria
2661922	Vibrio sp. THAF191d	Pseudomonadota	Bacteria
2662033	Pseudomonas sp. NY5710	Pseudomonadota	Bacteria
2662034	Pseudomonas sp. 13159349	Pseudomonadota	Bacteria
2662065	Streptomyces sp. SYP-A7193	Actinomycetota	Bacteria
2662361	Nocardioides sp. dk884	Actinomycetota	Bacteria
2662363	Alistipes sp. dk3624	Bacteroidota	Bacteria
2662448	Legionella sp. MW5194	Pseudomonadota	Bacteria
2663019	Saccharolobus sp. E5-1-F	Thermoproteota	Archaea
2663020	Sulfolobus sp. E11-6	Thermoproteota	Archaea
2663121	Rhodococcus sp. WAY2	Actinomycetota	Bacteria
2663241	Serratia sp. HRI	Pseudomonadota	Bacteria
2664893	Agrobacterium sp. MA01	Pseudomonadota	Bacteria
2664899	Pseudomonas sp. CFSAN084952	Pseudomonadota	Bacteria
2665156	Candidatus Mycosynbacter amalyticus	Candidatus Saccharimonadota	Bacteria
2665175	Bacillus sp. AM1(2019)	Bacillota	Bacteria
2665645	Flavobacterium sp. SLB02	Bacteroidota	Bacteria
2665646	Alicyclobacillus sp. SO9	Bacillota	Bacteria
2665914	Ulvibacterium sp.	Bacteroidota	Bacteria
2666100	Neisseria brasiliensis	Pseudomonadota	Bacteria
2666132	Desulfovibrio sp. 86	Thermodesulfobacteriota	Bacteria
2666139	Aminobacter sp. MDW-2	Pseudomonadota	Bacteria
2666185	Spiribacter sp. 2438	Pseudomonadota	Bacteria
2668067	Marinobacterium sp. LSUCC0821	Pseudomonadota	Bacteria
2672569	Microlunatus sp. Gsoil 973	Actinomycetota	Bacteria
2675222	Micromonospora sp. WMMC415	Actinomycetota	Bacteria
2675223	Pantoea sp. RSPAM1	Pseudomonadota	Bacteria
2675224	Pseudomonas sp. REB1044	Pseudomonadota	Bacteria
2675225	Novosphingobium sp. Gsoil 351	Pseudomonadota	Bacteria
2675331	Bizionia sp. M204	Bacteroidota	Bacteria
2675378	Erwinia sp. E602	Pseudomonadota	Bacteria
2675523	Mycobacterium sp. DL440	Actinomycetota	Bacteria
2675524	Mycobacterium sp. DL592	Actinomycetota	Bacteria
2675707	Aeromonas sp. WP2-W18-CRE-05	Pseudomonadota	Bacteria
2675710	Klebsiella sp. WP3-W18-ESBL-02	Pseudomonadota	Bacteria
2675711	Klebsiella sp. WP3-S18-ESBL-05	Pseudomonadota	Bacteria
2675713	Klebsiella sp. WP4-W18-ESBL-05	Pseudomonadota	Bacteria
2675716	Klebsiella sp. WP7-S18-CRE-02	Pseudomonadota	Bacteria
2675717	Klebsiella sp. WP7-S18-CRE-03	Pseudomonadota	Bacteria
2675718	Klebsiella sp. WP7-S18-ESBL-04	Pseudomonadota	Bacteria
2675726	Klebsiella sp. WP8-S18-ESBL-06	Pseudomonadota	Bacteria
2675741	Acinetobacter sp. BEC1-S18-ESBL-01	Pseudomonadota	Bacteria
2675772	Enterobacteriaceae endosymbiont of Donacia bicoloricornis	Pseudomonadota	Bacteria
2675773	Enterobacteriaceae endosymbiont of Donacia cincticornis	Pseudomonadota	Bacteria
2675774	Enterobacteriaceae endosymbiont of Donacia cinerea	Pseudomonadota	Bacteria
2675775	Enterobacteriaceae endosymbiont of Donacia clavipes	Pseudomonadota	Bacteria
2675776	Enterobacteriaceae endosymbiont of Donacia crassipes	Pseudomonadota	Bacteria
2675777	Enterobacteriaceae endosymbiont of Donacia dentata	Pseudomonadota	Bacteria
2675778	Enterobacteriaceae endosymbiont of Donacia fulgens	Pseudomonadota	Bacteria
2675779	Enterobacteriaceae endosymbiont of Donacia marginata	Pseudomonadota	Bacteria
2675780	Enterobacteriaceae endosymbiont of Donacia piscatrix	Pseudomonadota	Bacteria
2675781	Enterobacteriaceae endosymbiont of Donacia provostii	Pseudomonadota	Bacteria
2675782	Enterobacteriaceae endosymbiont of Donacia proxima	Pseudomonadota	Bacteria
2675783	Enterobacteriaceae endosymbiont of Donacia semicuprea	Pseudomonadota	Bacteria
2675784	Enterobacteriaceae endosymbiont of Donacia simplex	Pseudomonadota	Bacteria
2675785	Enterobacteriaceae endosymbiont of Donacia sparganii	Pseudomonadota	Bacteria
2675786	Enterobacteriaceae endosymbiont of Donacia thalassina	Pseudomonadota	Bacteria
2675787	Enterobacteriaceae endosymbiont of Donacia tomentosa	Pseudomonadota	Bacteria
2675788	Enterobacteriaceae endosymbiont of Donacia versicolorea	Pseudomonadota	Bacteria
2675789	Enterobacteriaceae endosymbiont of Donacia vulgaris	Pseudomonadota	Bacteria
2675790	Enterobacteriaceae endosymbiont of Macroplea appendiculata	Pseudomonadota	Bacteria
2675791	Enterobacteriaceae endosymbiont of Macroplea mutica	Pseudomonadota	Bacteria
2675792	Enterobacteriaceae endosymbiont of Neohaemonia nigricornis	Pseudomonadota	Bacteria
2675793	Enterobacteriaceae endosymbiont of Plateumaris braccata	Pseudomonadota	Bacteria
2675794	Enterobacteriaceae endosymbiont of Plateumaris consimilis	Pseudomonadota	Bacteria
2675795	Enterobacteriaceae endosymbiont of Plateumaris pusilla	Pseudomonadota	Bacteria
2675796	Enterobacteriaceae endosymbiont of Plateumaris rustica	Pseudomonadota	Bacteria
2675797	Enterobacteriaceae endosymbiont of Plateumaris sericea	Pseudomonadota	Bacteria
2675877	Hymenobacter sp. BRD67	Bacteroidota	Bacteria
2675878	Hymenobacter sp. BRD128	Bacteroidota	Bacteria
2676077	Sphingobium sp. CAP-1	Pseudomonadota	Bacteria
2676309	Gordonia sp. 135	Actinomycetota	Bacteria
2676871	Streptomyces sp. Tu 2975	Actinomycetota	Bacteria
2678256	Pseudomonas sp. St386	Pseudomonadota	Bacteria
2678257	Pseudomonas sp. St316	Pseudomonadota	Bacteria
2678258	Pseudomonas sp. Cab53	Pseudomonadota	Bacteria
2678259	Pseudomonas sp. Seg1	Pseudomonadota	Bacteria
2678260	Pseudomonas sp. Ost2	Pseudomonadota	Bacteria
2678261	Pseudomonas sp. Pc102	Pseudomonadota	Bacteria
2678528	Listeria sp. LM90SB2	Bacillota	Bacteria
2678565	Citrobacter sp. On28M	Pseudomonadota	Bacteria
2679995	Mannheimia sp. ZY171111	Pseudomonadota	Bacteria
2681265	Clostridium sp. 16K-1-R1	Bacillota	Bacteria
2681307	Leclercia sp. J807	Pseudomonadota	Bacteria
2681308	Leclercia sp. 119287	Pseudomonadota	Bacteria
2681309	Leclercia sp. Colony189	Pseudomonadota	Bacteria
2681547	Microbulbifer sp. SH-1	Pseudomonadota	Bacteria
2681552	Variovorax sp. RKNM96	Pseudomonadota	Bacteria
2681986	Blochmannia endosymbiont of Camponotus nipponensis	Pseudomonadota	Bacteria
2681987	Blochmannia endosymbiont of Colobopsis nipponica	Pseudomonadota	Bacteria
2682487	Stenotrophomonas sp. SXG-1	Pseudomonadota	Bacteria
2682541	Bacillus sp. N1-1	Bacillota	Bacteria
2682577	Vibrio sp. CyArs1	Pseudomonadota	Bacteria
2682968	Hyphomicrobium sp. ghe19	Pseudomonadota	Bacteria
2683193	Brevibacillus sp. 7WMA2	Bacillota	Bacteria
2683591	Rhodococcus sp. 21391	Actinomycetota	Bacteria
2683680	Bacillus sp. ms-22	Bacillota	Bacteria
2683822	Citrobacter sp. 172116965	Pseudomonadota	Bacteria
2683967	Mycoplasma sp. NEAQ87857	Mycoplasmatota	Bacteria
2684113	Candidatus Pelagisphaera phototrophica	Verrucomicrobiota	Bacteria
2684468	Streptomyces sp. QHH-9511	Actinomycetota	Bacteria
2684469	Streptomyces sp. SCUT-3	Actinomycetota	Bacteria
2686305	Salmonella sp. S13	Pseudomonadota	Bacteria
2686358	Paraglaciecola sp. L3A3	Pseudomonadota	Bacteria
2686359	Paraglaciecola sp. L1A13	Pseudomonadota	Bacteria
2686360	Cobetia sp. L2A1	Pseudomonadota	Bacteria
2686361	Polaribacter sp. L3A8	Bacteroidota	Bacteria
2686362	Cellulophaga sp. L1A9	Bacteroidota	Bacteria
2686363	Formosa sp. L2A11	Bacteroidota	Bacteria
2686364	Klebsiella sp. PCX	Pseudomonadota	Bacteria
2686365	Algibacter sp. L1A34	Bacteroidota	Bacteria
2686366	Algibacter sp. L3A6	Bacteroidota	Bacteria
2687299	Candidatus Vondammii sp. HM_W22	Pseudomonadota	Bacteria
2689102	Polynucleobacter sp. AM-7D1	Pseudomonadota	Bacteria
2689107	Polynucleobacter sp. MWH-CaK5	Pseudomonadota	Bacteria
2689109	Polynucleobacter sp. MWH-Spelu-300-X4	Pseudomonadota	Bacteria
2689110	Polynucleobacter sp. MWH-UH24A	Pseudomonadota	Bacteria
2689569	Colwellia sp. 20A7	Pseudomonadota	Bacteria
2690380	Lactobacillus sp. JM1	Bacillota	Bacteria
2691571	Stenotrophomonas sp. 364	Pseudomonadota	Bacteria
2691580	Prevotella sp. Rep29	Bacteroidota	Bacteria
2691913	Brucella sp. BO3	Pseudomonadota	Bacteria
2692233	Streptomyces sp. HF10	Actinomycetota	Bacteria
2692234	Streptomyces sp. GS7	Actinomycetota	Bacteria
2692235	Streptomyces sp. GF20	Actinomycetota	Bacteria
2692425	Pontibacillus sp. HMF3514	Bacillota	Bacteria
2692624	Pseudoalteromonas sp. M8	Pseudomonadota	Bacteria
2692802	Leptolyngbya sp. FACHB-1624	Cyanobacteriota	Bacteria
2692843	Nostoc sp. FACHB-892	Cyanobacteriota	Bacteria
2695266	Streptomyces sp. HM190	Actinomycetota	Bacteria
2695882	Lactobacillus sp. 3B(2020)	Bacillota	Bacteria
2697019	Proteus sp. ZN5	Pseudomonadota	Bacteria
2697023	Pseudomonas sp. AN-B15	Pseudomonadota	Bacteria
2697363	Acidocella sp. MX-AZ03	Pseudomonadota	Bacteria
2697369	Serratia sp. NGAS9	Pseudomonadota	Bacteria
2697370	Citrobacter sp. LUTT5	Pseudomonadota	Bacteria
2697371	Klebsiella sp. MPUS7	Pseudomonadota	Bacteria
2698675	Pseudooceanicola sp. 502str34	Pseudomonadota	Bacteria
2698683	Leuconostoc sp. MTCC 10508	Bacillota	Bacteria
2698684	Sinimarinibacterium sp. NLF-5-8	Pseudomonadota	Bacteria
2698686	Shewanella sp. Arc9-LZ	Pseudomonadota	Bacteria
2698900	Gordonia sp. JH63	Actinomycetota	Bacteria
2699395	Methylosinus sp. C49	Pseudomonadota	Bacteria
2699396	Pseudoalteromonas sp. APM04	Pseudomonadota	Bacteria
2699468	Acidovorax sp. 210-6	Pseudomonadota	Bacteria
2700081	Virgibacillus sp. MSP4-1	Bacillota	Bacteria
2703788	Edaphobacter sp. 12200R-103	Acidobacteriota	Bacteria
2703789	Mucilaginibacter sp. 14171R-50	Bacteroidota	Bacteria
2704467	Cellulomonas sp. H30R-01	Actinomycetota	Bacteria
2704468	Streptacidiphilus sp. P02-A3a	Actinomycetota	Bacteria
2704651	Apibacter sp. ESL0404	Bacteroidota	Bacteria
2704652	Apibacter sp. ESL0432	Bacteroidota	Bacteria
2704653	Gilliamella sp. ESL0405	Pseudomonadota	Bacteria
2704654	Gilliamella sp. ESL0441	Pseudomonadota	Bacteria
2704655	Gilliamella sp. ESL0443	Pseudomonadota	Bacteria
2705012	Streptacidiphilus sp. PB12-B1b	Actinomycetota	Bacteria
2705439	Streptomyces sp. S4.7	Actinomycetota	Bacteria
2705458	Enterobacter sp. SES19	Pseudomonadota	Bacteria
2705471	Gramella sp. MT6	Bacteroidota	Bacteria
2705472	Pseudomonas sp. MTM4	Pseudomonadota	Bacteria
2705473	Algoriphagus sp. NBT04N3	Bacteroidota	Bacteria
2705547	Caballeronia sp. SBC2	Pseudomonadota	Bacteria
2705548	Caballeronia sp. SBC1	Pseudomonadota	Bacteria
2706126	Pseudomonas sp. OIL-1	Pseudomonadota	Bacteria
2707174	Enterobacter sp. T2	Pseudomonadota	Bacteria
2708053	Romboutsia sp. 13368	Bacillota	Bacteria
2708082	Mumia sp. ZJ1417	Actinomycetota	Bacteria
2708346	Jeotgalicoccus sp. WY2	Bacillota	Bacteria
2708348	Acinetobacter sp. WY4	Pseudomonadota	Bacteria
2708350	Psychrobacter sp. WY6	Pseudomonadota	Bacteria
2708352	Delftia sp. WY8	Pseudomonadota	Bacteria
2709302	Massilia sp. Dwa41.01b	Pseudomonadota	Bacteria
2709303	Massilia sp. Se16.2.3	Pseudomonadota	Bacteria
2709304	Microbacterium sp. Se63.02b	Actinomycetota	Bacteria
2709380	Starkeya sp. ORNL1	Pseudomonadota	Bacteria
2709390	Bacteroides sp. ZJ-18	Bacteroidota	Bacteria
2709688	Parasphingorhabdus sp.	Pseudomonadota	Bacteria
2709690	Novosphingopyxis sp.	Pseudomonadota	Bacteria
2709781	Bacillus sp. LUNF1	Bacillota	Bacteria
2709784	Bacillus sp. KH172YL63	Bacillota	Bacteria
2710587	Pseudomonas iridis	Pseudomonadota	Bacteria
2711231	Roseimicrobium sp. ORNL1	Verrucomicrobiota	Bacteria
2711328	Kocuria sp. TGY1127_2	Actinomycetota	Bacteria
2712024	Citrobacter sp. SX212	Pseudomonadota	Bacteria
2712025	Citrobacter sp. SX206	Pseudomonadota	Bacteria
2712222	Nordella sp. HKS 07	Pseudomonadota	Bacteria
2713414	Chryseobacterium sp. POL2	Bacteroidota	Bacteria
2713573	Sphingobacterium sp. DR205	Bacteroidota	Bacteria
2714844	Streptomyces sp. JB150	Actinomycetota	Bacteria
2714923	Acidovorax sp. HDW3	Pseudomonadota	Bacteria
2714924	Diaphorobacter sp. HDW4A	Pseudomonadota	Bacteria
2714925	Diaphorobacter sp. HDW4B	Pseudomonadota	Bacteria
2714926	Dysgonomonas sp. HDW5A	Bacteroidota	Bacteria
2714927	Dysgonomonas sp. HDW5B	Bacteroidota	Bacteria
2714928	Erysipelothrix sp. HDW6A	Bacillota	Bacteria
2714929	Erysipelothrix sp. HDW6B	Bacillota	Bacteria
2714930	Erysipelothrix sp. HDW6C	Bacillota	Bacteria
2714931	Sanguibacter sp. HDW7	Actinomycetota	Bacteria
2714932	Hymenobacter sp. HDW8	Bacteroidota	Bacteria
2714936	Lysobacter sp. HDW10	Pseudomonadota	Bacteria
2714939	Nocardioides sp. HDW12B	Actinomycetota	Bacteria
2714940	Pedobacter sp. HDW13	Bacteroidota	Bacteria
2714941	Phycicoccus sp. HDW14	Actinomycetota	Bacteria
2714942	Sphingomonas sp. HDW15A	Pseudomonadota	Bacteria
2714945	Thermomonas sp. HDW16	Pseudomonadota	Bacteria
2714948	Vibrio sp. HDW18	Pseudomonadota	Bacteria
2714951	Leclercia sp. 29361	Pseudomonadota	Bacteria
2714952	Roseateles sp. DAIF2	Pseudomonadota	Bacteria
2715232	Blattabacterium sp. DPU	Bacteroidota	Bacteria
2715680	Thiovibrio sp. Mzg5	Thermodesulfobacteriota	Bacteria
2715735	Candidatus Chazhemtobacterium aquaticus	unclassified	Bacteria
2715959	Shinella sp. PSBB067	Pseudomonadota	Bacteria
2715962	Bacillus sp. Bvel1	Bacillota	Bacteria
2716717	Haloarcula sp. JP-L23	Methanobacteriota	Archaea
2716812	Candidatus Protofrankia datiscae	Actinomycetota	Bacteria
2716879	Citrobacter sp. Y3	Pseudomonadota	Bacteria
2717374	Halomonas sp. A020	Pseudomonadota	Bacteria
2717697	Cobetia sp. UIB-001	Pseudomonadota	Bacteria
2718938	Phyllobacterium sp. 628	Pseudomonadota	Bacteria
2719023	Saccharopolyspora sp. ASAGF58	Actinomycetota	Bacteria
2719588	Kocuria sp. KD4	Actinomycetota	Bacteria
2719911	Nonlabens sp. SY33080	Bacteroidota	Bacteria
2719912	Leeuwenhoekiella sp. ZYFB001	Bacteroidota	Bacteria
2720029	Enterobacter sp. DNB-S2	Pseudomonadota	Bacteria
2720714	Streptomyces sp. 891-h	Actinomycetota	Bacteria
2720720	Candidatus Rhabdochlamydia oedothoracis	Chlamydiota	Bacteria
2721173	Streptomyces sp. DSM 40868	Actinomycetota	Bacteria
2721244	Streptomyces sp. RPA4-2	Actinomycetota	Bacteria
2721245	Streptomyces sp. RPA4-5	Actinomycetota	Bacteria
2722752	Iamia sp. SCSIO 61187	Actinomycetota	Bacteria
2722825	Rhodococcus sp. DMU1	Actinomycetota	Bacteria
2723402	Labrenzia sp. 5N	Pseudomonadota	Bacteria
2724121	Xanthomonas sp. GW	Pseudomonadota	Bacteria
2724122	Xanthomonas sp. SS	Pseudomonadota	Bacteria
2724123	Xanthomonas sp. SI	Pseudomonadota	Bacteria
2724135	Flavobacterium sp. CLA17	Bacteroidota	Bacteria
2724150	Romboutsia sp. CE17	Bacillota	Bacteria
2724151	Streptomyces sp. ARC12	Actinomycetota	Bacteria
2724152	Streptomyces sp. ARC14	Actinomycetota	Bacteria
2724468	Enterobacter sp. JUb54	Pseudomonadota	Bacteria
2724469	Serratia sp. JUb9	Pseudomonadota	Bacteria
2724470	Pseudomonas sp. BIGb0427	Pseudomonadota	Bacteria
2724527	Parasphingopyxis sp. CP4	Pseudomonadota	Bacteria
2724897	Nitratiruptor sp. YY08-10	Campylobacterota	Bacteria
2724898	Nitratiruptor sp. YY08-13	Campylobacterota	Bacteria
2724899	Nitratiruptor sp. YY08-14	Campylobacterota	Bacteria
2724900	Nitratiruptor sp. YY08-26	Campylobacterota	Bacteria
2724901	Nitratiruptor sp. YY09-18	Campylobacterota	Bacteria
2724914	Leifsonia sp. PS1209	Actinomycetota	Bacteria
2725288	Pseudodesulfovibrio sp. zrk46	Thermodesulfobacteriota	Bacteria
2725417	Salmonella sp. SCFS4	Pseudomonadota	Bacteria
2725560	Kosakonia sp. SMBL-WEM22	Pseudomonadota	Bacteria
2725563	Brevibacterium sp. 'Marine'	Actinomycetota	Bacteria
2725684	Acinetobacter sp. NEB149	Pseudomonadota	Bacteria
2725994	Mycoplasma sp. 1654_15	Mycoplasmatota	Bacteria
2725997	Escherichia sp. SCLE84	Pseudomonadota	Bacteria
2726989	Pseudomonas sp. gcc21	Pseudomonadota	Bacteria
2728827	Catellatospora sp. IY07-71	Actinomycetota	Bacteria
2729423	Pseudomonas sp. SK	Pseudomonadota	Bacteria
2729725	Rhodococcus sp. KRD162	Actinomycetota	Bacteria
2729731	Rhodococcus sp. KRD197	Actinomycetota	Bacteria
2729997	Gilvibacter sp.	Bacteroidota	Bacteria
2730357	Halomonas sp. PA5	Pseudomonadota	Bacteria
2730359	Methylacidimicrobium sp. AP8	Verrucomicrobiota	Bacteria
2730360	Halomonas sp. PGE1	Pseudomonadota	Bacteria
2730845	Pseudomonas sp. ADAK2	Pseudomonadota	Bacteria
2730846	Pseudomonas sp. ADAK7	Pseudomonadota	Bacteria
2730847	Pseudomonas sp. ADAK13	Pseudomonadota	Bacteria
2730848	Pseudomonas sp. ADAK18	Pseudomonadota	Bacteria
2730849	Pseudomonas sp. ADAK20	Pseudomonadota	Bacteria
2730850	Pseudomonas sp. ADAK21	Pseudomonadota	Bacteria
2730854	Halomonas sp. TA6	Pseudomonadota	Bacteria
2730914	Halomonas sp. TA22	Pseudomonadota	Bacteria
2730915	Streptomyces sp. Z423-1	Actinomycetota	Bacteria
2731096	Rhizobium sp. NZLR1	Pseudomonadota	Bacteria
2731112	Rhizobium sp. NLR16a	Pseudomonadota	Bacteria
2731219	Alkaliphilus sp. B6464	Bacillota	Bacteria
2731680	Cellulosimicrobium sp. 72-3	Actinomycetota	Bacteria
2732364	Burkholderia sp. MBR-1	Pseudomonadota	Bacteria
2732530	Synechocystis sp. PCC 7338	Cyanobacteriota	Bacteria
2732590	Candidatus Vesicomyidisocius sp. SY067_SCS001	Pseudomonadota	Bacteria
2733866	Psychrobacter sp. KCTC 72983	Pseudomonadota	Bacteria
2733867	Sphingobium sp. KCTC 72723	Pseudomonadota	Bacteria
2734618	Microbacterium sp. NIBRBAC000506063	Actinomycetota	Bacteria
2735134	Sphingomonas sp. AP4-R1	Pseudomonadota	Bacteria
2735316	Paenarthrobacter sp. YJN-5	Actinomycetota	Bacteria
2735317	Paenarthrobacter sp. YJN-D	Actinomycetota	Bacteria
2735434	Paraburkholderia sp. PGU19	Pseudomonadota	Bacteria
2735554	Diaphorobacter sp. JS3050	Pseudomonadota	Bacteria
2735562	Candidatus Absconditicoccus praedator	Candidatus Absconditibacteriota	Bacteria
2735795	Chromobacterium sp. Beijing	Pseudomonadota	Bacteria
2735868	Exiguobacterium sp. Helios	Bacillota	Bacteria
2736252	Aquimarina sp. TRL1	Bacteroidota	Bacteria
2738126	Pseudomonas sp. FP215	Pseudomonadota	Bacteria
2738142	Massilia sp. erpn	Pseudomonadota	Bacteria
2738410	Streptomyces sp. A1-5	Actinomycetota	Bacteria
2738843	Pseudomonas sp. B14-6	Pseudomonadota	Bacteria
2738852	Candidatus Ruthia endofausta	Pseudomonadota	Bacteria
2738867	Brevibacillus sp. DP1.3A	Bacillota	Bacteria
2738883	Candidatus Reidiella endopervernicosa	Pseudomonadota	Bacteria
2738886	Candidatus Thiodubiliella endoseptemdiera	Pseudomonadota	Bacteria
2738979	Brevibacillus sp. HD3.3A	Bacillota	Bacteria
2738980	Brevibacillus sp. M2.1A	Bacillota	Bacteria
2738983	Pectobacterium sp. PL64	Pseudomonadota	Bacteria
2739062	Flavobacterium sp. M31R6	Bacteroidota	Bacteria
2740807	Aquisalimonas sp. 2447	Pseudomonadota	Bacteria
2740837	Acaryochloris sp. 'Moss Beach'	Cyanobacteriota	Bacteria
2741068	Pseudomonas sp. BF61	Pseudomonadota	Bacteria
2741301	Paenibacillus sp. URB8-2	Bacillota	Bacteria
2741553	Nitrosomonas sp. H1_AOB3	Pseudomonadota	Bacteria
2741701	Candidatus Bodocaedibacter vickermanii	Pseudomonadota	Bacteria
2741720	Rhodoferax sp. BAB1	Pseudomonadota	Bacteria
2741953	Synechococcus sp. LA31	Cyanobacteriota	Bacteria
2742128	Actinomadura sp. NAK00032	Actinomycetota	Bacteria
2742129	Stenotrophomonas sp. NA06056	Pseudomonadota	Bacteria
2742131	Amycolatopsis sp. Hca4	Actinomycetota	Bacteria
2742132	Verrucosispora sp. NA02020	Actinomycetota	Bacteria
2742133	Streptomyces sp. NA02536	Actinomycetota	Bacteria
2742134	Streptomyces sp. NA03103	Actinomycetota	Bacteria
2742135	Kitasatospora sp. NA04385	Actinomycetota	Bacteria
2742136	Streptomyces sp. NA04227	Actinomycetota	Bacteria
2742137	Streptomyces sp. NA02950	Actinomycetota	Bacteria
2742195	Mycoplasma sp. OR1901	Mycoplasmatota	Bacteria
2742204	Methyloligella sp. GL2	Pseudomonadota	Bacteria
2742602	Gordonia sp. X0973	Actinomycetota	Bacteria
2742603	Rhodococcus sp. W8901	Actinomycetota	Bacteria
2742620	Citrobacter sp. RHB20-C15	Pseudomonadota	Bacteria
2742621	Citrobacter sp. RHB20-C16	Pseudomonadota	Bacteria
2742622	Citrobacter sp. RHB21-C01	Pseudomonadota	Bacteria
2742623	Citrobacter sp. RHB21-C05	Pseudomonadota	Bacteria
2742624	Citrobacter sp. RHB25-C09	Pseudomonadota	Bacteria
2742625	Citrobacter sp. RHB35-C17	Pseudomonadota	Bacteria
2742626	Citrobacter sp. RHB35-C21	Pseudomonadota	Bacteria
2742627	Citrobacter sp. RHB36-C18	Pseudomonadota	Bacteria
2742628	Citrobacter sp. RHBSTW-00013	Pseudomonadota	Bacteria
2742629	Citrobacter sp. RHBSTW-00017	Pseudomonadota	Bacteria
2742630	Citrobacter sp. RHBSTW-00021	Pseudomonadota	Bacteria
2742631	Citrobacter sp. RHBSTW-00029	Pseudomonadota	Bacteria
2742632	Citrobacter sp. RHBSTW-00053	Pseudomonadota	Bacteria
2742633	Citrobacter sp. RHBSTW-00089	Pseudomonadota	Bacteria
2742634	Citrobacter sp. RHBSTW-00104	Pseudomonadota	Bacteria
2742635	Citrobacter sp. RHBSTW-00107	Pseudomonadota	Bacteria
2742636	Citrobacter sp. RHBSTW-00127	Pseudomonadota	Bacteria
2742637	Enterobacter sp. RHBSTW-00131	Pseudomonadota	Bacteria
2742638	Citrobacter sp. RHBSTW-00137	Pseudomonadota	Bacteria
2742639	Enterobacter sp. RHBSTW-00175	Pseudomonadota	Bacteria
2742640	Klebsiella sp. RHBSTW-00215	Pseudomonadota	Bacteria
2742641	Citrobacter sp. RHBSTW-00229	Pseudomonadota	Bacteria
2742642	Citrobacter sp. RHBSTW-00271	Pseudomonadota	Bacteria
2742643	Enterobacter sp. RHBSTW-00318	Pseudomonadota	Bacteria
2742644	Citrobacter sp. RHBSTW-00325	Pseudomonadota	Bacteria
2742646	Enterobacter sp. RHBSTW-00422	Pseudomonadota	Bacteria
2742647	Citrobacter sp. RHBSTW-00424	Pseudomonadota	Bacteria
2742648	Citrobacter sp. RHBSTW-00446	Pseudomonadota	Bacteria
2742649	Klebsiella sp. RHBSTW-00464	Pseudomonadota	Bacteria
2742650	Klebsiella sp. RHBSTW-00465	Pseudomonadota	Bacteria
2742651	Klebsiella sp. RHBSTW-00484	Pseudomonadota	Bacteria
2742652	Citrobacter sp. RHBSTW-00509	Pseudomonadota	Bacteria
2742653	Citrobacter sp. RHBSTW-00524	Pseudomonadota	Bacteria
2742654	Citrobacter sp. RHBSTW-00535	Pseudomonadota	Bacteria
2742655	Citrobacter sp. RHBSTW-00570	Pseudomonadota	Bacteria
2742656	Enterobacter sp. RHBSTW-00593	Pseudomonadota	Bacteria
2742657	Citrobacter sp. RHBSTW-00599	Pseudomonadota	Bacteria
2742658	Citrobacter sp. RHBSTW-00628	Pseudomonadota	Bacteria
2742659	Citrobacter sp. RHBSTW-00667	Pseudomonadota	Bacteria
2742660	Citrobacter sp. RHBSTW-00671	Pseudomonadota	Bacteria
2742661	Citrobacter sp. RHBSTW-00678	Pseudomonadota	Bacteria
2742662	Citrobacter sp. RHBSTW-00696	Pseudomonadota	Bacteria
2742663	Citrobacter sp. RHBSTW-00821	Pseudomonadota	Bacteria
2742664	Citrobacter sp. RHBSTW-00827	Pseudomonadota	Bacteria
2742665	Citrobacter sp. RHBSTW-00848	Pseudomonadota	Bacteria
2742666	Citrobacter sp. RHBSTW-00859	Pseudomonadota	Bacteria
2742667	Citrobacter sp. RHBSTW-00881	Pseudomonadota	Bacteria
2742668	Citrobacter sp. RHBSTW-00887	Pseudomonadota	Bacteria
2742669	Enterobacter sp. RHBSTW-00901	Pseudomonadota	Bacteria
2742670	Citrobacter sp. RHBSTW-00903	Pseudomonadota	Bacteria
2742671	Citrobacter sp. RHBSTW-00944	Pseudomonadota	Bacteria
2742672	Enterobacter sp. RHBSTW-00974	Pseudomonadota	Bacteria
2742673	Enterobacter sp. RHBSTW-00975	Pseudomonadota	Bacteria
2742674	Citrobacter sp. RHBSTW-00976	Pseudomonadota	Bacteria
2742675	Citrobacter sp. RHBSTW-00986	Pseudomonadota	Bacteria
2742676	Enterobacter sp. RHBSTW-00994	Pseudomonadota	Bacteria
2742677	Citrobacter sp. RHBSTW-01013	Pseudomonadota	Bacteria
2742678	Citrobacter sp. RHBSTW-01044	Pseudomonadota	Bacteria
2742717	Wolbachia endosymbiont of Wiebesia pumilae	Pseudomonadota	Bacteria
2743575	Acinetobacter sp. NEB 394	Pseudomonadota	Bacteria
2743971	Pseudomonas sp. 43A	Pseudomonadota	Bacteria
2744227	Fusobacterium sp. SB021	Fusobacteriota	Bacteria
2744474	Streptomyces sp. KMM 9044	Actinomycetota	Bacteria
2744515	Mesorhizobium sp. 113-1-2	Pseudomonadota	Bacteria
2744516	Mesorhizobium sp. 113-3-3	Pseudomonadota	Bacteria
2744517	Mesorhizobium sp. 113-3-9	Pseudomonadota	Bacteria
2744518	Mesorhizobium sp. 131-2-1	Pseudomonadota	Bacteria
2744519	Mesorhizobium sp. 131-2-5	Pseudomonadota	Bacteria
2744520	Mesorhizobium sp. 131-3-5	Pseudomonadota	Bacteria
2744521	Mesorhizobium sp. L-2-11	Pseudomonadota	Bacteria
2744522	Mesorhizobium sp. L-8-3	Pseudomonadota	Bacteria
2744523	Mesorhizobium sp. L-8-10	Pseudomonadota	Bacteria
2745153	Chryseobacterium sp. MYb264	Bacteroidota	Bacteria
2745196	Amycolatopsis sp. CA-230715	Actinomycetota	Bacteria
2745199	Microbulbifer sp. YPW1	Pseudomonadota	Bacteria
2745230	Pseudomonas sp. MYb327	Pseudomonadota	Bacteria
2745519	Pseudomonas sp. OE 28.3	Pseudomonadota	Bacteria
2745558	Cellulophaga sp. HaHa_2_95	Bacteroidota	Bacteria
2745560	Olleya sp. HaHaR_3_96	Bacteroidota	Bacteria
2745561	Polaribacter sp. HaHaR_3_91	Bacteroidota	Bacteria
2745562	Polaribacter sp. AHE13PA	Bacteroidota	Bacteria
2745563	Polaribacter sp. R2A056_3_33	Bacteroidota	Bacteria
2745565	Tenacibaculum sp. AHE14PA	Bacteroidota	Bacteria
2745566	Tenacibaculum sp. AHE15PA	Bacteroidota	Bacteria
2745890	Salmonella sp. SJTUF14076	Pseudomonadota	Bacteria
2745891	Salmonella sp. SJTUF14146	Pseudomonadota	Bacteria
2745892	Salmonella sp. SJTUF14152	Pseudomonadota	Bacteria
2745893	Salmonella sp. SJTUF14154	Pseudomonadota	Bacteria
2745894	Salmonella sp. SJTUF14170	Pseudomonadota	Bacteria
2745895	Salmonella sp. SJTUF14178	Pseudomonadota	Bacteria
2745947	Spirosoma sp. KUDC1026	Bacteroidota	Bacteria
2746060	Legionella sp. PC1000	Pseudomonadota	Bacteria
2746225	Flavobacterium sp. K5-23	Bacteroidota	Bacteria
2746230	Moritella sp. 24	Pseudomonadota	Bacteria
2746231	Moritella sp. 5	Pseudomonadota	Bacteria
2746232	Moritella sp. 28	Pseudomonadota	Bacteria
2746233	Moritella sp. 36	Pseudomonadota	Bacteria
2746932	Shewanella sp. MTB7	Pseudomonadota	Bacteria
2747372	Enterobacter sp. DSM 30060	Pseudomonadota	Bacteria
2748080	Pseudomonas sp. ABC1	Pseudomonadota	Bacteria
2748316	Capnocytophaga sp. oral taxon 902	Bacteroidota	Bacteria
2748319	Flavobacterium sp. I3-2	Bacteroidota	Bacteria
2748863	Paenibacillus sp. E222	Bacillota	Bacteria
2748865	Bdellovibrio sp. KM01	Bdellovibrionota	Bacteria
2748871	Wolbachia endosymbiont of Anopheles demeilloni	Pseudomonadota	Bacteria
2748873	Streptomyces sp. CB04723	Actinomycetota	Bacteria
2749040	Halomonas sp. SH5A2	Pseudomonadota	Bacteria
2749041	Gardnerella sp. DNF00038	Actinomycetota	Bacteria
2749042	Gardnerella sp. DNF00109	Actinomycetota	Bacteria
2749044	Gardnerella sp. DNF00186	Actinomycetota	Bacteria
2749045	Gardnerella sp. DNF00257	Actinomycetota	Bacteria
2749046	Gardnerella sp. DNF00354	Actinomycetota	Bacteria
2749047	Gardnerella sp. DNF00476	Actinomycetota	Bacteria
2749048	Gardnerella sp. DNF00497B	Actinomycetota	Bacteria
2749051	Gardnerella sp. DNF00550	Actinomycetota	Bacteria
2749052	Gardnerella sp. DNF00571G	Actinomycetota	Bacteria
2749054	Gardnerella sp. DNF00747	Actinomycetota	Bacteria
2749055	Gardnerella sp. DNF00753	Actinomycetota	Bacteria
2749056	Gardnerella sp. DNF00983	Actinomycetota	Bacteria
2749057	Gardnerella sp. DNF01141	Actinomycetota	Bacteria
2749058	Gardnerella sp. DNF01144	Actinomycetota	Bacteria
2749059	Gardnerella sp. DNF01151	Actinomycetota	Bacteria
2749060	Gardnerella sp. DNF01157	Actinomycetota	Bacteria
2749061	Gardnerella sp. DNF01159	Actinomycetota	Bacteria
2749062	Gardnerella sp. DNF01180P	Actinomycetota	Bacteria
2749063	Gardnerella sp. DNF01189	Actinomycetota	Bacteria
2749065	Gardnerella sp. DNF01195	Actinomycetota	Bacteria
2749066	Gardnerella sp. DNF01198P	Actinomycetota	Bacteria
2749067	Gardnerella sp. DNF01199S	Actinomycetota	Bacteria
2749068	Gardnerella sp. DNF01204	Actinomycetota	Bacteria
2749069	Gardnerella sp. DNF01205	Actinomycetota	Bacteria
2749070	Gardnerella sp. KA00127	Actinomycetota	Bacteria
2749072	Gardnerella sp. KA00243	Actinomycetota	Bacteria
2749073	Gardnerella sp. KA00255	Actinomycetota	Bacteria
2749074	Gardnerella sp. KA00288	Actinomycetota	Bacteria
2749075	Gardnerella sp. KA00390	Actinomycetota	Bacteria
2749077	Gardnerella sp. KA00718	Actinomycetota	Bacteria
2749079	Gardnerella sp. KA00771	Actinomycetota	Bacteria
2749080	Gardnerella sp. KA01000	Actinomycetota	Bacteria
2749081	Gardnerella sp. KA01001	Actinomycetota	Bacteria
2749082	Gardnerella sp. KA01002	Actinomycetota	Bacteria
2749086	Hyphobacterium sp. CCMP332	Pseudomonadota	Bacteria
2749432	Treponema sp. B152	Spirochaetota	Bacteria
2749807	Pseudomonas sp. Y39-6	Pseudomonadota	Bacteria
2749808	Pseudomonas sp. Y5-11	Pseudomonadota	Bacteria
2749809	Lysinibacillus sp. JK80	Bacillota	Bacteria
2749906	Rhodococcus sp. ZPP	Actinomycetota	Bacteria
2749994	Cellulophaga sp. HaHa_2_1	Bacteroidota	Bacteria
2749995	Winogradskyella sp. HaHa_3_26	Bacteroidota	Bacteria
2749996	Coxiella endosymbiont of Amblyomma nuttalli	Pseudomonadota	Bacteria
2749999	Pseudomonas sp. RtIB026	Pseudomonadota	Bacteria
2750011	Streptomyces sp. Rer75	Actinomycetota	Bacteria
2750025	Streptomyces sp. CB00271	Actinomycetota	Bacteria
2750648	Xanthomonas sp. CPBF 426	Pseudomonadota	Bacteria
2751170	Synechococcus sp. LTW-R	Cyanobacteriota	Bacteria
2751171	Synechococcus sp. HK01-R	Cyanobacteriota	Bacteria
2751176	Vibrio sp. B1ASS3	Pseudomonadota	Bacteria
2751177	Vibrio sp. B1FIG11	Pseudomonadota	Bacteria
2751178	Vibrio sp. B1FLJ16	Pseudomonadota	Bacteria
2751179	Vibrio sp. B1REV9	Pseudomonadota	Bacteria
2751189	Streptomyces sp. NEAU-sy36	Actinomycetota	Bacteria
2752316	Rhodoferax sp. AJA081-3	Pseudomonadota	Bacteria
2752475	Pseudoalteromonas sp. JSTW	Pseudomonadota	Bacteria
2752515	Brevundimonas sp. AJA228-03	Pseudomonadota	Bacteria
2753607	Rhizobacter sp. AJA081-3	Pseudomonadota	Bacteria
2754727	Serratia sp. AXJ-M	Pseudomonadota	Bacteria
2755385	Klebsiella sp. I138	Pseudomonadota	Bacteria
2755386	Klebsiella sp. MISC125	Pseudomonadota	Bacteria
2755393	Klebsiella sp. R445	Pseudomonadota	Bacteria
2755398	Klebsiella sp. B345	Pseudomonadota	Bacteria
2755400	Klebsiella sp. R390	Pseudomonadota	Bacteria
2755405	Bacteroides sp. CACC 737	Bacteroidota	Bacteria
2755560	Mycolicibacterium sp. TY66	Actinomycetota	Bacteria
2755562	Legionella sp. PC997	Pseudomonadota	Bacteria
2755588	Anaerobacillus sp. CMMVII	Bacillota	Bacteria
2756133	Achromobacter sp. 77	Pseudomonadota	Bacteria
2758442	Actinotalea sp. JY-7876	Actinomycetota	Bacteria
2758563	Paenibacillus sp. 19GGS1-52	Bacillota	Bacteria
2758572	Schaalia sp. JY-X169	Actinomycetota	Bacteria
2758724	Cobetia sp. 4B	Pseudomonadota	Bacteria
2759167	Brachybacterium sp. Z12	Actinomycetota	Bacteria
2759525	Streptomyces sp. M54	Actinomycetota	Bacteria
2759660	Bartonella sp. HY038	Pseudomonadota	Bacteria
2759662	Mycolicibacterium sp. TY81	Actinomycetota	Bacteria
2759692	Streptococcus sp. Marseille-Q3533	Bacillota	Bacteria
2759705	Pseudoalteromonas sp. MT33b	Pseudomonadota	Bacteria
2759706	Pseudomonas sp. 29A	Pseudomonadota	Bacteria
2759943	Protaetiibacter sp. SSC-01	Actinomycetota	Bacteria
2759954	Devosia sp. MC521	Pseudomonadota	Bacteria
2760307	Paracoccus sp. MC1862	Pseudomonadota	Bacteria
2760308	Propioniciclava sp. MC1595	Actinomycetota	Bacteria
2760310	Tessaracoccus sp. MC1865	Actinomycetota	Bacteria
2760705	Nocardioides sp. InS609-2	Actinomycetota	Bacteria
2761047	Janibacter sp. YB324	Actinomycetota	Bacteria
2761107	Luteimonas sp. MC1825	Pseudomonadota	Bacteria
2762320	Paenibacillus sp. PAMC21692	Bacillota	Bacteria
2762322	Variovorax sp. PAMC26660	Pseudomonadota	Bacteria
2762323	Variovorax sp. PAMC28562	Pseudomonadota	Bacteria
2762325	Nakamurella sp. PAMC28650	Actinomycetota	Bacteria
2762326	Bacillus sp. PAMC22265	Bacillota	Bacteria
2762327	Bacillus sp. PAMC28571	Bacillota	Bacteria
2762328	Bacillus sp. PAMC28748	Bacillota	Bacteria
2762329	Bacillus sp. PAMC26543	Bacillota	Bacteria
2762331	Dermacoccus sp. PAMC28757	Actinomycetota	Bacteria
2762559	Streptomyces sp. TYQ1024	Actinomycetota	Bacteria
2762563	Sporosarcina sp. resist	Bacillota	Bacteria
2762611	Lysobacter sp. CW239	Pseudomonadota	Bacteria
2762748	Sphingosinithalassobacter sp. CS137	Pseudomonadota	Bacteria
2762896	Pseudomonas sp. MPDS	Pseudomonadota	Bacteria
2763008	Nocardioides sp. zg-1228	Actinomycetota	Bacteria
2763022	Bacteroides sp. M10	Bacteroidota	Bacteria
2763068	Streptococcus sp. NSJ-72	Bacillota	Bacteria
2763257	Microbacterium sp. YJN-G	Actinomycetota	Bacteria
2763259	Streptomyces sp. JH002	Actinomycetota	Bacteria
2764711	Nostoc sp. MS1	Cyanobacteriota	Bacteria
2764720	Olivibacter sp. SDN3	Bacteroidota	Bacteria
2766526	Salinarimonas sp.	Pseudomonadota	Bacteria
2766701	Treponema sp. Marseille-Q4132	Spirochaetota	Bacteria
2766736	Faecalibacter sp.	Bacteroidota	Bacteria
2766781	Vibrio sp. sp1	Pseudomonadota	Bacteria
2766784	Microbacterium sp. Nx66	Actinomycetota	Bacteria
2767188	Amniculibacterium sp. G2-70	Bacteroidota	Bacteria
2767222	Delftia sp. PS-11	Pseudomonadota	Bacteria
2768165	Pantoea sp. MT58	Pseudomonadota	Bacteria
2769078	Wolbachia endosymbiont of Spodoptera picta	Pseudomonadota	Bacteria
2769343	Citrobacter sp. C1	Pseudomonadota	Bacteria
2769344	Citrobacter sp. C5_2	Pseudomonadota	Bacteria
2769345	Citrobacter sp. C6_1	Pseudomonadota	Bacteria
2769346	Citrobacter sp. C6_2	Pseudomonadota	Bacteria
2769347	Citrobacter sp. C13	Pseudomonadota	Bacteria
2769348	Enterobacter sp. E12	Pseudomonadota	Bacteria
2769349	Klebsiella sp. K4	Pseudomonadota	Bacteria
2769351	Brucella sp. 6810	Pseudomonadota	Bacteria
2769490	Thalassotalea sp. LPB0316	Pseudomonadota	Bacteria
2770234	Polynucleobacter sp. Adler-ghost	Pseudomonadota	Bacteria
2770322	Stenotrophomonas sp. 169	Pseudomonadota	Bacteria
2770551	Yimella sp. cx-51	Actinomycetota	Bacteria
2770772	Clostridioides sp. ES-S-0107-01	Bacillota	Bacteria
2770776	Clostridioides sp. ES-S-0010-02	Bacillota	Bacteria
2770780	Clostridioides sp. ES-S-0054-01	Bacillota	Bacteria
2770786	Clostridioides sp. ES-S-0173-01	Bacillota	Bacteria
2770788	Clostridioides sp. ES-W-0016-02	Bacillota	Bacteria
2771012	Wenzhouxiangella sp. AB-CW3	Pseudomonadota	Bacteria
2771436	Thermomonas sp. XSG	Pseudomonadota	Bacteria
2772253	Chryseoglobus sp. 28M-23	Actinomycetota	Bacteria
2772401	Pseudarthrobacter sp. BIM B-2242	Actinomycetota	Bacteria
2772432	Streptomyces sp. KY70	Actinomycetota	Bacteria
2772433	Streptomyces sp. KY75	Actinomycetota	Bacteria
2772483	Algoriphagus sp. Y33	Bacteroidota	Bacteria
2773264	Serratia sp. Tan611	Pseudomonadota	Bacteria
2773266	Agreia sp. COWG	Actinomycetota	Bacteria
2773308	Halomonas sp. YLGW01	Pseudomonadota	Bacteria
2773709	Acinetobacter sp. ASP199	Pseudomonadota	Bacteria
2774054	Kluyvera genomosp. 2	Pseudomonadota	Bacteria
2774055	Kluyvera genomosp. 3	Pseudomonadota	Bacteria
2774459	Pseudomonas sp. IzPS59	Pseudomonadota	Bacteria
2774562	Aminobacter sp. SR38	Pseudomonadota	Bacteria
2774633	Enterococcus sp. DIV0876	Bacillota	Bacteria
2774646	Enterococcus sp. DIV0800	Bacillota	Bacteria
2774656	Enterococcus sp. DIV0210g	Bacillota	Bacteria
2774663	Enterococcus sp. DIV1279b	Bacillota	Bacteria
2774670	Enterococcus sp. DIV1767	Bacillota	Bacteria
2774675	Enterococcus sp. DIV1852	Bacillota	Bacteria
2774676	Enterococcus sp. DIV0008	Bacillota	Bacteria
2774678	Enterococcus sp. AZ188	Bacillota	Bacteria
2774684	Enterococcus sp. DIV2379	Bacillota	Bacteria
2774693	Enterococcus sp. AZ089	Bacillota	Bacteria
2774694	Enterococcus sp. DIV0724b	Bacillota	Bacteria
2774704	Enterococcus sp. DIV0802b	Bacillota	Bacteria
2774706	Enterococcus sp. DIV1304_2	Bacillota	Bacteria
2774707	Enterococcus sp. AZ079	Bacillota	Bacteria
2774711	Enterococcus sp. DIV1368b	Bacillota	Bacteria
2774712	Enterococcus sp. DIV0294	Bacillota	Bacteria
2774718	Enterococcus sp. AZ095a	Bacillota	Bacteria
2774724	Enterococcus sp. DIV1639a	Bacillota	Bacteria
2774726	Enterococcus sp. AZ177	Bacillota	Bacteria
2774728	Enterococcus sp. AZ176	Bacillota	Bacteria
2774729	Enterococcus sp. AZ104	Bacillota	Bacteria
2774734	Enterococcus sp. DIV1067f	Bacillota	Bacteria
2774736	Enterococcus sp. DIV1368d	Bacillota	Bacteria
2774738	Enterococcus sp. AZ120	Bacillota	Bacteria
2774747	Enterococcus sp. AZ170	Bacillota	Bacteria
2774749	Enterococcus sp. DIV0180	Bacillota	Bacteria
2774758	Enterococcus sp. DIV0176	Bacillota	Bacteria
2774762	Enterococcus sp. DIV2432	Bacillota	Bacteria
2774765	Enterococcus sp. DIV2315	Bacillota	Bacteria
2774766	Enterococcus sp. AZ009	Bacillota	Bacteria
2774767	Enterococcus sp. DIV0179	Bacillota	Bacteria
2774768	Enterococcus sp. DIV0175	Bacillota	Bacteria
2774770	Enterococcus sp. DIV2447a	Bacillota	Bacteria
2774776	Enterococcus sp. DIV0181	Bacillota	Bacteria
2774779	Enterococcus sp. DIV1411a	Bacillota	Bacteria
2774785	Enterococcus sp. DIV0174	Bacillota	Bacteria
2774789	Enterococcus sp. DIV1054d	Bacillota	Bacteria
2774792	Enterococcus sp. DIV2448a	Bacillota	Bacteria
2774794	Enterococcus sp. MSG3327	Bacillota	Bacteria
2774795	Enterococcus sp. DIV2453a	Bacillota	Bacteria
2774796	Enterococcus sp. DIV0125	Bacillota	Bacteria
2774819	Enterococcus sp. DIV0236	Bacillota	Bacteria
2774832	Enterococcus sp. DIV0068	Bacillota	Bacteria
2774834	Enterococcus sp. DIV2163	Bacillota	Bacteria
2774835	Enterococcus sp. MSG3310	Bacillota	Bacteria
2774845	Enterococcus sp. DIV1224	Bacillota	Bacteria
2774846	Enterococcus sp. DIV2384	Bacillota	Bacteria
2774847	Enterococcus sp. DIV0072	Bacillota	Bacteria
2774849	Enterococcus sp. MSG4854	Bacillota	Bacteria
2774856	Enterococcus sp. DIV1072d	Bacillota	Bacteria
2774864	Enterococcus sp. DIV0183	Bacillota	Bacteria
2774873	Pseudomonas sp. ADPe	Pseudomonadota	Bacteria
2774875	Variovorax sp. 38R	Pseudomonadota	Bacteria
2774885	Enterococcus sp. AZ197	Bacillota	Bacteria
2774890	Enterococcus sp. DIV2438	Bacillota	Bacteria
2774894	Enterococcus sp. DIV1208	Bacillota	Bacteria
2774896	Enterococcus sp. DIV0320	Bacillota	Bacteria
2774900	Enterococcus sp. DIV0015	Bacillota	Bacteria
2774903	Enterococcus sp. DIV1939	Bacillota	Bacteria
2774904	Enterococcus sp. DIV0340	Bacillota	Bacteria
2774905	Enterococcus sp. DIV1217	Bacillota	Bacteria
2774906	Enterococcus sp. DIV0808	Bacillota	Bacteria
2774909	Enterococcus sp. DIV2399	Bacillota	Bacteria
2774913	Enterococcus sp. DIV0782	Bacillota	Bacteria
2774922	Enterococcus sp. DIV2387	Bacillota	Bacteria
2774923	Enterococcus sp. DIV1069	Bacillota	Bacteria
2774924	Enterococcus sp. AZ037	Bacillota	Bacteria
2774926	Enterococcus sp. MSG3299	Bacillota	Bacteria
2774928	Enterococcus sp. DIV0185	Bacillota	Bacteria
2774929	Enterococcus sp. DIV2451a	Bacillota	Bacteria
2774933	Enterococcus sp. DIV1089c	Bacillota	Bacteria
2774934	Enterococcus sp. MSG3290	Bacillota	Bacteria
2774935	Enterococcus sp. AZ035	Bacillota	Bacteria
2774939	Enterococcus sp. AZ011	Bacillota	Bacteria
2774940	Enterococcus sp. AZ119	Bacillota	Bacteria
2774944	Enterococcus sp. DIV0093	Bacillota	Bacteria
2774945	Enterococcus sp. DIV0712	Bacillota	Bacteria
2774950	Enterococcus sp. DIV2445a	Bacillota	Bacteria
2774951	Enterococcus sp. DIV1090	Bacillota	Bacteria
2774953	Enterococcus sp. DIV0207g	Bacillota	Bacteria
2774957	Enterococcus sp. DIV2473a	Bacillota	Bacteria
2774959	Enterococcus sp. DIV1316a	Bacillota	Bacteria
2774963	Enterococcus sp. AZ175	Bacillota	Bacteria
2774964	Enterococcus sp. DIV1202	Bacillota	Bacteria
2774966	Enterococcus sp. DIV0197b	Bacillota	Bacteria
2774969	Enterococcus sp. DIV0908	Bacillota	Bacteria
2774974	Enterococcus sp. MSG3331	Bacillota	Bacteria
2774977	Enterococcus sp. MSG3330	Bacillota	Bacteria
2774980	Enterococcus sp. AZ122	Bacillota	Bacteria
2774982	Enterococcus sp. DIV2314	Bacillota	Bacteria
2774985	Enterococcus sp. DIV2471a	Bacillota	Bacteria
2774986	Enterococcus sp. DIV0165	Bacillota	Bacteria
2774988	Enterococcus sp. DIV2460a	Bacillota	Bacteria
2774989	Enterococcus sp. DIV0774	Bacillota	Bacteria
2774990	Enterococcus sp. DIV0114	Bacillota	Bacteria
2774992	Enterococcus sp. DIV0779	Bacillota	Bacteria
2774993	Enterococcus sp. DIV1307a	Bacillota	Bacteria
2774996	Enterococcus sp. DIV1328a	Bacillota	Bacteria
2775001	Enterococcus sp. DIV0840	Bacillota	Bacteria
2775004	Enterococcus sp. AZ165	Bacillota	Bacteria
2775008	Enterococcus sp. AZ047	Bacillota	Bacteria
2775010	Enterococcus sp. AZ190	Bacillota	Bacteria
2775012	Enterococcus sp. DIV0167	Bacillota	Bacteria
2775016	Enterococcus sp. DIV0561	Bacillota	Bacteria
2775020	Enterococcus sp. DIV0836a	Bacillota	Bacteria
2775159	Xanthomonas hydrangeae	Pseudomonadota	Bacteria
2775245	Shewanella sp. ENK2	Pseudomonadota	Bacteria
2775246	Flavobacterium sp. CS20	Bacteroidota	Bacteria
2775403	Rhizobium sp. TH2	Pseudomonadota	Bacteria
2775498	Metallosphaera javensis (ex Sakai et al. 2022)	Thermoproteota	Archaea
2775920	Stenotrophomonas sp. CW117	Pseudomonadota	Bacteria
2776703	Xanthomonas sp. WG16	Pseudomonadota	Bacteria
2777185	Pontibacillus sp. ALD_SL1	Bacillota	Bacteria
2777186	Psychroflexus sp. ALD_RP9	Bacteroidota	Bacteria
2777367	Pseudomonas sp. OST1909	Pseudomonadota	Bacteria
2777475	Mesorhizobium sp. J8	Pseudomonadota	Bacteria
2777556	Brevibacterium sp. SMBL_HHYL_HB1	Actinomycetota	Bacteria
2777945	Acinetobacter sp. Res13-Abat-PEC04-P4b-01	Pseudomonadota	Bacteria
2777946	Acinetobacter sp. Res13-Abat-PEC06-P4-01	Pseudomonadota	Bacteria
2777947	Acinetobacter sp. Res13-Abat-PEC07-P2-02	Pseudomonadota	Bacteria
2777949	Acinetobacter sp. Res13-Abat-PEC09-P3-02	Pseudomonadota	Bacteria
2777950	Acinetobacter sp. Res13-Abat-PEC10-P4-01	Pseudomonadota	Bacteria
2777951	Acinetobacter sp. Res13-Abat-PEC12-P3-01	Pseudomonadota	Bacteria
2777952	Acinetobacter sp. Res13-Abat-PEC12-P5-02	Pseudomonadota	Bacteria
2777954	Acinetobacter sp. Res13-Abat-PEC14-P4-01	Pseudomonadota	Bacteria
2777956	Acinetobacter sp. Res13-Abat-PEC15-P5-02	Pseudomonadota	Bacteria
2777957	Citrobacter sp. Res13-Lact-LER2-35-b	Pseudomonadota	Bacteria
2777962	Enterobacter sp. Res13-Sevr-PEC09-36	Pseudomonadota	Bacteria
2777963	Enterobacter sp. Res13-Sevr-PEC09-46	Pseudomonadota	Bacteria
2777983	Paenibacillus sp. JNUCC31	Bacillota	Bacteria
2777984	Paenibacillus sp. JNUCC32	Bacillota	Bacteria
2778051	Aeromonas sp. FDAARGOS 1402	Pseudomonadota	Bacteria
2778052	Aeromonas sp. FDAARGOS 1403	Pseudomonadota	Bacteria
2778053	Aeromonas sp. FDAARGOS 1404	Pseudomonadota	Bacteria
2778054	Aeromonas sp. FDAARGOS 1405	Pseudomonadota	Bacteria
2778055	Aeromonas sp. FDAARGOS 1406	Pseudomonadota	Bacteria
2778056	Aeromonas sp. FDAARGOS 1407	Pseudomonadota	Bacteria
2778057	Aeromonas sp. FDAARGOS 1408	Pseudomonadota	Bacteria
2778058	Aeromonas sp. FDAARGOS 1409	Pseudomonadota	Bacteria
2778059	Aeromonas sp. FDAARGOS 1410	Pseudomonadota	Bacteria
2778060	Aeromonas sp. FDAARGOS 1411	Pseudomonadota	Bacteria
2778063	Aeromonas sp. FDAARGOS 1414	Pseudomonadota	Bacteria
2778064	Aeromonas sp. FDAARGOS 1415	Pseudomonadota	Bacteria
2778065	Aeromonas sp. FDAARGOS 1416	Pseudomonadota	Bacteria
2778066	Aeromonas sp. FDAARGOS 1417	Pseudomonadota	Bacteria
2778067	Aeromonas sp. FDAARGOS 1418	Pseudomonadota	Bacteria
2778068	Aeromonas sp. FDAARGOS 1419	Pseudomonadota	Bacteria
2778070	Amycolatopsis sp. FDAARGOS 1241	Actinomycetota	Bacteria
2778077	Chryseobacterium sp. FDAARGOS 1104	Bacteroidota	Bacteria
2778078	Corynebacterium sp. FDAARGOS 1242	Actinomycetota	Bacteria
2778082	Rhodanobacter sp. FDAARGOS 1247	Pseudomonadota	Bacteria
2778370	Peribacillus sp. JNUCC41	Bacillota	Bacteria
2778902	Mucilaginibacter sp. 21P	Bacteroidota	Bacteria
2778916	Halomicrobium sp. IBSBa	Methanobacteriota	Archaea
2778948	Halomonas bluephagenesis	Pseudomonadota	Bacteria
2779359	Zunongwangia sp. SCSIO 43204	Bacteroidota	Bacteria
2779360	Marixanthomonas sp. SCSIO 43207	Bacteroidota	Bacteria
2779361	Erythrobacter sp. SCSIO 43205	Pseudomonadota	Bacteria
2779362	Mesoflavibacter sp. SCSIO 43206	Bacteroidota	Bacteria
2779363	Vibrio sp. SCSIO 43132	Pseudomonadota	Bacteria
2779445	Clostridium sp. 'deep sea'	Bacillota	Bacteria
2779671	Streptomyces sp. EAS-AB2608	Actinomycetota	Bacteria
2780074	Novosphingobium sp. ES2-1	Pseudomonadota	Bacteria
2780077	Moraxella sp. K1664	Pseudomonadota	Bacteria
2780085	Salmonella sp. D5-9891	Pseudomonadota	Bacteria
2781021	Lysobacter sp. H21R4	Pseudomonadota	Bacteria
2781024	Lysobacter sp. H23M47	Pseudomonadota	Bacteria
2781734	Streptomyces sp. A2-16	Actinomycetota	Bacteria
2781735	Saccharothrix sp. 6-C	Actinomycetota	Bacteria
2781899	Lichenicoccus sp.	Pseudomonadota	Bacteria
2781952	Citrobacter sp. BDA59-3	Pseudomonadota	Bacteria
2781961	Echinicola sp. 20G	Bacteroidota	Bacteria
2781976	Acinetobacter sp. Ac-14	Pseudomonadota	Bacteria
2781978	Leifsonia sp. ZF2019	Actinomycetota	Bacteria
2782004	Streptomyces sp. XC 2026	Actinomycetota	Bacteria
2782013	Streptomyces sp. A10(2020)	Actinomycetota	Bacteria
2782213	Synechocystis sp. PCC 7339	Cyanobacteriota	Bacteria
2782537	Pseudoxanthomonas beigongshangi	Pseudomonadota	Bacteria
2782567	Paenarthrobacter sp. GOM3	Actinomycetota	Bacteria
2782609	Bradyrhizobium sp. 131	Pseudomonadota	Bacteria
2782629	Bradyrhizobium sp. 155	Pseudomonadota	Bacteria
2782641	Bradyrhizobium sp. 170	Pseudomonadota	Bacteria
2782643	Bradyrhizobium sp. 172	Pseudomonadota	Bacteria
2782652	Bradyrhizobium sp. 183	Pseudomonadota	Bacteria
2782653	Bradyrhizobium sp. 184	Pseudomonadota	Bacteria
2782654	Bradyrhizobium sp. 186	Pseudomonadota	Bacteria
2782655	Bradyrhizobium sp. 187	Pseudomonadota	Bacteria
2782659	Bradyrhizobium sp. 191	Pseudomonadota	Bacteria
2782660	Bradyrhizobium sp. 192	Pseudomonadota	Bacteria
2782662	Bradyrhizobium sp. 195	Pseudomonadota	Bacteria
2782665	Bradyrhizobium sp. 200	Pseudomonadota	Bacteria
2782674	Bradyrhizobium sp. 40	Pseudomonadota	Bacteria
2782678	Bradyrhizobium sp. 4	Pseudomonadota	Bacteria
2782686	Bradyrhizobium sp. CW1	Pseudomonadota	Bacteria
2785056	Rhizobium sp. 007	Pseudomonadota	Bacteria
2785123	Vibrio sp. ED002	Pseudomonadota	Bacteria
2785124	Vibrio sp. ED004	Pseudomonadota	Bacteria
2785295	Acinetobacter sp. SK-43	Pseudomonadota	Bacteria
2785531	Bacteroides sp. HF-162	Bacteroidota	Bacteria
2785630	Serratia sp. CMO1	Pseudomonadota	Bacteria
2785746	Vibrio sp. VB16	Pseudomonadota	Bacteria
2785785	Methylomonas sp. LL1	Pseudomonadota	Bacteria
2785908	Thalassospira sp. A40-3	Pseudomonadota	Bacteria
2785909	Halomonas sp. A40-4	Pseudomonadota	Bacteria
2785910	Pseudoalteromonas sp. A41-2	Pseudomonadota	Bacteria
2785911	Thalassospira sp. B30-1	Pseudomonadota	Bacteria
2785912	Sulfitobacter sp. B30-2	Pseudomonadota	Bacteria
2785913	Alteromonas sp. B31-7	Pseudomonadota	Bacteria
2787629	Pantoea sp. SM3640	Pseudomonadota	Bacteria
2787706	Klebsiella sp. BDA134-6	Pseudomonadota	Bacteria
2789208	Bacillus sp. N447-1	Bacillota	Bacteria
2789210	Bacillus sp. A1(2020)	Bacillota	Bacteria
2789216	Labrys sp. KNU-23	Pseudomonadota	Bacteria
2789327	Sphingobium sp. Cam5-1	Pseudomonadota	Bacteria
2789424	Actinomyces sp. HMT897	Actinomycetota	Bacteria
2789425	Actinomyces sp. HMT 175	Actinomycetota	Bacteria
2789739	Rhodococcus sp. USK10	Actinomycetota	Bacteria
2789857	Synechococcus sp. CBW1107	Cyanobacteriota	Bacteria
2790029	Halomicrobium sp. ZPS1	Methanobacteriota	Archaea
2791982	Providencia sp. 2.29	Pseudomonadota	Bacteria
2791991	Streptomyces sp. MUM 178J	Actinomycetota	Bacteria
2792084	Spiroplasma endosymbiont of 'Nebria riversi'	Mycoplasmatota	Bacteria
2792224	Diaphorobacter sp. JS3051	Pseudomonadota	Bacteria
2792479	Lysinibacillus sp. JNUCC 51	Bacillota	Bacteria
2792480	Lysinibacillus sp. JNUCC-52	Bacillota	Bacteria
2793009	Nonlabens sp. SCSIO 43208	Bacteroidota	Bacteria
2793010	Ruegeria sp. SCSIO 43209	Pseudomonadota	Bacteria
2793103	Pseudomonas sp. IAC-BECa141	Pseudomonadota	Bacteria
2794089	Schaalia sp. 19OD2882	Actinomycetota	Bacteria
2794574	Candidatus Symbiopectobacterium sp. 'North America'	Pseudomonadota	Bacteria
2795000	Maridesulfovibrio sp.	Thermodesulfobacteriota	Bacteria
2795031	Rhodococcus sp. P-2	Actinomycetota	Bacteria
2795216	Rhizobium sp. AB2/73	Pseudomonadota	Bacteria
2795383	Nitrosopumilus sp. K4	Nitrososphaerota	Archaea
2795488	Curtobacterium sp. YC1	Actinomycetota	Bacteria
2795687	Thiohalobacter sp. COW1	Pseudomonadota	Bacteria
2795688	Alteromonas sp. KC3	Pseudomonadota	Bacteria
2795689	Alteromonas sp. KC14	Pseudomonadota	Bacteria
2795690	Kaistia sp. 32K	Pseudomonadota	Bacteria
2795724	Pseudomonas sp. MPFS	Pseudomonadota	Bacteria
2795738	Sphingobacterium sp. UDSM-2020	Bacteroidota	Bacteria
2796139	Methylacidimicrobium sp. B4	Verrucomicrobiota	Bacteria
2796140	Elizabethkingia sp. M8	Bacteroidota	Bacteria
2796141	Bacillus sp. HNR-4	Bacillota	Bacteria
2796143	Alicyclobacillus sp. ALC3	Bacillota	Bacteria
2796169	Lysinibacillus sp. C5.1	Bacillota	Bacteria
2796922	Microbacterium sp. SW12	Actinomycetota	Bacteria
2796927	Gelria sp. Kuro-4	Bacillota	Bacteria
2797167	Streptomyces sp. HSG2	Actinomycetota	Bacteria
2798724	Croceicoccus sp. YJ47	Pseudomonadota	Bacteria
2798729	Enterobacter cloacae complex sp. AR_0002	Pseudomonadota	Bacteria
2798861	Acinetobacter sp. CS-2	Pseudomonadota	Bacteria
2799184	Pseudomonas sp. Eqa60	Pseudomonadota	Bacteria
2799185	Pseudomonas sp. Van50	Pseudomonadota	Bacteria
2799186	Pseudomonas sp. Tof1	Pseudomonadota	Bacteria
2799325	Luteimonas sp. MC1572	Pseudomonadota	Bacteria
2799326	Luteimonas sp. MC1750	Pseudomonadota	Bacteria
2799495	Klebsiella sp. XY-1	Pseudomonadota	Bacteria
2799564	Pseudoalteromonas sp. LC2018020214	Pseudomonadota	Bacteria
2799680	Staphylococcus sp. 11-B-312	Bacillota	Bacteria
2799681	Staphylococcus sp. T93	Bacillota	Bacteria
2800128	Carnobacterium sp. CS13	Bacillota	Bacteria
2801029	Streptomyces sp. CA-210063	Actinomycetota	Bacteria
2801030	Streptomyces sp. DSM 40750	Actinomycetota	Bacteria
2801033	Streptomyces sp. CA-256286	Actinomycetota	Bacteria
2801918	Mycoplasma sp. E35C	Mycoplasmatota	Bacteria
2802577	Vibrio sp. SCSIO 43133	Pseudomonadota	Bacteria
2802641	Kutzneria sp. CA-103260	Actinomycetota	Bacteria
2802971	Luteitalea sp. TBR-22	Acidobacteriota	Bacteria
2803751	Leptolyngbya sp. Cla-17	Cyanobacteriota	Bacteria
2803864	Shewanella sp. KX20019	Pseudomonadota	Bacteria
2804529	Lichenicola sp.	Pseudomonadota	Bacteria
2804617	Sphingomonas sp. LHG3406-1	Pseudomonadota	Bacteria
2804758	Curtobacterium sp. 24E2	Actinomycetota	Bacteria
2804761	Pseudomonas sp. 15A4	Pseudomonadota	Bacteria
2806008	Shewanella sp. LZH-2	Pseudomonadota	Bacteria
2806262	Hydrogenophaga sp. YM1	Pseudomonadota	Bacteria
2806263	Paludibacterium sp. B53371	Pseudomonadota	Bacteria
2806346	Rhizobium sp. SL42	Pseudomonadota	Bacteria
2806347	Hydrogenophaga sp. SL48	Pseudomonadota	Bacteria
2806348	Devosia sp. SL43	Pseudomonadota	Bacteria
2806442	Rhodococcus sp. USK13	Actinomycetota	Bacteria
2806443	Turicibacter sp. TJ11	Bacillota	Bacteria
2806551	Polaribacter sp. Q13	Bacteroidota	Bacteria
2806552	Bulleidia sp. zg-1006	Bacillota	Bacteria
2806609	Candidatus Gromoviella agglomerans	Pseudomonadota	Bacteria
2806614	Pseudomonas sp. JZ114	Pseudomonadota	Bacteria
2806615	Pseudomonas sp. JZ134	Pseudomonadota	Bacteria
2806989	Metabacillus sp. cB07	Bacillota	Bacteria
2807101	Microvirga sp. VF16	Pseudomonadota	Bacteria
2807620	Pseudomonas sp. MIL9	Pseudomonadota	Bacteria
2807624	Staphylococcus sp. SM9054	Bacillota	Bacteria
2807625	Staphylococcus sp. SM3655	Bacillota	Bacteria
2807626	Glaciimonas sp. PAMC28666	Pseudomonadota	Bacteria
2807631	Citrobacter sp. B72	Pseudomonadota	Bacteria
2809036	Bacillus sp. LJBS06	Bacillota	Bacteria
2809708	Microbacterium sp. EF45047	Actinomycetota	Bacteria
2810070	Acinetobacter sp. Colony158	Pseudomonadota	Bacteria
2810196	Pseudoalteromonas sp. JC3	Pseudomonadota	Bacteria
2810348	Mycoplasma sp. SG1	Mycoplasmatota	Bacteria
2810479	symbiont of Argiope bruennichi	Mycoplasmatota	Bacteria
2810513	Agrococcus sp. Marseille-Q4369	Actinomycetota	Bacteria
2810514	Sporosarcina sp. Marseille-Q4063	Bacillota	Bacteria
2810516	Rothia sp. ZJ932	Actinomycetota	Bacteria
2810537	Halobacterium sp. BOL4-2	Methanobacteriota	Archaea
2811227	Halomonas sp. BM-2019	Pseudomonadota	Bacteria
2811422	Pseudomonas sp. PDNC002	Pseudomonadota	Bacteria
2811423	Ensifer sp. PDNC004	Pseudomonadota	Bacteria
2811424	Gordonia sp. PDNC005	Actinomycetota	Bacteria
2811425	Variovorax sp. PDNC026	Pseudomonadota	Bacteria
2811482	Thermoleptolyngbya sp. PKUAC-SCTB121	Cyanobacteriota	Bacteria
2811788	Burkholderia sp. MS455	Pseudomonadota	Bacteria
2811789	Burkholderia sp. MS389	Pseudomonadota	Bacteria
2812551	Halobacterium sp. GSL-19	Methanobacteriota	Archaea
2812560	Conexibacter sp. SYSU D00693	Actinomycetota	Bacteria
2812647	Methylomonas sp. EFPC1	Pseudomonadota	Bacteria
2812648	Methylococcus sp. EFPC2	Pseudomonadota	Bacteria
2812759	Bacillus sp. PDNC022	Bacillota	Bacteria
2812863	Rhodococcus sp. PSBB049	Actinomycetota	Bacteria
2812864	Rhodococcus sp. PSBB066	Actinomycetota	Bacteria
2812896	Leptolyngbya sp. 7M	Cyanobacteriota	Bacteria
2813577	Myxococcus landrumensis	Myxococcota	Bacteria
2813673	Thermosynechococcus sp. TA-1	Cyanobacteriota	Bacteria
2813744	Leucobacter sp. CX169	Actinomycetota	Bacteria
2813777	Staphylococcus sp. SB1-57	Bacillota	Bacteria
2813779	Methylobacterium sp. OT2	Pseudomonadota	Bacteria
2813780	Alcaligenes sp. SORT26	Pseudomonadota	Bacteria
2813827	Paenirhizobium cremeum	Pseudomonadota	Bacteria
2813842	Pseudomonas sp. SORT22	Pseudomonadota	Bacteria
2813843	Burkholderia sp. LAS2	Pseudomonadota	Bacteria
2814275	Thermosynechococcus sp.	Cyanobacteriota	Bacteria
2814653	Caballeronia sp. M1242	Pseudomonadota	Bacteria
2815167	Pseudophaeobacter sp. TrK17	Pseudomonadota	Bacteria
2815206	Klebsiella sp. AqSCr	Pseudomonadota	Bacteria
2815360	Rhizobium sp. X9	Pseudomonadota	Bacteria
2815361	Corynebacterium sp. CNCTC7651	Actinomycetota	Bacteria
2815909	Annamia dubia	Cyanobacteriota	Bacteria
2815936	Pseudomonas sp. PP3	Pseudomonadota	Bacteria
2816454	Aureimonas sp. OT7	Pseudomonadota	Bacteria
2816906	Pseudomonas sp. BYT-1	Pseudomonadota	Bacteria
2816908	Sedimentibacter sp. zth1	Bacillota	Bacteria
2816909	Lactococcus sp. LG1074	Bacillota	Bacteria
2816910	Lactococcus sp. LG1267	Bacillota	Bacteria
2816911	Lactococcus sp. LG592	Bacillota	Bacteria
2816912	Lactococcus sp. LG606	Bacillota	Bacteria
2816951	Salmonella sp. SAL-045	Pseudomonadota	Bacteria
2816952	Salmonella sp. SAL-007	Pseudomonadota	Bacteria
2816953	Salmonella sp. SAL-020	Pseudomonadota	Bacteria
2817385	Vibrio sp. ABG19	Pseudomonadota	Bacteria
2817386	Pseudomonas sp. D1-2	Pseudomonadota	Bacteria
2817387	Pseudomonas sp. D1-36	Pseudomonadota	Bacteria
2817390	Pseudomonas sp. D2-30	Pseudomonadota	Bacteria
2817392	Pseudomonas sp. D3-10	Pseudomonadota	Bacteria
2817393	Pseudomonas sp. D3-27	Pseudomonadota	Bacteria
2817394	Pseudomonas sp. D4-10	Pseudomonadota	Bacteria
2817395	Pseudomonas sp. D4-18	Pseudomonadota	Bacteria
2817396	Pseudomonas sp. D4-21	Pseudomonadota	Bacteria
2817397	Pseudomonas sp. R1-6	Pseudomonadota	Bacteria
2817398	Pseudomonas sp. R1-7	Pseudomonadota	Bacteria
2817399	Pseudomonas sp. R1-15	Pseudomonadota	Bacteria
2817401	Pseudomonas sp. R3-56	Pseudomonadota	Bacteria
2817402	Pseudomonas sp. R3-57	Pseudomonadota	Bacteria
2817404	Pseudomonas sp. R4-75	Pseudomonadota	Bacteria
2817405	Pseudomonas sp. R4-79	Pseudomonadota	Bacteria
2817406	Pseudomonas sp. R4-83	Pseudomonadota	Bacteria
2817407	Pseudomonas sp. Z1-6	Pseudomonadota	Bacteria
2817408	Pseudomonas sp. Z1-12	Pseudomonadota	Bacteria
2817409	Pseudomonas sp. Z1-14	Pseudomonadota	Bacteria
2817410	Pseudomonas sp. Z1-29	Pseudomonadota	Bacteria
2817411	Pseudomonas sp. Z3-6	Pseudomonadota	Bacteria
2817412	Pseudomonas sp. Z3-8	Pseudomonadota	Bacteria
2817413	Pseudomonas sp. Z4-7	Pseudomonadota	Bacteria
2817414	Pseudomonas sp. Z4-20	Pseudomonadota	Bacteria
2817415	Pseudomonas sp. Z5-35	Pseudomonadota	Bacteria
2817416	Pseudomonas sp. Z6-14	Pseudomonadota	Bacteria
2817417	Pseudomonas sp. Z6-20	Pseudomonadota	Bacteria
2817656	Marinobacter sp. CA1	Pseudomonadota	Bacteria
2817969	Gilliamella sp. B3022	Pseudomonadota	Bacteria
2818390	Sporosarcina sp. Te-1	Bacillota	Bacteria
2819092	Rhodococcus sp. NFXS4	Actinomycetota	Bacteria
2819096	Vibrio sp. SCSIO 43135	Pseudomonadota	Bacteria
2819097	Vibrio sp. SCSIO 43145	Pseudomonadota	Bacteria
2819098	Vibrio sp. SCSIO 43153	Pseudomonadota	Bacteria
2819099	Vibrio sp. SCSIO 43155	Pseudomonadota	Bacteria
2819100	Vibrio sp. SCSIO 43140	Pseudomonadota	Bacteria
2819101	Vibrio sp. SCSIO 43136	Pseudomonadota	Bacteria
2819102	Vibrio sp. SCSIO 43139	Pseudomonadota	Bacteria
2819103	Vibrio sp. SCSIO 43009	Pseudomonadota	Bacteria
2819104	Vibrio sp. SCSIO 43097	Pseudomonadota	Bacteria
2819286	Luteolibacter sp. LG18	Verrucomicrobiota	Bacteria
2819993	Rhizobium sp. B21/90	Pseudomonadota	Bacteria
2819994	Rhizobium sp. B230/85	Pseudomonadota	Bacteria
2819996	Rhizobium sp. K15/93	Pseudomonadota	Bacteria
2819997	Rhizobium sp. K1/93	Pseudomonadota	Bacteria
2819999	Rhizobium sp. L51/94	Pseudomonadota	Bacteria
2820002	Agrobacterium sp. S7/73	Pseudomonadota	Bacteria
2820270	Candidatus Kaistella beijingensis	Bacteroidota	Bacteria
2820278	Aquabacter sp. L1I39	Pseudomonadota	Bacteria
2820661	Candidatus Arcticimaribacter forsetii	Bacteroidota	Bacteria
2820808	Lysobacter sp. K5869	Pseudomonadota	Bacteria
2820817	Aggregatibacter sp. 2125159857	Pseudomonadota	Bacteria
2821140	Brucella sp. 458	Pseudomonadota	Bacteria
2821409	Bacillus sp. LJBV19	Bacillota	Bacteria
2821514	Algihabitans sp.	Pseudomonadota	Bacteria
2821536	Chloracidobacterium sp. D	Acidobacteriota	Bacteria
2821559	Pseudomonas sp. IsoF	Pseudomonadota	Bacteria
2822760	Rhodoferax sp. PAMC 29310	Pseudomonadota	Bacteria
2822761	Methylovirgula sp. HY1	Pseudomonadota	Bacteria
2822842	Pseudoalteromonas sp. SCSIO 43201	Pseudomonadota	Bacteria
2822843	Vibrio sp. SCSIO 43186	Pseudomonadota	Bacteria
2822844	Ferrimonas sp. SCSIO 43195	Pseudomonadota	Bacteria
2822845	Vibrio sp. SCSIO 43086	Pseudomonadota	Bacteria
2822846	Pseudoalteromonas sp. SCSIO 43088	Pseudomonadota	Bacteria
2822847	Pseudoalteromonas sp. SCSIO 43101	Pseudomonadota	Bacteria
2823043	Roseovarius sp. SCSIO 43702	Pseudomonadota	Bacteria
2823317	Phascolarctobacterium sp. Marseille-Q4147	Bacillota	Bacteria
2823518	Brevibacterium sp. W7.2	Actinomycetota	Bacteria
2823875	Pseudomonas sp. Tri1	Pseudomonadota	Bacteria
2823902	Candidatus Thiothrix anitrata	Pseudomonadota	Bacteria
2823904	Paenibacillus sp. S02	Bacillota	Bacteria
2823905	Paenibacillus sp. S25	Bacillota	Bacteria
2825844	Streptomyces sp. Go40/10	Actinomycetota	Bacteria
2825845	Chryseobacterium sp. PCH239	Bacteroidota	Bacteria
2825975	Pseudomonas sp. SCA2728.1_7	Pseudomonadota	Bacteria
2826993	Aureimonas sp. SA4125	Pseudomonadota	Bacteria
2827233	Pasteurella atlantica	Pseudomonadota	Bacteria
2828286	Streptococcus sp. 11-4097	Bacillota	Bacteria
2828340	Croceimicrobium sp.	Bacteroidota	Bacteria
2828763	Providencia sp. R33	Pseudomonadota	Bacteria
2828862	Arthrobacter sp. Helios	Actinomycetota	Bacteria
2829187	Psychrobacillus sp. INOP01	Bacillota	Bacteria
2829498	Pseudomonas sp. JS425	Pseudomonadota	Bacteria
2829500	Erythrobacter sp. JK5	Pseudomonadota	Bacteria
2829502	Photobacterium sp. GJ3	Pseudomonadota	Bacteria
2829569	Bacterioplanoides sp. SCSIO 12839	Pseudomonadota	Bacteria
2829596	Kordiimonas sp. SCSIO 12603	Pseudomonadota	Bacteria
2829597	Kordiimonas sp. SCSIO 12610	Pseudomonadota	Bacteria
2829816	Exiguobacterium sp. PFWT01	Bacillota	Bacteria
2829835	Klebsiella sp. P1954	Pseudomonadota	Bacteria
2829836	Klebsiella sp. P1927	Pseudomonadota	Bacteria
2830667	Sphingopyxis sp. USTB-05	Pseudomonadota	Bacteria
2830843	Austwickia sp. TVS 96-490-7B	Actinomycetota	Bacteria
2830983	Arthrobacter sp. NtRootA1	Actinomycetota	Bacteria
2830990	Arthrobacter sp. StoSoilA2	Actinomycetota	Bacteria
2830992	Arthrobacter sp. StoSoilB5	Actinomycetota	Bacteria
2830993	Arthrobacter sp. StoSoilB13	Actinomycetota	Bacteria
2830994	Arthrobacter sp. StoSoilB19	Actinomycetota	Bacteria
2830995	Arthrobacter sp. StoSoilB20	Actinomycetota	Bacteria
2830996	Arthrobacter sp. StoSoilB22	Actinomycetota	Bacteria
2830997	Arthrobacter sp. NicSoilB4	Actinomycetota	Bacteria
2830998	Arthrobacter sp. NicSoilB8	Actinomycetota	Bacteria
2830999	Arthrobacter sp. NicSoilB11	Actinomycetota	Bacteria
2831000	Arthrobacter sp. NicSoilC5	Actinomycetota	Bacteria
2831149	Streptomyces sp. V17-9	Actinomycetota	Bacteria
2831519	Bacillus sp. FS02	Bacillota	Bacteria
2831780	Bradyrhizobium sp. sBnM-33	Pseudomonadota	Bacteria
2831890	Enterobacter sp. JBIWA003	Pseudomonadota	Bacteria
2831891	Enterobacter sp. JBIWA005	Pseudomonadota	Bacteria
2831892	Enterobacter sp. JBIWA008	Pseudomonadota	Bacteria
2831893	Serratia sp. JSRIV001	Pseudomonadota	Bacteria
2831894	Serratia sp. JSRIV002	Pseudomonadota	Bacteria
2831895	Serratia sp. JSRIV004	Pseudomonadota	Bacteria
2831896	Serratia sp. JSRIV006	Pseudomonadota	Bacteria
2831966	Ruminococcus sp. FMBCY1	Bacillota	Bacteria
2831967	Myxococcus sp. SDU36	Myxococcota	Bacteria
2832500	Halomonas sp. FeN2	Pseudomonadota	Bacteria
2833628	Streptomyces sp. MST-110588	Actinomycetota	Bacteria
2833771	Salmonella sp. SJTUF14523	Pseudomonadota	Bacteria
2833772	Salmonella sp. SJTUF15034	Pseudomonadota	Bacteria
2834406	Pseudomonas sp. RC3H12	Pseudomonadota	Bacteria
2834819	Klebsiella sp. A52	Pseudomonadota	Bacteria
2835531	Streptomyces sp. EMB24	Actinomycetota	Bacteria
2835648	Hymenobacter sp. BT18	Bacteroidota	Bacteria
2835869	Paenibacillus sp. 481	Bacillota	Bacteria
2836161	Enterobacter sp. SGAir0187	Pseudomonadota	Bacteria
2836181	Acinetobacter sp. BHS4	Pseudomonadota	Bacteria
2836364	Staphylococcus sp. MZ3	Bacillota	Bacteria
2836365	Staphylococcus sp. MZ7	Bacillota	Bacteria
2836366	Staphylococcus sp. MZ8	Bacillota	Bacteria
2836367	Staphylococcus sp. MZ9	Bacillota	Bacteria
2836368	Enterococcus sp. E1123	Bacillota	Bacteria
2836369	Staphylococcus sp. MZ1	Bacillota	Bacteria
2836373	Actinoplanes sp. L3-i22	Actinomycetota	Bacteria
2836432	Halorubrum sp. 2020YC2	Methanobacteriota	Archaea
2837624	Sphingomonas sp. Xoc002	Pseudomonadota	Bacteria
2837955	Brucella amazoniensis	Pseudomonadota	Bacteria
2837956	Streptomyces sp. FIT100	Actinomycetota	Bacteria
2838237	Leptospira sp. severe_002	Spirochaetota	Bacteria
2838238	Leptospira sp. mild_001	Spirochaetota	Bacteria
2838470	Candidatus Bacteroides intestinigallinarum	Bacteroidota	Bacteria
2838528	Candidatus Corynebacterium faecigallinarum	Actinomycetota	Bacteria
2838850	Streptomyces sp. 135	Actinomycetota	Bacteria
2838877	Chryseobacterium sp. ZHDP1	Bacteroidota	Bacteria
2839024	Methylobacter sp. S3L5C	Pseudomonadota	Bacteria
2839623	Arthrobacter sp. K5	Actinomycetota	Bacteria
2839744	Pseudoalteromonas sp. SiA1	Pseudomonadota	Bacteria
2839983	Cupriavidus sp. EM10	Pseudomonadota	Bacteria
2840180	Campylobacter sp. 19-13652	Campylobacterota	Bacteria
2840371	Gemella sp. zg-570	Bacillota	Bacteria
2840373	Streptomyces sp. YPW6	Actinomycetota	Bacteria
2840456	Ochrobactrum sp. BTU1	Pseudomonadota	Bacteria
2840457	Nocardioides sp. LMS-CY	Actinomycetota	Bacteria
2840467	Mycoavidus sp. HKI	Pseudomonadota	Bacteria
2840468	Asticcacaulis sp. AND118	Pseudomonadota	Bacteria
2840860	Candidatus Limousia pullorum	Bacillota	Bacteria
2841063	Pseudomonas sp. SK2	Pseudomonadota	Bacteria
2841064	Pseudomonas sp. SK3(2021)	Pseudomonadota	Bacteria
2841264	Candidatus Minimicrobia vallesae	Candidatus Saccharimonadota	Bacteria
2841518	Christensenella sp. MSJ-20	Bacillota	Bacteria
2841528	Eubacterium sp. MSJ-33	Bacillota	Bacteria
2841656	Bacillus sp. ZHX3	Bacillota	Bacteria
2841662	Streptomyces sp. G11C(2021)	Actinomycetota	Bacteria
2842457	Bacillus sp. JNUCC-22	Bacillota	Bacteria
2842458	Bacillus sp. JNUCC-24	Bacillota	Bacteria
2843195	Bordetella sp. LUAb4	Pseudomonadota	Bacteria
2843318	Clostridium sp. CF011	Bacillota	Bacteria
2844380	Collinsella sp. zg1085	Actinomycetota	Bacteria
2844383	Pasteurella sp. XG20	Pseudomonadota	Bacteria
2845819	Flavobacterium sp. CECT 9288	Bacteroidota	Bacteria
2846775	Subtercola sp. PAMC28395	Actinomycetota	Bacteria
2846779	Bacillus sp. NP247	Bacillota	Bacteria
2847299	Bacteroides sp. DH3716P	Bacteroidota	Bacteria
2849093	Rhizobium sp. WYJ-E13	Pseudomonadota	Bacteria
2849779	Aquihabitans sp. G128	Actinomycetota	Bacteria
2849865	Clostridium sp. CM027	Bacillota	Bacteria
2850078	Enterobacter cloacae complex sp. ECL72	Pseudomonadota	Bacteria
2850441	Terribacillus sp. DMT04	Bacillota	Bacteria
2850493	Enterobacter cloacae complex sp. ECL112	Pseudomonadota	Bacteria
2850559	Pseudomonas sp. HS6	Pseudomonadota	Bacteria
2850561	Streptomyces sp. HNA39	Actinomycetota	Bacteria
2850562	Wolbachia endosymbiont of Anurida maritima	Pseudomonadota	Bacteria
2851015	Bacillus sp. 7D3	Bacillota	Bacteria
2851540	Klebsiella sp. PL-2018	Pseudomonadota	Bacteria
2851567	Modestobacter sp. L9-4	Actinomycetota	Bacteria
2851575	Clostridium sp. CM028	Bacillota	Bacteria
2851598	Pseudarthrobacter sp. L1SW	Actinomycetota	Bacteria
2853158	Acinetobacter sp. F9	Pseudomonadota	Bacteria
2853163	Comamonas sp. NLF-1-9	Pseudomonadota	Bacteria
2853257	Comamonas sp. Y33R10-2	Pseudomonadota	Bacteria
2853258	Paeniglutamicibacter sp. Y32M11	Actinomycetota	Bacteria
2853432	Allobaculum sp. Allo2	Bacillota	Bacteria
2853439	Sphingobacterium sp. E70	Bacteroidota	Bacteria
2853534	Pseudomonas sp. PD9R	Pseudomonadota	Bacteria
2854257	Halomonas sp. SS10-MC5	Pseudomonadota	Bacteria
2854260	Porphyrobacter sp. ULC335	Pseudomonadota	Bacteria
2854261	Burkholderia sp. EMB26	Pseudomonadota	Bacteria
2854796	Rhodococcus sp. 11-3	Actinomycetota	Bacteria
2855434	Pseudomonas sp. AO-1	Pseudomonadota	Bacteria
2855441	Halomonas sp. 18071143	Pseudomonadota	Bacteria
2855504	Thermosynechococcus sp. FA-CM-4201	Cyanobacteriota	Bacteria
2855688	Rahnella sp. PD12R	Pseudomonadota	Bacteria
2855836	Streptomyces sp. WY228	Actinomycetota	Bacteria
2855841	Polaribacter sp. NJDZ03	Bacteroidota	Bacteria
2856338	Bacillus sp. FDAARGOS_1420	Bacillota	Bacteria
2856522	Chryseobacterium sp. D764	Bacteroidota	Bacteria
2856523	Pedobacter sp. D749	Bacteroidota	Bacteria
2856556	Pseudomonas sp. HD6515	Pseudomonadota	Bacteria
2856608	Rickettsiella endosymbiont of Dermanyssus gallinae	Pseudomonadota	Bacteria
2856851	Rhodococcus sp. LW-XY12	Actinomycetota	Bacteria
2857058	Mycobacterium sp. SMC-2	Actinomycetota	Bacteria
2857059	Mycobacterium sp. SMC-4	Actinomycetota	Bacteria
2857060	Mycobacterium sp. SMC-8	Actinomycetota	Bacteria
2857061	Escherichia sp. TC-EC600-tetX4	Pseudomonadota	Bacteria
2859227	Bacillus sp. LJBS17	Bacillota	Bacteria
2859228	Paenibacillus sp. R14(2021)	Bacillota	Bacteria
2859229	Pectobacterium sp. PL152	Pseudomonadota	Bacteria
2860051	Blautia sp. KLE_1732_HM_1032	Bacillota	Bacteria
2860237	Glacieibacterium sp.	Pseudomonadota	Bacteria
2860258	Methylococcus sp. Mc7	Pseudomonadota	Bacteria
2860286	Achromobacter sp. ES-001	Pseudomonadota	Bacteria
2860337	Escherichia sp. TM-G17TGC	Pseudomonadota	Bacteria
2861279	Arthrobacter sp. PAMC25284	Actinomycetota	Bacteria
2861280	Microbacterium sp. PAMC21962	Actinomycetota	Bacteria
2861281	Microbacterium sp. PAMC22086	Actinomycetota	Bacteria
2861282	Massilia sp. NP310	Pseudomonadota	Bacteria
2861283	Massilia sp. PAMC28688	Pseudomonadota	Bacteria
2861284	Janthinobacterium sp. PAMC25594	Pseudomonadota	Bacteria
2861285	Brevundimonas sp. PAMC22021	Pseudomonadota	Bacteria
2861288	Cryobacterium sp. PAMC25264	Actinomycetota	Bacteria
2861750	Amycolatopsis sp. TNS106	Actinomycetota	Bacteria
2861765	Dyadobacter sp. NIV53	Bacteroidota	Bacteria
2861775	Pseudomonas sp. YeP6b	Pseudomonadota	Bacteria
2861776	Novosphingobium sp. NFX11	Pseudomonadota	Bacteria
2861782	Paraburkholderia edwinii	Pseudomonadota	Bacteria
2861799	Pseudomonas sp. Colony2	Pseudomonadota	Bacteria
2861800	Citrobacter sp. Colony475	Pseudomonadota	Bacteria
2861801	Citrobacter sp. Colony322	Pseudomonadota	Bacteria
2861802	Citrobacter sp. Colony219	Pseudomonadota	Bacteria
2862331	Polymorphobacter sp. PAMC 29334	Pseudomonadota	Bacteria
2862460	Dactylosporangium sp. AC04546	Actinomycetota	Bacteria
2862870	Salinarchaeum sp. IM2453	Methanobacteriota	Archaea
2862880	Curtobacterium sp. TC1	Actinomycetota	Bacteria
2862945	Pseudomonas sp. ArH3a	Pseudomonadota	Bacteria
2864101	Pseudomonas sp. So3.2b	Pseudomonadota	Bacteria
2864102	Pseudochrobactrum sp. Wa41.01b-1	Pseudomonadota	Bacteria
2864103	Microbacterium sp. Se5.02b	Actinomycetota	Bacteria
2864202	Shewanella sp. FJAT-52076	Pseudomonadota	Bacteria
2864210	Shewanella sp. FJAT-51649	Pseudomonadota	Bacteria
2864217	Candidatus Vallotiella sp. (ex Adelges kitamiensis)	Pseudomonadota	Bacteria
2864218	Candidatus Profftia sp. (ex Adelges kitamiensis)	Pseudomonadota	Bacteria
2865161	Escherichia sp. S10b	Pseudomonadota	Bacteria
2865672	Nocardiopsis sp. MT53	Actinomycetota	Bacteria
2865832	Amycolatopsis sp. DSM 110486	Actinomycetota	Bacteria
2865833	Pseudonocardia sp. DSM 110487	Actinomycetota	Bacteria
2865837	Mesorhizobium sp. AR02	Pseudomonadota	Bacteria
2865838	Mesorhizobium sp. AR07	Pseudomonadota	Bacteria
2865839	Mesorhizobium sp. AR10	Pseudomonadota	Bacteria
2866191	Bradyrhizobium sp. ISRA426	Pseudomonadota	Bacteria
2866192	Bradyrhizobium sp. ISRA430	Pseudomonadota	Bacteria
2866193	Bradyrhizobium sp. ISRA432	Pseudomonadota	Bacteria
2866195	Bradyrhizobium sp. ISRA436	Pseudomonadota	Bacteria
2866196	Bradyrhizobium sp. ISRA437	Pseudomonadota	Bacteria
2866198	Bradyrhizobium sp. ISRA443	Pseudomonadota	Bacteria
2866199	Bradyrhizobium sp. ISRA463	Pseudomonadota	Bacteria
2866200	Bradyrhizobium sp. ISRA464	Pseudomonadota	Bacteria
2866201	Enterobacter sp. Colony194	Pseudomonadota	Bacteria
2866278	Pseudomonas sp. S07E 245	Pseudomonadota	Bacteria
2866282	Pseudomonas sp. PS1(2021)	Pseudomonadota	Bacteria
2866311	Ruficoccus sp. ZRK36	Verrucomicrobiota	Bacteria
2866381	Halalkaliarchaeum sp. AArc-CO	Methanobacteriota	Archaea
2866382	Halanaeroarchaeum sp. HSR-CO	Methanobacteriota	Archaea
2866570	Aggregatibacter sp. Marseille-P9115	Pseudomonadota	Bacteria
2866573	Cardiobacterium sp. Marseille-Q4385	Pseudomonadota	Bacteria
2866626	Pseudomonas sp. 2hn	Pseudomonadota	Bacteria
2866627	Hydrogenibacillus sp. N12	Bacillota	Bacteria
2866628	Diaphorobacter sp. MNS-0	Pseudomonadota	Bacteria
2866715	Streptomyces sp. BHT-5-2	Actinomycetota	Bacteria
2866807	Pseudomonas sp. MM213	Pseudomonadota	Bacteria
2866808	Pseudomonas sp. MM211	Pseudomonadota	Bacteria
2866810	Paenibacillus sp. PSB04	Bacillota	Bacteria
2867004	Bacillus sp. FCW2	Bacillota	Bacteria
2867005	Mycobacterium sp. IDR2000157661	Actinomycetota	Bacteria
2867010	Aliiroseovarius sp. M344	Pseudomonadota	Bacteria
2867011	Jannaschia sp. M317	Pseudomonadota	Bacteria
2867012	Jannaschia sp. W003	Pseudomonadota	Bacteria
2867013	Leisingera sp. M523	Pseudomonadota	Bacteria
2867014	Leisingera sp. M527	Pseudomonadota	Bacteria
2867015	Leisingera sp. M658	Pseudomonadota	Bacteria
2867016	Leisingera sp. S132	Pseudomonadota	Bacteria
2867020	Ruegeria sp. B32	Pseudomonadota	Bacteria
2867021	Sulfitobacter sp. M368	Pseudomonadota	Bacteria
2867022	Sulfitobacter sp. S190	Pseudomonadota	Bacteria
2867023	Sulfitobacter sp. S223	Pseudomonadota	Bacteria
2867024	Sulfitobacter sp. W002	Pseudomonadota	Bacteria
2867025	Sulfitobacter sp. W027	Pseudomonadota	Bacteria
2867026	Sulfitobacter sp. W074	Pseudomonadota	Bacteria
2867247	Thermosulfurimonas sp. F29	Thermodesulfobacteriota	Bacteria
2867264	Pseudomonas phytophila	Pseudomonadota	Bacteria
2867408	Pseudomonas sp. 3-2	Pseudomonadota	Bacteria
2867409	Pseudomonas sp. NEEL19	Pseudomonadota	Bacteria
2867522	Wolbachia endosymbiont of Liriomyza huidobrensis	Pseudomonadota	Bacteria
2870346	Enterobacter sp. C2	Pseudomonadota	Bacteria
2870563	Methanobrevibacter sp. TLL-48-HuF1	Methanobacteriota	Archaea
2870750	Pseudomonas sp. CYM-20-01	Pseudomonadota	Bacteria
2870840	Pseudomonas sp. DR208	Pseudomonadota	Bacteria
2870860	Pseudomonas sp. DNDY-54	Pseudomonadota	Bacteria
2871095	Pseudomonas sp. DR48	Pseudomonadota	Bacteria
2871165	Flavobacterium sp. CHNK8	Bacteroidota	Bacteria
2871170	Cellulomonas sp. C5510	Actinomycetota	Bacteria
2871174	Stenotrophomonas sp. DR822	Pseudomonadota	Bacteria
2871175	Paenibacillus sp. DR312	Bacillota	Bacteria
2871487	Streptomyces sp. A144	Actinomycetota	Bacteria
2871493	Pseudomonas sp. SC3(2021)	Pseudomonadota	Bacteria
2871688	Acinetobacter sp. AS23	Pseudomonadota	Bacteria
2871694	Natrinema sp. SYSU A 869	Methanobacteriota	Archaea
2872646	Caenibius sp. WL	Pseudomonadota	Bacteria
2872754	Endozoicomonas sp. 4G	Pseudomonadota	Bacteria
2873269	Kluyvera sp. CRP	Pseudomonadota	Bacteria
2873296	Klebsiella sp. CTHL.F3a	Pseudomonadota	Bacteria
2874284	Bacillus sp. CRB-7	Bacillota	Bacteria
2874627	Salmonella sp. A7	Pseudomonadota	Bacteria
2874628	Pseudomonas sp. p1(2021b)	Pseudomonadota	Bacteria
2874846	Candidatus Methanoliparum sp. LAM-1	Methanobacteriota	Archaea
2875710	Bacillus sp. PM8313	Bacillota	Bacteria
2875729	Leucobacter sp. Psy1	Actinomycetota	Bacteria
2875948	Microbacterium sp. cx-55	Actinomycetota	Bacteria
2875961	Pseudomonas sp. E141	Pseudomonadota	Bacteria
2875962	Candidatus Sulfidibacterium hydrothermale	Bacteroidota	Bacteria
2876028	Enterobacter cloacae complex sp. ECL352	Pseudomonadota	Bacteria
2876620	Salmonella sp. A29-2	Pseudomonadota	Bacteria
2876713	Bacillus sp. 41-22	Bacillota	Bacteria
2876939	Curtobacterium sp. TXMA1	Actinomycetota	Bacteria
2877939	Vogesella sp. XCS3	Pseudomonadota	Bacteria
2878150	Caballeronia sp. Lep1P3	Pseudomonadota	Bacteria
2878151	Caballeronia sp. SL2Y3	Pseudomonadota	Bacteria
2878152	Caballeronia sp. Sq4a	Pseudomonadota	Bacteria
2878153	Caballeronia sp. TF1N1	Pseudomonadota	Bacteria
2878202	Ruminococcus sp. FMB-CY1	Bacillota	Bacteria
2878255	Cyanobacterium sp. DS4	Cyanobacteriota	Bacteria
2878390	Sulfurimonas sp. SWIR-19	Campylobacterota	Bacteria
2878542	Sphingobium sp. CFD-2	Pseudomonadota	Bacteria
2878545	Sphingobium sp. CFD-1	Pseudomonadota	Bacteria
2878546	Salmonella sp. A39	Pseudomonadota	Bacteria
2878678	Gordonia sp. WA4-43	Actinomycetota	Bacteria
2878680	Natrinema sp. DC36	Methanobacteriota	Archaea
2878915	Paenibacillus sp. YPG26	Bacillota	Bacteria
2879107	Lactobacillus sp. IBH004	Bacillota	Bacteria
2879113	Salmonella sp. JXY0409-18	Pseudomonadota	Bacteria
2879114	Pseudomonas sp. HS-18	Pseudomonadota	Bacteria
2879116	Pseudochrobactrum sp. XF203	Pseudomonadota	Bacteria
2879117	Aequorivita sp. F7	Bacteroidota	Bacteria
2879149	Lactococcus sp. NH2-7C	Bacillota	Bacteria
2879427	Streptomyces sp. WA6-1-16	Actinomycetota	Bacteria
2879617	Arthrobacter sp. FW305-BF8	Actinomycetota	Bacteria
2879618	Arthrobacter sp. FW306-2-2C-D06B	Actinomycetota	Bacteria
2879619	Arthrobacter sp. FW306-04-A	Actinomycetota	Bacteria
2879620	Arthrobacter sp. FW306-05-C	Actinomycetota	Bacteria
2879621	Arthrobacter sp. FW306-06-A	Actinomycetota	Bacteria
2879622	Arthrobacter sp. FW306-07-I	Actinomycetota	Bacteria
2879938	Chryseobacterium sp. MEBOG06	Bacteroidota	Bacteria
2879939	Chryseobacterium sp. MEBOG07	Bacteroidota	Bacteria
2880218	Paraburkholderia sp. D15	Pseudomonadota	Bacteria
2880221	Mesobacillus sp. S13	Bacillota	Bacteria
2880932	Lichenihabitans sp. PAMC28606	Pseudomonadota	Bacteria
2880934	Mesorhizobium sp. PAMC28654	Pseudomonadota	Bacteria
2881056	Demequina sp. TMPB413	Actinomycetota	Bacteria
2883075	Vibrio sp. LQ2	Pseudomonadota	Bacteria
2883100	Pseudosulfitobacter sp. DSM 107133	Pseudomonadota	Bacteria
2883106	Halomonas sp. NyZ770	Pseudomonadota	Bacteria
2883107	Proteus sp. NMG38-2	Pseudomonadota	Bacteria
2883127	Sulfitobacter sp. DSM 110093	Pseudomonadota	Bacteria
2883205	Pseudomonas sp. L5B5	Pseudomonadota	Bacteria
2883236	Wolbachia endosymbiont of Psylliodes chrysocephala	Pseudomonadota	Bacteria
2883238	Wolbachia endosymbiont of Chironomus riparius	Pseudomonadota	Bacteria
2884220	Streptomyces sp. WA1-19	Actinomycetota	Bacteria
2884264	Nocardioides sp. Kera G14	Actinomycetota	Bacteria
2884455	Cupriavidus sp. MP-37	Pseudomonadota	Bacteria
2884805	Pseudomonas sp. HN2	Pseudomonadota	Bacteria
2884834	Bacillus sp. CMF12	Bacillota	Bacteria
2885078	Rhodococcus sp. RDE2	Actinomycetota	Bacteria
2885633	Flavobacterium sp. N1719	Bacteroidota	Bacteria
2885764	Globicatella sp. PHS-GS-PNBC-21-1553	Bacillota	Bacteria
2886040	Acidianus sp. HS-5	Thermoproteota	Archaea
2886044	Brucella sp. JSBI001	Pseudomonadota	Bacteria
2886045	Brevibacterium sp. JSBI002	Actinomycetota	Bacteria
2886046	Marinobacter sp. AN1	Pseudomonadota	Bacteria
2886359	Stenotrophomonas sp. SI-NJAU-1	Pseudomonadota	Bacteria
2886360	Pseudomonas sp. HN2-3	Pseudomonadota	Bacteria
2886361	Pseudomonas sp. HN8-3	Pseudomonadota	Bacteria
2886375	Spiroplasma endosymbiont of Phyllotreta cruciferae	Mycoplasmatota	Bacteria
2886377	Wolbachia endosymbiont of Phyllotreta cruciferae	Pseudomonadota	Bacteria
2886505	Priestia sp. J2	Bacillota	Bacteria
2886821	Pantoea sp. Z09	Pseudomonadota	Bacteria
2886932	Arthrobacter sp. zg-Y1110	Actinomycetota	Bacteria
2886938	Arthrobacter sp. zg-Y20	Actinomycetota	Bacteria
2888526	Bacillus sp. BC1-43	Bacillota	Bacteria
2890406	Burkholderia sp. B21-005	Pseudomonadota	Bacteria
2890407	Burkholderia sp. B21-007	Pseudomonadota	Bacteria
2890836	Rhodococcus sp. 3-2	Actinomycetota	Bacteria
2892442	Pseudomonas sp. CIP-10	Pseudomonadota	Bacteria
2892541	Lysinibacillus sp. CD3-6	Bacillota	Bacteria
2892996	Streptomyces sp. SCSIO ZS0520	Actinomycetota	Bacteria
2893019	Alcaligenes sp. MMA	Pseudomonadota	Bacteria
2893469	Halomonas sp. 7T	Pseudomonadota	Bacteria
2893471	Bartonella machadoae	Pseudomonadota	Bacteria
2893881	Achromobacter sp. JD417	Pseudomonadota	Bacteria
2893882	Chryseobacterium sp. C-71	Bacteroidota	Bacteria
2893890	Pseudomonas sp. KNUC1026	Pseudomonadota	Bacteria
2894082	Spirosoma sp. KNUC1025	Bacteroidota	Bacteria
2894187	Arthrobacter sp. zg-Y919	Actinomycetota	Bacteria
2894192	Arthrobacter sp. zg-Y820	Actinomycetota	Bacteria
2894202	Pseudoalteromonas sp. SCSIO 43095	Pseudomonadota	Bacteria
2894203	Enterobacter sp. AN-K1	Pseudomonadota	Bacteria
2894310	Methylobacterium sp. NMS14P	Pseudomonadota	Bacteria
2895470	Pseudomonas sp. B21-009	Pseudomonadota	Bacteria
2895471	Pseudomonas sp. B21-010	Pseudomonadota	Bacteria
2895472	Pseudomonas sp. B21-012	Pseudomonadota	Bacteria
2895473	Pseudomonas sp. B21-015	Pseudomonadota	Bacteria
2895474	Pseudomonas sp. B21-017	Pseudomonadota	Bacteria
2895475	Pseudomonas sp. B21-019	Pseudomonadota	Bacteria
2895476	Pseudomonas sp. B21-021	Pseudomonadota	Bacteria
2895477	Pseudomonas sp. B21-023	Pseudomonadota	Bacteria
2895480	Pseudomonas sp. B21-028	Pseudomonadota	Bacteria
2895482	Pseudomonas sp. B21-031	Pseudomonadota	Bacteria
2895483	Pseudomonas sp. B21-032	Pseudomonadota	Bacteria
2895484	Pseudomonas sp. B21-035	Pseudomonadota	Bacteria
2895485	Pseudomonas sp. B21-036	Pseudomonadota	Bacteria
2895486	Pseudomonas sp. B21-040	Pseudomonadota	Bacteria
2895487	Pseudomonas sp. B21-041	Pseudomonadota	Bacteria
2895488	Pseudomonas sp. B21-044	Pseudomonadota	Bacteria
2895489	Pseudomonas sp. B21-047	Pseudomonadota	Bacteria
2895490	Pseudomonas sp. B21-048	Pseudomonadota	Bacteria
2895491	Pseudomonas sp. B21-051	Pseudomonadota	Bacteria
2895493	Pseudomonas sp. B21-053	Pseudomonadota	Bacteria
2895494	Pseudomonas sp. B21-054	Pseudomonadota	Bacteria
2895495	Pseudomonas sp. B21-056	Pseudomonadota	Bacteria
2895496	Pseudomonas sp. B21-059	Pseudomonadota	Bacteria
2895565	Nocardioides sp. B-3	Actinomycetota	Bacteria
2895568	Rhizobium sp. RCAM05350	Pseudomonadota	Bacteria
2895796	Paracoccus sp. MA	Pseudomonadota	Bacteria
2895946	Paenibacillus sp. MMS20-IR301	Bacillota	Bacteria
2895948	Pseudoalteromonas sp. SCSIO 43210	Pseudomonadota	Bacteria
2896845	Lysinibacillus sp. GJ-1	Bacillota	Bacteria
2896848	Yinghuangia sp. ASG 101	Actinomycetota	Bacteria
2897324	Cupriavidus sp. Agwp_2	Pseudomonadota	Bacteria
2897333	Metabacillus sp. B2-18	Bacillota	Bacteria
2897334	Methylorubrum sp. B1-46	Pseudomonadota	Bacteria
2897335	Staphylococcus sp. HL28	Bacillota	Bacteria
2897342	Geomonas sp. RF6	Thermodesulfobacteriota	Bacteria
2897413	Klebsiella sp. KPN54798	Pseudomonadota	Bacteria
2897772	Thauera sp. WB-2	Pseudomonadota	Bacteria
2898151	Curtobacterium sp. C1	Actinomycetota	Bacteria
2898152	Terrabacter sp. BE26	Actinomycetota	Bacteria
2898431	Aquabacterium sp. J223	Pseudomonadota	Bacteria
2898433	Sphingomonas sp. J315	Pseudomonadota	Bacteria
2898441	Pseudomonas sp. J452	Pseudomonadota	Bacteria
2898442	Bradyrhizobium sp. 62B	Pseudomonadota	Bacteria
2898483	Pseudomonas sp. 7-41	Pseudomonadota	Bacteria
2898580	Borrelia salvatorii	Spirochaetota	Bacteria
2898725	Leclercia sp. G3L	Pseudomonadota	Bacteria
2898796	Nocardioides sp. cx-173	Actinomycetota	Bacteria
2899077	Janthinobacterium sp. PLB04	Pseudomonadota	Bacteria
2899122	Photobacterium sp. TY1-4	Pseudomonadota	Bacteria
2899133	Candidatus Nanosynbacter sp. HMT-352	Minisyncoccota	Bacteria
2899657	Pseudomonas sp. Nvir	Pseudomonadota	Bacteria
2900152	Streptomyces sp. LX-29	Actinomycetota	Bacteria
2901142	Paralcaligenes sp. KSB-10	Pseudomonadota	Bacteria
2901380	Pseudomonas sp. NIBR-H-19	Pseudomonadota	Bacteria
2902422	Wolbachia endosymbiont of Frankliniella intonsa	Pseudomonadota	Bacteria
2902622	Pseudomonas sp. CP-1	Pseudomonadota	Bacteria
2902632	Candidatus Nanosynbacter sp. TM7-008	Minisyncoccota	Bacteria
2903536	Mycobacterium sp. 20KCMC460	Actinomycetota	Bacteria
2903557	Actinoallomurus sp. NBC_01490	Actinomycetota	Bacteria
2903558	Amycolatopsis sp. NBC_00438	Actinomycetota	Bacteria
2903560	Amycolatopsis sp. NBC_01286	Actinomycetota	Bacteria
2903561	Amycolatopsis sp. NBC_01307	Actinomycetota	Bacteria
2903562	Amycolatopsis sp. NBC_01480	Actinomycetota	Bacteria
2903563	Amycolatopsis sp. NBC_01488	Actinomycetota	Bacteria
2903564	Kineococcus sp. NBC_00420	Actinomycetota	Bacteria
2903565	Kitasatospora sp. NBC_00039	Actinomycetota	Bacteria
2903566	Kitasatospora sp. NBC_00085	Actinomycetota	Bacteria
2903568	Kitasatospora sp. NBC_00458	Actinomycetota	Bacteria
2903570	Kitasatospora sp. NBC_01246	Actinomycetota	Bacteria
2903571	Kitasatospora sp. NBC_01250	Actinomycetota	Bacteria
2903572	Kitasatospora sp. NBC_01266	Actinomycetota	Bacteria
2903574	Kitasatospora sp. NBC_01300	Actinomycetota	Bacteria
2903575	Kitasatospora sp. NBC_01302	Actinomycetota	Bacteria
2903576	Kitasatospora sp. NBC_01519	Actinomycetota	Bacteria
2903577	Kitasatospora sp. NBC_01539	Actinomycetota	Bacteria
2903578	Kribbella sp. NBC_01245	Actinomycetota	Bacteria
2903579	Kribbella sp. NBC_01484	Actinomycetota	Bacteria
2903580	Kribbella sp. NBC_01505	Actinomycetota	Bacteria
2903581	Kribbella sp. NBC_01510	Actinomycetota	Bacteria
2903582	Lentzea sp. NBC_00516	Actinomycetota	Bacteria
2903583	Microbispora sp. NBC_01189	Actinomycetota	Bacteria
2903584	Microbispora sp. NBC_01389	Actinomycetota	Bacteria
2903585	Micromonospora sp. NBC_00330	Actinomycetota	Bacteria
2903586	Micromonospora sp. NBC_00389	Actinomycetota	Bacteria
2903587	Micromonospora sp. NBC_00617	Actinomycetota	Bacteria
2903588	Micromonospora sp. NBC_01392	Actinomycetota	Bacteria
2903589	Micromonospora sp. NBC_01405	Actinomycetota	Bacteria
2903590	Micromonospora sp. NBC_01412	Actinomycetota	Bacteria
2903591	Nocardia sp. NBC_00511	Actinomycetota	Bacteria
2903593	Nocardia sp. NBC_01327	Actinomycetota	Bacteria
2903594	Nocardia sp. NBC_01329	Actinomycetota	Bacteria
2903595	Nocardia sp. NBC_01377	Actinomycetota	Bacteria
2903596	Nocardia sp. NBC_01388	Actinomycetota	Bacteria
2903597	Nocardia sp. NBC_01499	Actinomycetota	Bacteria
2903599	Sphaerisporangium sp. NBC_01403	Actinomycetota	Bacteria
2903609	Streptomyces sp. NBC_00005	Actinomycetota	Bacteria
2903610	Streptomyces sp. NBC_00008	Actinomycetota	Bacteria
2903611	Streptomyces sp. NBC_00015	Actinomycetota	Bacteria
2903612	Streptomyces sp. NBC_00024	Actinomycetota	Bacteria
2903613	Streptomyces sp. NBC_00029	Actinomycetota	Bacteria
2903614	Streptomyces sp. NBC_00035	Actinomycetota	Bacteria
2903616	Streptomyces sp. NBC_00040	Actinomycetota	Bacteria
2903619	Streptomyces sp. NBC_00090	Actinomycetota	Bacteria
2903621	Streptomyces sp. NBC_00104	Actinomycetota	Bacteria
2903622	Streptomyces sp. NBC_00105	Actinomycetota	Bacteria
2903623	Streptomyces sp. NBC_00122	Actinomycetota	Bacteria
2903624	Streptomyces sp. NBC_00133	Actinomycetota	Bacteria
2903625	Streptomyces sp. NBC_00138	Actinomycetota	Bacteria
2903626	Streptomyces sp. NBC_00148	Actinomycetota	Bacteria
2903627	Streptomyces sp. NBC_00158	Actinomycetota	Bacteria
2903629	Streptomyces sp. NBC_00162	Actinomycetota	Bacteria
2903630	Streptomyces sp. NBC_00169	Actinomycetota	Bacteria
2903631	Streptomyces sp. NBC_00172	Actinomycetota	Bacteria
2903634	Streptomyces sp. NBC_00190	Actinomycetota	Bacteria
2903635	Streptomyces sp. NBC_00207	Actinomycetota	Bacteria
2903636	Streptomyces sp. NBC_00210	Actinomycetota	Bacteria
2903637	Streptomyces sp. NBC_00228	Actinomycetota	Bacteria
2903638	Streptomyces sp. NBC_00234	Actinomycetota	Bacteria
2903639	Streptomyces sp. NBC_00236	Actinomycetota	Bacteria
2903640	Streptomyces sp. NBC_00239	Actinomycetota	Bacteria
2903641	Streptomyces sp. NBC_00250	Actinomycetota	Bacteria
2903642	Streptomyces sp. NBC_00258	Actinomycetota	Bacteria
2903643	Streptomyces sp. NBC_00259	Actinomycetota	Bacteria
2903644	Streptomyces sp. NBC_00273	Actinomycetota	Bacteria
2903645	Streptomyces sp. NBC_00310	Actinomycetota	Bacteria
2903646	Streptomyces sp. NBC_00328	Actinomycetota	Bacteria
2903647	Streptomyces sp. NBC_00391	Actinomycetota	Bacteria
2903649	Streptomyces sp. NBC_00435	Actinomycetota	Bacteria
2903651	Streptomyces sp. NBC_00442	Actinomycetota	Bacteria
2903652	Streptomyces sp. NBC_00448	Actinomycetota	Bacteria
2903653	Streptomyces sp. NBC_00453	Actinomycetota	Bacteria
2903654	Streptomyces sp. NBC_00455	Actinomycetota	Bacteria
2903655	Streptomyces sp. NBC_00466	Actinomycetota	Bacteria
2903656	Streptomyces sp. NBC_00487	Actinomycetota	Bacteria
2903657	Streptomyces sp. NBC_00490	Actinomycetota	Bacteria
2903658	Streptomyces sp. NBC_00496	Actinomycetota	Bacteria
2903659	Streptomyces sp. NBC_00503	Actinomycetota	Bacteria
2903660	Streptomyces sp. NBC_00525	Actinomycetota	Bacteria
2903661	Streptomyces sp. NBC_00554	Actinomycetota	Bacteria
2903663	Streptomyces sp. NBC_00564	Actinomycetota	Bacteria
2903665	Streptomyces sp. NBC_00576	Actinomycetota	Bacteria
2903667	Streptomyces sp. NBC_00637	Actinomycetota	Bacteria
2903668	Streptomyces sp. NBC_00656	Actinomycetota	Bacteria
2903669	Streptomyces sp. NBC_00659	Actinomycetota	Bacteria
2903670	Streptomyces sp. NBC_00683	Actinomycetota	Bacteria
2903671	Streptomyces sp. NBC_00691	Actinomycetota	Bacteria
2903672	Streptomyces sp. NBC_00696	Actinomycetota	Bacteria
2903673	Streptomyces sp. NBC_00723	Actinomycetota	Bacteria
2903674	Streptomyces sp. NBC_00726	Actinomycetota	Bacteria
2903675	Streptomyces sp. NBC_00727	Actinomycetota	Bacteria
2903676	Streptomyces sp. NBC_00728	Actinomycetota	Bacteria
2903677	Streptomyces sp. NBC_00827	Actinomycetota	Bacteria
2903678	Streptomyces sp. NBC_00828	Actinomycetota	Bacteria
2903679	Streptomyces sp. NBC_00829	Actinomycetota	Bacteria
2903680	Streptomyces sp. NBC_00838	Actinomycetota	Bacteria
2903681	Streptomyces sp. NBC_00853	Actinomycetota	Bacteria
2903682	Streptomyces sp. NBC_00859	Actinomycetota	Bacteria
2903683	Streptomyces sp. NBC_00868	Actinomycetota	Bacteria
2903684	Streptomyces sp. NBC_00869	Actinomycetota	Bacteria
2903685	Streptomyces sp. NBC_00870	Actinomycetota	Bacteria
2903686	Streptomyces sp. NBC_00872	Actinomycetota	Bacteria
2903687	Streptomyces sp. NBC_00890	Actinomycetota	Bacteria
2903690	Streptomyces sp. NBC_00932	Actinomycetota	Bacteria
2903697	Streptomyces sp. NBC_00963	Actinomycetota	Bacteria
2903700	Streptomyces sp. NBC_00984	Actinomycetota	Bacteria
2903702	Streptomyces sp. NBC_00986	Actinomycetota	Bacteria
2903703	Streptomyces sp. NBC_00987	Actinomycetota	Bacteria
2903704	Streptomyces sp. NBC_00988	Actinomycetota	Bacteria
2903705	Streptomyces sp. NBC_00989	Actinomycetota	Bacteria
2903710	Streptomyces sp. NBC_00996	Actinomycetota	Bacteria
2903712	Streptomyces sp. NBC_00998	Actinomycetota	Bacteria
2903713	Streptomyces sp. NBC_01001	Actinomycetota	Bacteria
2903714	Streptomyces sp. NBC_01003	Actinomycetota	Bacteria
2903715	Streptomyces sp. NBC_01005	Actinomycetota	Bacteria
2903716	Streptomyces sp. NBC_01006	Actinomycetota	Bacteria
2903717	Streptomyces sp. NBC_01012	Actinomycetota	Bacteria
2903718	Streptomyces sp. NBC_01013	Actinomycetota	Bacteria
2903719	Streptomyces sp. NBC_01014	Actinomycetota	Bacteria
2903721	Streptomyces sp. NBC_01017	Actinomycetota	Bacteria
2903722	Streptomyces sp. NBC_01020	Actinomycetota	Bacteria
2903723	Streptomyces sp. NBC_01022	Actinomycetota	Bacteria
2903724	Streptomyces sp. NBC_01023	Actinomycetota	Bacteria
2903746	Streptomyces sp. NBC_01077	Actinomycetota	Bacteria
2903747	Streptomyces sp. NBC_01089	Actinomycetota	Bacteria
2903748	Streptomyces sp. NBC_01092	Actinomycetota	Bacteria
2903749	Streptomyces sp. NBC_01102	Actinomycetota	Bacteria
2903750	Streptomyces sp. NBC_01104	Actinomycetota	Bacteria
2903751	Streptomyces sp. NBC_01108	Actinomycetota	Bacteria
2903752	Streptomyces sp. NBC_01116	Actinomycetota	Bacteria
2903753	Streptomyces sp. NBC_01124	Actinomycetota	Bacteria
2903754	Streptomyces sp. NBC_01136	Actinomycetota	Bacteria
2903755	Streptomyces sp. NBC_01166	Actinomycetota	Bacteria
2903756	Streptomyces sp. NBC_01167	Actinomycetota	Bacteria
2903757	Streptomyces sp. NBC_01171	Actinomycetota	Bacteria
2903758	Streptomyces sp. NBC_01174	Actinomycetota	Bacteria
2903759	Streptomyces sp. NBC_01175	Actinomycetota	Bacteria
2903760	Streptomyces sp. NBC_01176	Actinomycetota	Bacteria
2903761	Streptomyces sp. NBC_01177	Actinomycetota	Bacteria
2903762	Streptomyces sp. NBC_01178	Actinomycetota	Bacteria
2903763	Streptomyces sp. NBC_01180	Actinomycetota	Bacteria
2903764	Streptomyces sp. NBC_01185	Actinomycetota	Bacteria
2903765	Streptomyces sp. NBC_01186	Actinomycetota	Bacteria
2903766	Streptomyces sp. NBC_01187	Actinomycetota	Bacteria
2903767	Streptomyces sp. NBC_01190	Actinomycetota	Bacteria
2903768	Streptomyces sp. NBC_01197	Actinomycetota	Bacteria
2903769	Streptomyces sp. NBC_01198	Actinomycetota	Bacteria
2903770	Streptomyces sp. NBC_01201	Actinomycetota	Bacteria
2903771	Streptomyces sp. NBC_01205	Actinomycetota	Bacteria
2903772	Streptomyces sp. NBC_01207	Actinomycetota	Bacteria
2903773	Streptomyces sp. NBC_01208	Actinomycetota	Bacteria
2903774	Streptomyces sp. NBC_01210	Actinomycetota	Bacteria
2903775	Streptomyces sp. NBC_01212	Actinomycetota	Bacteria
2903776	Streptomyces sp. NBC_01213	Actinomycetota	Bacteria
2903778	Streptomyces sp. NBC_01216	Actinomycetota	Bacteria
2903779	Streptomyces sp. NBC_01217	Actinomycetota	Bacteria
2903780	Streptomyces sp. NBC_01218	Actinomycetota	Bacteria
2903781	Streptomyces sp. NBC_01220	Actinomycetota	Bacteria
2903783	Streptomyces sp. NBC_01224	Actinomycetota	Bacteria
2903784	Streptomyces sp. NBC_01230	Actinomycetota	Bacteria
2903786	Streptomyces sp. NBC_01232	Actinomycetota	Bacteria
2903787	Streptomyces sp. NBC_01233	Actinomycetota	Bacteria
2903788	Streptomyces sp. NBC_01235	Actinomycetota	Bacteria
2903789	Streptomyces sp. NBC_01236	Actinomycetota	Bacteria
2903790	Streptomyces sp. NBC_01237	Actinomycetota	Bacteria
2903791	Streptomyces sp. NBC_01238	Actinomycetota	Bacteria
2903793	Streptomyces sp. NBC_01240	Actinomycetota	Bacteria
2903794	Streptomyces sp. NBC_01241	Actinomycetota	Bacteria
2903796	Streptomyces sp. NBC_01243	Actinomycetota	Bacteria
2903797	Streptomyces sp. NBC_01244	Actinomycetota	Bacteria
2903798	Streptomyces sp. NBC_01255	Actinomycetota	Bacteria
2903799	Streptomyces sp. NBC_01257	Actinomycetota	Bacteria
2903800	Streptomyces sp. NBC_01259	Actinomycetota	Bacteria
2903801	Streptomyces sp. NBC_01260	Actinomycetota	Bacteria
2903802	Streptomyces sp. NBC_01261	Actinomycetota	Bacteria
2903803	Streptomyces sp. NBC_01262	Actinomycetota	Bacteria
2903805	Streptomyces sp. NBC_01267	Actinomycetota	Bacteria
2903806	Streptomyces sp. NBC_01268	Actinomycetota	Bacteria
2903808	Streptomyces sp. NBC_01276	Actinomycetota	Bacteria
2903809	Streptomyces sp. NBC_01278	Actinomycetota	Bacteria
2903810	Streptomyces sp. NBC_01280	Actinomycetota	Bacteria
2903811	Streptomyces sp. NBC_01281	Actinomycetota	Bacteria
2903812	Streptomyces sp. NBC_01283	Actinomycetota	Bacteria
2903814	Streptomyces sp. NBC_01288	Actinomycetota	Bacteria
2903815	Streptomyces sp. NBC_01294	Actinomycetota	Bacteria
2903816	Streptomyces sp. NBC_01296	Actinomycetota	Bacteria
2903817	Streptomyces sp. NBC_01298	Actinomycetota	Bacteria
2903818	Streptomyces sp. NBC_01304	Actinomycetota	Bacteria
2903820	Streptomyces sp. NBC_01310	Actinomycetota	Bacteria
2903821	Streptomyces sp. NBC_01314	Actinomycetota	Bacteria
2903822	Streptomyces sp. NBC_01317	Actinomycetota	Bacteria
2903823	Streptomyces sp. NBC_01318	Actinomycetota	Bacteria
2903824	Streptomyces sp. NBC_01320	Actinomycetota	Bacteria
2903825	Streptomyces sp. NBC_01321	Actinomycetota	Bacteria
2903826	Streptomyces sp. NBC_01324	Actinomycetota	Bacteria
2903827	Streptomyces sp. NBC_01334	Actinomycetota	Bacteria
2903828	Streptomyces sp. NBC_01335	Actinomycetota	Bacteria
2903829	Streptomyces sp. NBC_01336	Actinomycetota	Bacteria
2903830	Streptomyces sp. NBC_01340	Actinomycetota	Bacteria
2903831	Streptomyces sp. NBC_01341	Actinomycetota	Bacteria
2903832	Streptomyces sp. NBC_01343	Actinomycetota	Bacteria
2903833	Streptomyces sp. NBC_01351	Actinomycetota	Bacteria
2903834	Streptomyces sp. NBC_01352	Actinomycetota	Bacteria
2903835	Streptomyces sp. NBC_01353	Actinomycetota	Bacteria
2903836	Streptomyces sp. NBC_01356	Actinomycetota	Bacteria
2903837	Streptomyces sp. NBC_01358	Actinomycetota	Bacteria
2903838	Streptomyces sp. NBC_01361	Actinomycetota	Bacteria
2903839	Streptomyces sp. NBC_01362	Actinomycetota	Bacteria
2903841	Streptomyces sp. NBC_01367	Actinomycetota	Bacteria
2903842	Streptomyces sp. NBC_01369	Actinomycetota	Bacteria
2903844	Streptomyces sp. NBC_01378	Actinomycetota	Bacteria
2903846	Streptomyces sp. NBC_01383	Actinomycetota	Bacteria
2903847	Streptomyces sp. NBC_01384	Actinomycetota	Bacteria
2903848	Streptomyces sp. NBC_01386	Actinomycetota	Bacteria
2903849	Streptomyces sp. NBC_01387	Actinomycetota	Bacteria
2903850	Streptomyces sp. NBC_01390	Actinomycetota	Bacteria
2903852	Streptomyces sp. NBC_01396	Actinomycetota	Bacteria
2903854	Streptomyces sp. NBC_01401	Actinomycetota	Bacteria
2903856	Streptomyces sp. NBC_01410	Actinomycetota	Bacteria
2903857	Streptomyces sp. NBC_01411	Actinomycetota	Bacteria
2903858	Streptomyces sp. NBC_01420	Actinomycetota	Bacteria
2903859	Streptomyces sp. NBC_01422	Actinomycetota	Bacteria
2903860	Streptomyces sp. NBC_01423	Actinomycetota	Bacteria
2903861	Streptomyces sp. NBC_01428	Actinomycetota	Bacteria
2903862	Streptomyces sp. NBC_01429	Actinomycetota	Bacteria
2903863	Streptomyces sp. NBC_01431	Actinomycetota	Bacteria
2903865	Streptomyces sp. NBC_01435	Actinomycetota	Bacteria
2903866	Streptomyces sp. NBC_01438	Actinomycetota	Bacteria
2903867	Streptomyces sp. NBC_01439	Actinomycetota	Bacteria
2903869	Streptomyces sp. NBC_01445	Actinomycetota	Bacteria
2903871	Streptomyces sp. NBC_01450	Actinomycetota	Bacteria
2903872	Streptomyces sp. NBC_01451	Actinomycetota	Bacteria
2903873	Streptomyces sp. NBC_01453	Actinomycetota	Bacteria
2903874	Streptomyces sp. NBC_01455	Actinomycetota	Bacteria
2903875	Streptomyces sp. NBC_01460	Actinomycetota	Bacteria
2903876	Streptomyces sp. NBC_01462	Actinomycetota	Bacteria
2903878	Streptomyces sp. NBC_01465	Actinomycetota	Bacteria
2903879	Streptomyces sp. NBC_01471	Actinomycetota	Bacteria
2903880	Streptomyces sp. NBC_01474	Actinomycetota	Bacteria
2903881	Streptomyces sp. NBC_01476	Actinomycetota	Bacteria
2903882	Streptomyces sp. NBC_01478	Actinomycetota	Bacteria
2903883	Streptomyces sp. NBC_01483	Actinomycetota	Bacteria
2903884	Streptomyces sp. NBC_01485	Actinomycetota	Bacteria
2903885	Streptomyces sp. NBC_01497	Actinomycetota	Bacteria
2903887	Streptomyces sp. NBC_01506	Actinomycetota	Bacteria
2903888	Streptomyces sp. NBC_01508	Actinomycetota	Bacteria
2903889	Streptomyces sp. NBC_01511	Actinomycetota	Bacteria
2903890	Streptomyces sp. NBC_01515	Actinomycetota	Bacteria
2903891	Streptomyces sp. NBC_01518	Actinomycetota	Bacteria
2903892	Streptomyces sp. NBC_01520	Actinomycetota	Bacteria
2903893	Streptomyces sp. NBC_01525	Actinomycetota	Bacteria
2903894	Streptomyces sp. NBC_01527	Actinomycetota	Bacteria
2903895	Streptomyces sp. NBC_01530	Actinomycetota	Bacteria
2903896	Streptomyces sp. NBC_01537	Actinomycetota	Bacteria
2903897	Streptomyces sp. NBC_01538	Actinomycetota	Bacteria
2903898	Streptosporangium sp. NBC_01469	Actinomycetota	Bacteria
2903899	Streptosporangium sp. NBC_01495	Actinomycetota	Bacteria
2903901	Phenylobacterium sp. LH3H17	Pseudomonadota	Bacteria
2903960	Sphingomonas sp. S2-65	Pseudomonadota	Bacteria
2904129	Pandoraea sp. NE5	Pseudomonadota	Bacteria
2904242	Microbulbifer sp. YPW16	Pseudomonadota	Bacteria
2904243	Halobaculum sp. CBA1158	Methanobacteriota	Archaea
2904252	Lysobacter sp. KIS68-7	Pseudomonadota	Bacteria
2904253	Lysobacter sp. 5GHs7-4	Pseudomonadota	Bacteria
2904523	Allobranchiibius sp. GilTou73	Actinomycetota	Bacteria
2904790	Cellulomonas sp. S1-8	Actinomycetota	Bacteria
2905121	Flagellimonas sp. HMM57	Bacteroidota	Bacteria
2905832	Sphingobium sp. TA15	Pseudomonadota	Bacteria
2905871	Herbiconiux sp. L3-i23	Actinomycetota	Bacteria
2905879	Acinetobacter sp. SH20PTE14	Pseudomonadota	Bacteria
2905880	Acinetobacter sp. SH20PTE17	Pseudomonadota	Bacteria
2906072	Aurantimonas sp. HBX-1	Pseudomonadota	Bacteria
2906514	Burkholderia sp. S-53	Pseudomonadota	Bacteria
2906776	Halolamina sp. CBA1160	Methanobacteriota	Archaea
2906777	Halobacterium sp. CBA1161	Methanobacteriota	Archaea
2907154	Erythrobacter sp. SDW2	Pseudomonadota	Bacteria
2907156	Pseudoalteromonas sp. N1230-9	Pseudomonadota	Bacteria
2907159	Synechococcus sp. NB0720_010	Cyanobacteriota	Bacteria
2907239	Phaeobacter sp. BS23	Pseudomonadota	Bacteria
2907240	Phaeobacter sp. BS34	Pseudomonadota	Bacteria
2907241	Phaeobacter sp. BS52	Pseudomonadota	Bacteria
2907242	Pseudoalteromonas sp. PB2-1	Pseudomonadota	Bacteria
2907534	Photobacterium sp. TLY01	Pseudomonadota	Bacteria
2907545	Streptomyces sp. GQFP	Actinomycetota	Bacteria
2907623	Sphingobacterium sp. SRCM116780	Bacteroidota	Bacteria
2907624	Rhodococcus sp. DMF-1	Actinomycetota	Bacteria
2907827	Dehalobacter sp. DCM	Bacillota	Bacteria
2908210	Antarcticibacterium sp. 1MA-6-2	Bacteroidota	Bacteria
2908211	Jeotgalibaca sp. MA1X17-3	Bacillota	Bacteria
2908637	Acinetobacter sp. SCLZS86	Pseudomonadota	Bacteria
2908645	Kaistella sp. 97-N-M2	Bacteroidota	Bacteria
2908646	Vibrio sp. SS-MA-C1-2	Pseudomonadota	Bacteria
2908648	Suttonella sp. R2A3	Pseudomonadota	Bacteria
2908650	Shewanella sp. OMA3-2	Pseudomonadota	Bacteria
2908651	Ornithinimicrobium sp. INDO-MA30-4	Actinomycetota	Bacteria
2908837	Mycolicibacterium sp. YH-1	Actinomycetota	Bacteria
2908840	Planococcus sp. 107-1	Bacillota	Bacteria
2908842	Allomuricauda sp. SCSIO 64092	Bacteroidota	Bacteria
2908843	Allomuricauda sp. SCSIO 65647	Bacteroidota	Bacteria
2909588	Microbacterium sp. KUDC0406	Actinomycetota	Bacteria
2909669	Simiduia sp. 21SJ11W-1	Pseudomonadota	Bacteria
2911367	Streptomyces sp. NBU3104	Actinomycetota	Bacteria
2911495	Sphingopyxis sp. BSN-002	Pseudomonadota	Bacteria
2911520	Methylobacter sp. YRD-M1	Pseudomonadota	Bacteria
2911524	Avibacterium sp. 20-126	Pseudomonadota	Bacteria
2911526	Avibacterium sp. 20-132	Pseudomonadota	Bacteria
2911527	Avibacterium sp. 21-595	Pseudomonadota	Bacteria
2911969	Moraxella sp. ZY21109	Pseudomonadota	Bacteria
2911970	Moraxella sp. ZY200743	Pseudomonadota	Bacteria
2912260	Bacillus sp. R45	Bacillota	Bacteria
2912268	Paenibacillus melissococcoides	Bacillota	Bacteria
2912314	Vibrio sp. JC009	Pseudomonadota	Bacteria
2912315	Vibrio sp. DW001	Pseudomonadota	Bacteria
2912628	Enterobacter cloacae complex sp. ECL414	Pseudomonadota	Bacteria
2912629	Enterobacter cloacae complex sp. ECL411	Pseudomonadota	Bacteria
2912630	Enterobacter cloacae complex sp. ECL405	Pseudomonadota	Bacteria
2912631	Enterobacter cloacae complex sp. ECL404	Pseudomonadota	Bacteria
2912675	Neisseria sp. Dent CA1/247	Pseudomonadota	Bacteria
2912824	Niallia sp. Man26	Bacillota	Bacteria
2912825	Bacillus sp. Man122	Bacillota	Bacteria
2912855	Photobacterium sp. CCB-ST2H9	Pseudomonadota	Bacteria
2913412	Streptomyces sp. CB09030	Actinomycetota	Bacteria
2913495	Acinetobacter sp. AHP123	Pseudomonadota	Bacteria
2913506	Lysinibacillus sp. ACHW1.5	Bacillota	Bacteria
2913616	Prevotella sp. E13-17	Bacteroidota	Bacteria
2913620	Prevotella sp. E2-28	Bacteroidota	Bacteria
2913621	Prevotella sp. E9-3	Bacteroidota	Bacteria
2914041	Nostoc sp. UHCC 0870	Cyanobacteriota	Bacteria
2914159	Amycolatopsis sp. FU40	Actinomycetota	Bacteria
2914983	Pectobacterium sp. A5351	Pseudomonadota	Bacteria
2915130	Dietzia sp. B32	Actinomycetota	Bacteria
2916397	Rhodophyticola sp. CCM32	Pseudomonadota	Bacteria
2916464	Candidatus Psyllophila symbiotica	Pseudomonadota	Bacteria
2916633	Pseudoalteromonas sp. KAN5	Pseudomonadota	Bacteria
2916754	Flaviramulus sp. BrNp1-15	Bacteroidota	Bacteria
2916755	Emticicia sp. 21SJ11W-3	Bacteroidota	Bacteria
2916802	Parageobacillus sp. KH3-4	Bacillota	Bacteria
2916816	Wolbachia endosymbiont of Howardula sp.	Pseudomonadota	Bacteria
2917691	Deinococcus sp. KNUC1210	Deinococcota	Bacteria
2917713	Marinobacter sp. M1C	Pseudomonadota	Bacteria
2917714	Marinobacter sp. M2C	Pseudomonadota	Bacteria
2917715	Marinobacter sp. M3C	Pseudomonadota	Bacteria
2917716	Marinobacter sp. M4C	Pseudomonadota	Bacteria
2917724	Nocardioides sp. TF02-7	Actinomycetota	Bacteria
2917725	Georgenia sp. TF02-10	Actinomycetota	Bacteria
2917727	Rhizobium sp. C104	Pseudomonadota	Bacteria
2918299	Comamonas sp. B21-038	Pseudomonadota	Bacteria
2918453	Lutibacter sp. A80	Bacteroidota	Bacteria
2918454	Flavobacterium sp. CBA20B-1	Bacteroidota	Bacteria
2918516	Endozoicomonas sp. SCSIO W0465	Pseudomonadota	Bacteria
2918526	Lutibacter sp. A64	Bacteroidota	Bacteria
2918527	Rhizobium sp. K102	Pseudomonadota	Bacteria
2918755	Alcaligenes sp. NLF5-7	Pseudomonadota	Bacteria
2918884	Bacillus sp. jun7	Bacillota	Bacteria
2918899	Thermus sp. NEB1569	Deinococcota	Bacteria
2919322	Amycolatopsis sp. EV170708-02-1	Actinomycetota	Bacteria
2919376	Acinetobacter sp. AOR07_HL	Pseudomonadota	Bacteria
2919499	Endozoicomonas sp. Mp262	Pseudomonadota	Bacteria
2919578	Massilia sp. MB5	Pseudomonadota	Bacteria
2919914	Sphingomonas sp. LaA6.9	Pseudomonadota	Bacteria
2920269	Cupriavidus sp. U2	Pseudomonadota	Bacteria
2920387	Pseudomonas sp. LS.1a	Pseudomonadota	Bacteria
2920537	Aeromonas sp. 19NY04SH05-1	Pseudomonadota	Bacteria
2920881	Acidovorax sp. SUPP3334	Pseudomonadota	Bacteria
2920934	Enterococcus sp. LX10	Bacillota	Bacteria
2920939	Chryseobacterium sp. Y16C	Bacteroidota	Bacteria
2921353	Streptomyces sp. PBSH9	Actinomycetota	Bacteria
2921357	Paenibacillus sp. FSL E2-0151	Bacillota	Bacteria
2921360	Paenibacillus sp. FSL E2-0177	Bacillota	Bacteria
2921361	Paenibacillus sp. FSL E2-0178	Bacillota	Bacteria
2921364	Peribacillus sp. FSL E2-0218	Bacillota	Bacteria
2921369	Paenibacillus sp. FSL F4-0097	Bacillota	Bacteria
2921370	Paenibacillus sp. FSL F4-0100	Bacillota	Bacteria
2921375	Paenibacillus sp. FSL H8-0079	Bacillota	Bacteria
2921378	Paenibacillus sp. FSL H8-0168	Bacillota	Bacteria
2921379	Paenibacillus sp. FSL H8-0175	Bacillota	Bacteria
2921380	Paenibacillus sp. FSL H8-0260	Bacillota	Bacteria
2921381	Paenibacillus sp. FSL H8-0261	Bacillota	Bacteria
2921382	Paenibacillus sp. FSL H8-0280	Bacillota	Bacteria
2921383	Paenibacillus sp. FSL H8-0283	Bacillota	Bacteria
2921385	Paenibacillus sp. FSL H8-0317	Bacillota	Bacteria
2921386	Paenibacillus sp. FSL H8-0457	Bacillota	Bacteria
2921389	Psychrobacillus sp. FSL H8-0483	Bacillota	Bacteria
2921393	Lysinibacillus sp. FSL H8-0500	Bacillota	Bacteria
2921397	Bacillus sp. FSL H8-0516	Bacillota	Bacteria
2921399	Paenibacillus sp. FSL H8-0537	Bacillota	Bacteria
2921401	Paenisporosarcina sp. FSL H8-0542	Bacillota	Bacteria
2921409	Bacillus sp. FSL K6-0046	Bacillota	Bacteria
2921411	Lysinibacillus sp. FSL K6-0057	Bacillota	Bacteria
2921415	Lysinibacillus sp. FSL K6-0075	Bacillota	Bacteria
2921416	Metasolibacillus sp. FSL K6-0083	Bacillota	Bacteria
2921417	Paenibacillus sp. FSL K6-0108	Bacillota	Bacteria
2921420	Oceanobacillus sp. FSL K6-0127	Bacillota	Bacteria
2921422	Bacillus sp. FSL K6-0138	Bacillota	Bacteria
2921427	Paenibacillus sp. FSL H3-0286	Bacillota	Bacteria
2921428	Paenibacillus sp. FSL H3-0302	Bacillota	Bacteria
2921430	Paenibacillus sp. FSL H3-0457	Bacillota	Bacteria
2921431	Metasolibacillus sp. FSL H7-0170	Bacillota	Bacteria
2921432	Siminovitchia sp. FSL H7-0308	Bacillota	Bacteria
2921435	Paenibacillus sp. FSL H7-0442	Bacillota	Bacteria
2921436	Bacillus sp. FSL H7-0578	Bacillota	Bacteria
2921437	Paenibacillus sp. FSL H7-0690	Bacillota	Bacteria
2921443	Paenibacillus sp. FSL H7-0940	Bacillota	Bacteria
2921444	Paenibacillus sp. FSL H7-0942	Bacillota	Bacteria
2921446	Bacillus sp. FSL K6-0255	Bacillota	Bacteria
2921447	Terribacillus sp. FSL K6-0262	Bacillota	Bacteria
2921450	Paenibacillus sp. FSL K6-0276	Bacillota	Bacteria
2921454	Bacillus sp. FSL K6-0923	Bacillota	Bacteria
2921456	Bacillus sp. FSL K6-0993	Bacillota	Bacteria
2921457	Bacillus sp. FSL K6-0994	Bacillota	Bacteria
2921458	Bacillus sp. FSL K6-1000	Bacillota	Bacteria
2921459	Bacillus sp. FSL K6-1033	Bacillota	Bacteria
2921460	Paenibacillus sp. FSL K6-1096	Bacillota	Bacteria
2921462	Bacillus sp. FSL K6-1109	Bacillota	Bacteria
2921465	Lysinibacillus sp. FSL K6-1151	Bacillota	Bacteria
2921466	Paenibacillus sp. FSL K6-1217	Bacillota	Bacteria
2921470	Bacillus sp. FSL K6-1366	Bacillota	Bacteria
2921474	Solibacillus sp. FSL K6-1781	Bacillota	Bacteria
2921479	Bacillus sp. FSL K6-2837	Bacillota	Bacteria
2921481	Bacillus sp. FSL K6-2841	Bacillota	Bacteria
2921485	Bacillus sp. FSL K6-2869	Bacillota	Bacteria
2921488	Bacillus sp. FSL K6-3149	Bacillota	Bacteria
2921489	Bacillus sp. FSL K6-3154	Bacillota	Bacteria
2921495	Paenibacillus sp. FSL K6-3182	Bacillota	Bacteria
2921496	Bacillus sp. FSL K6-3200	Bacillota	Bacteria
2921497	Lysinibacillus sp. FSL K6-3209	Bacillota	Bacteria
2921503	Oceanobacillus sp. FSL K6-3682	Bacillota	Bacteria
2921504	Lysinibacillus sp. FSL K6-4013	Bacillota	Bacteria
2921507	Bacillus sp. FSL K6-4563	Bacillota	Bacteria
2921510	Heyndrickxia sp. FSL K6-6286	Bacillota	Bacteria
2921515	Lysinibacillus sp. FSL L8-0126	Bacillota	Bacteria
2921517	Bacillus sp. FSL L8-0167	Bacillota	Bacteria
2921518	Pseudomonas sp. FSL L8-0168	Pseudomonadota	Bacteria
2921520	Bacillus sp. FSL L8-0193	Bacillota	Bacteria
2921523	Bacillus sp. FSL L8-0528	Bacillota	Bacteria
2921526	Bacillus sp. FSL L8-0654	Bacillota	Bacteria
2921527	Bacillus sp. FSL L8-0661	Bacillota	Bacteria
2921528	Bacillus sp. FSL M7-0003	Bacillota	Bacteria
2921530	Bacillus sp. FSL M7-0307	Bacillota	Bacteria
2921535	Bacillus sp. FSL M7-0791	Bacillota	Bacteria
2921549	Psychrobacillus sp. FSL K6-2843	Bacillota	Bacteria
2921550	Psychrobacillus sp. FSL K6-4046	Bacillota	Bacteria
2921554	Sporosarcina sp. FSL K6-1522	Bacillota	Bacteria
2921555	Sporosarcina sp. FSL K6-1540	Bacillota	Bacteria
2921556	Sporosarcina sp. FSL K6-2383	Bacillota	Bacteria
2921557	Sporosarcina sp. FSL K6-3508	Bacillota	Bacteria
2921562	Bacillus sp. FSL K6-0972	Bacillota	Bacteria
2921563	Bacillus sp. FSL K6-0998	Bacillota	Bacteria
2921564	Bacillus sp. FSL M8-0025	Bacillota	Bacteria
2921565	Bacillus sp. FSL M8-0054	Bacillota	Bacteria
2921567	Bacillus sp. FSL M8-0071	Bacillota	Bacteria
2921569	Bacillus sp. FSL M8-0266	Bacillota	Bacteria
2921570	Bacillus sp. FSL M8-0277	Bacillota	Bacteria
2921573	Peribacillus sp. FSL P2-0133	Bacillota	Bacteria
2921574	Bacillus sp. FSL P4-0290	Bacillota	Bacteria
2921577	Bacillus sp. FSL R5-0422	Bacillota	Bacteria
2921587	Bacillus sp. FSL R7-0672	Bacillota	Bacteria
2921588	Bacillus sp. FSL R7-0675	Bacillota	Bacteria
2921604	Paenibacillus sp. FSL L8-0638	Bacillota	Bacteria
2921610	Paenibacillus sp. FSL M7-0896	Bacillota	Bacteria
2921612	Bacillus sp. FSL M8-0133	Bacillota	Bacteria
2921616	Ornithinibacillus sp. FSL M8-0202	Bacillota	Bacteria
2921619	Lysinibacillus sp. FSL M8-0216	Bacillota	Bacteria
2921622	Bacillus sp. FSL M8-0315	Bacillota	Bacteria
2921624	Bacillus sp. FSL M8-0359	Bacillota	Bacteria
2921625	Bacillus sp. FSL P2-0026	Bacillota	Bacteria
2921626	Paenibacillus sp. FSL P2-0121	Bacillota	Bacteria
2921628	Paenibacillus sp. FSL P2-0322	Bacillota	Bacteria
2921631	Paenibacillus sp. FSL P4-0176	Bacillota	Bacteria
2921636	Paenibacillus sp. FSL R5-0341	Bacillota	Bacteria
2921639	Solibacillus sp. FSL R5-0449	Bacillota	Bacteria
2921641	Paenibacillus sp. FSL R5-0470	Bacillota	Bacteria
2921645	Paenibacillus sp. FSL R5-0486	Bacillota	Bacteria
2921647	Paenibacillus sp. FSL R5-0517	Bacillota	Bacteria
2921648	Paenibacillus sp. FSL R5-0519	Bacillota	Bacteria
2921651	Paenibacillus sp. FSL R5-0623	Bacillota	Bacteria
2921652	Paenibacillus sp. FSL R5-0636	Bacillota	Bacteria
2921653	Solibacillus sp. FSL R5-0691	Bacillota	Bacteria
2921654	Paenibacillus sp. FSL R5-0701	Bacillota	Bacteria
2921655	Paenibacillus sp. FSL R5-0713	Bacillota	Bacteria
2921656	Paenibacillus sp. FSL R5-0744	Bacillota	Bacteria
2921657	Paenibacillus sp. FSL R5-0749	Bacillota	Bacteria
2921658	Paenibacillus sp. FSL R5-0766	Bacillota	Bacteria
2921660	Lysinibacillus sp. FSL R5-0849	Bacillota	Bacteria
2921667	Paenibacillus sp. FSL R5-0928	Bacillota	Bacteria
2921670	Sutcliffiella sp. FSL R7-0096	Bacillota	Bacteria
2921673	Paenibacillus sp. FSL R7-0189	Bacillota	Bacteria
2921677	Paenibacillus sp. FSL R7-0216	Bacillota	Bacteria
2921679	Paenibacillus sp. FSL R7-0272	Bacillota	Bacteria
2921686	Bacillus sp. FSL R7-0646	Bacillota	Bacteria
2921687	Paenibacillus sp. FSL R7-0652	Bacillota	Bacteria
2921694	Bacillus sp. FSL W7-1085	Bacillota	Bacteria
2921695	Paenibacillus sp. FSL W7-1088	Bacillota	Bacteria
2921697	Paenibacillus sp. FSL W7-1279	Bacillota	Bacteria
2921698	Oceanobacillus sp. FSL W7-1281	Bacillota	Bacteria
2921699	Oceanobacillus sp. FSL W7-1293	Bacillota	Bacteria
2921700	Cytobacillus sp. FSL W7-1323	Bacillota	Bacteria
2921702	Paenibacillus sp. FSL W7-1332	Bacillota	Bacteria
2921704	Chryseomicrobium sp. FSL W7-1435	Bacillota	Bacteria
2921707	Solibacillus sp. FSL W7-1472	Bacillota	Bacteria
2921709	Paenibacillus sp. FSL W8-0186	Bacillota	Bacteria
2921710	Paenibacillus sp. FSL W8-0187	Bacillota	Bacteria
2921711	Paenibacillus sp. FSL W8-0194	Bacillota	Bacteria
2921713	Solibacillus sp. FSL W8-0372	Bacillota	Bacteria
2921714	Paenibacillus sp. FSL W8-0426	Bacillota	Bacteria
2921718	Lysinibacillus sp. FSL M8-0337	Bacillota	Bacteria
2921720	Lysinibacillus sp. FSL P2-0066	Bacillota	Bacteria
2921721	Lysinibacillus sp. FSL P4-0201	Bacillota	Bacteria
2921730	Geobacillus sp. FSL W8-0032	Bacillota	Bacteria
2922393	Bacillus sp. jun1	Bacillota	Bacteria
2922727	Sulfurimonas sp. NW7	Campylobacterota	Bacteria
2922728	Sulfurimonas sp. NW9	Campylobacterota	Bacteria
2922729	Sulfurimonas sp. NW15	Campylobacterota	Bacteria
2922857	Bifidobacterium sp. FKU	Actinomycetota	Bacteria
2922858	Bifidobacterium sp. TKU	Actinomycetota	Bacteria
2922859	Bifidobacterium sp. SKU	Actinomycetota	Bacteria
2923088	Enterobacter sp. JH25	Pseudomonadota	Bacteria
2923366	Klebsiella sp. HC6	Pseudomonadota	Bacteria
2923375	Acinetobacter sp. XS-4	Pseudomonadota	Bacteria
2924031	Salipaludibacillus sp. LMS25	Bacillota	Bacteria
2924032	Alkalihalobacillus sp. LMS39	Bacillota	Bacteria
2924033	Evansella sp. LMS18	Bacillota	Bacteria
2924034	Alkalihalobacillus sp. LMS6	Bacillota	Bacteria
2925318	Bacillus sp. N5-665	Bacillota	Bacteria
2925411	Sulfurovum sp. XGS-02	Campylobacterota	Bacteria
2925837	Acinetobacter sp. LUNF3	Pseudomonadota	Bacteria
2925838	Vagococcus sp. CY52-2	Bacillota	Bacteria
2925841	Shinella sp. H4-D48	Pseudomonadota	Bacteria
2925842	Luteimonas sp. S4-F44	Pseudomonadota	Bacteria
2925843	Lysobacter sp. S4-A87	Pseudomonadota	Bacteria
2925844	Microbacterium sp. H1-D42	Actinomycetota	Bacteria
2925845	Paenibacillus sp. N3/727	Bacillota	Bacteria
2926399	Alkalihalobacillus sp. AL-G	Bacillota	Bacteria
2926671	Pseudomonas sp. I3-I5	Pseudomonadota	Bacteria
2926673	Pseudomonas sp. LY-1	Pseudomonadota	Bacteria
2926850	Infirmifilum sp. NZ	Thermoproteota	Archaea
2927787	Comamonas sp. 7D-2evo1	Pseudomonadota	Bacteria
2927788	Comamonas sp. 7D-2evo2	Pseudomonadota	Bacteria
2927874	Bacillus sp. HN03	Bacillota	Bacteria
2927875	Streptomyces sp. HP-A2021	Actinomycetota	Bacteria
2927876	Acidithiobacillus sp. YTS05	Pseudomonadota	Bacteria
2928154	Bacillus sp. ZJS3	Bacillota	Bacteria
2928157	Devosia sp. Micro-HW1	Pseudomonadota	Bacteria
2928472	Acuticoccus sp. I52.16.1	Pseudomonadota	Bacteria
2929481	Staphylococcus sp. IVB6181	Bacillota	Bacteria
2929488	Faecalibacterium sp. IP-1-18	Bacillota	Bacteria
2929489	Faecalibacterium sp. IP-3-29	Bacillota	Bacteria
2929490	Faecalibacterium sp. I2-3-92	Bacillota	Bacteria
2929492	Faecalibacterium sp. I3-3-33	Bacillota	Bacteria
2929493	Faecalibacterium sp. I3-3-89	Bacillota	Bacteria
2929494	Faecalibacterium sp. I4-1-79	Bacillota	Bacteria
2929495	Faecalibacterium sp. I4-3-84	Bacillota	Bacteria
2929509	Acinetobacter sp. NyZ410	Pseudomonadota	Bacteria
2929510	Winogradskyella sp. MH6	Bacteroidota	Bacteria
2929512	Acinetobacter sp. YH16040_T	Pseudomonadota	Bacteria
2929514	Acinetobacter sp. YH16056_T	Pseudomonadota	Bacteria
2929515	Acinetobacter sp. YH12068_T	Pseudomonadota	Bacteria
2929795	Tsukamurella sp. PLM1	Actinomycetota	Bacteria
2929798	Streptomyces sp. PLM4	Actinomycetota	Bacteria
2929803	Mucilaginibacter sp. SMC90	Bacteroidota	Bacteria
2929804	Pseudonocardia sp. 2-7	Actinomycetota	Bacteria
2930049	Streptomyces sp. BJ20	Actinomycetota	Bacteria
2930091	Sphingobium sp. AntQ-1	Pseudomonadota	Bacteria
2930131	Staphylococcus sp. NRL 16/872	Bacillota	Bacteria
2930198	Acinetobacter sp. PK01	Pseudomonadota	Bacteria
2930213	Entomomonas sp. E2T0	Pseudomonadota	Bacteria
2930219	Clostridium sp. BJN0001	Bacillota	Bacteria
2930259	Streptomyces sp. JCM 35825	Actinomycetota	Bacteria
2931390	Nocardioides sp. W7	Actinomycetota	Bacteria
2931399	Pseudarthrobacter sp. SSS035	Actinomycetota	Bacteria
2931400	Sphingobacterium sp. PCS056	Bacteroidota	Bacteria
2931974	Streptomyces sp. 2P-4	Actinomycetota	Bacteria
2931983	Streptomyces sp. LRE541	Actinomycetota	Bacteria
2932250	Hymenobacter sp. 5317J-9	Bacteroidota	Bacteria
2932252	Hymenobacter sp. 5414T-23	Bacteroidota	Bacteria
2932253	Hymenobacter sp. 5516J-16	Bacteroidota	Bacteria
2932492	Pseudoxanthomonas sp. F37	Pseudomonadota	Bacteria
2932773	Amycolatopsis sp. WQ 127309	Actinomycetota	Bacteria
2933290	Agrococcus sp. SCSIO52902	Actinomycetota	Bacteria
2933293	Methanonatronarchaeum sp. AMET6-2	Methanobacteriota	Archaea
2933562	Sphingopyxis sp. GC21	Pseudomonadota	Bacteria
2933563	Bacillus sp. PGP15	Bacillota	Bacteria
2933778	Streptomyces sp. WAC00276	Actinomycetota	Bacteria
2933779	Streptomyces sp. WAC00303	Actinomycetota	Bacteria
2933797	Blastococcus sp. PRF04-17	Actinomycetota	Bacteria
2933816	Pseudomonas sp. BC42	Pseudomonadota	Bacteria
2933872	Ectobacillus sp. JY-23	Bacillota	Bacteria
2933959	Thermosynechococcus sp. HN-54	Cyanobacteriota	Bacteria
2935040	Curtobacterium sp. Arg-1	Actinomycetota	Bacteria
2935450	Escherichia sp. 10290	Pseudomonadota	Bacteria
2935858	Pectobacterium sp. 21LCBS03	Pseudomonadota	Bacteria
2935861	Gordonia sp. PP30	Actinomycetota	Bacteria
2936507	Synechococcus sp. A10-1-5-1	Cyanobacteriota	Bacteria
2936682	Lysinibacillus sp. Ag94	Bacillota	Bacteria
2936765	Providencia sp. PROV001	Pseudomonadota	Bacteria
2936766	Providencia sp. PROV002	Pseudomonadota	Bacteria
2936767	Providencia sp. PROV003	Pseudomonadota	Bacteria
2936768	Providencia sp. PROV004	Pseudomonadota	Bacteria
2936769	Providencia sp. PROV006	Pseudomonadota	Bacteria
2936770	Providencia sp. PROV007	Pseudomonadota	Bacteria
2936771	Providencia sp. PROV008	Pseudomonadota	Bacteria
2936772	Providencia sp. PROV012	Pseudomonadota	Bacteria
2936775	Providencia sp. PROV048	Pseudomonadota	Bacteria
2936776	Providencia sp. PROV050	Pseudomonadota	Bacteria
2936777	Providencia sp. PROV061	Pseudomonadota	Bacteria
2936778	Providencia sp. PROV073	Pseudomonadota	Bacteria
2936780	Providencia sp. PROV080	Pseudomonadota	Bacteria
2936781	Providencia sp. PROV081	Pseudomonadota	Bacteria
2936782	Providencia sp. PROV082	Pseudomonadota	Bacteria
2936783	Providencia sp. PROV083	Pseudomonadota	Bacteria
2936784	Providencia sp. PROV084	Pseudomonadota	Bacteria
2936785	Providencia sp. PROV100	Pseudomonadota	Bacteria
2936786	Providencia sp. PROV101	Pseudomonadota	Bacteria
2936787	Providencia sp. PROV102	Pseudomonadota	Bacteria
2936788	Providencia sp. PROV103	Pseudomonadota	Bacteria
2936789	Providencia sp. PROV109	Pseudomonadota	Bacteria
2936790	Providencia sp. PROV161	Pseudomonadota	Bacteria
2936791	Providencia sp. PROV162	Pseudomonadota	Bacteria
2936792	Providencia sp. PROV170	Pseudomonadota	Bacteria
2936793	Providencia sp. PROV173	Pseudomonadota	Bacteria
2936794	Providencia sp. PROV200	Pseudomonadota	Bacteria
2936795	Providencia sp. PROV222	Pseudomonadota	Bacteria
2936796	Providencia sp. PROV224	Pseudomonadota	Bacteria
2936797	Providencia sp. PROV228	Pseudomonadota	Bacteria
2936798	Providencia sp. PROV236	Pseudomonadota	Bacteria
2936799	Providencia sp. PROV252	Pseudomonadota	Bacteria
2936800	Providencia sp. PROV272	Pseudomonadota	Bacteria
2936802	Providencia sp. PROV277	Pseudomonadota	Bacteria
2936803	Providencia sp. PROV278	Pseudomonadota	Bacteria
2936804	Providencia sp. PROV279	Pseudomonadota	Bacteria
2936805	Providencia sp. PROV280	Pseudomonadota	Bacteria
2936809	Hyphomonas sp. ske169	Pseudomonadota	Bacteria
2937284	Thermosynechococcus sp. B0	Cyanobacteriota	Bacteria
2937433	Psychrobacter sp. AH5	Pseudomonadota	Bacteria
2937758	Hungatella sp. SB206	Bacillota	Bacteria
2937769	Psychrobacter sp. ANT206	Pseudomonadota	Bacteria
2937774	Prevotella sp. E15-22	Bacteroidota	Bacteria
2937784	Agrobacterium sp. O3.4	Pseudomonadota	Bacteria
2937786	Seonamhaeicola sp. ML3	Bacteroidota	Bacteria
2937787	Sphingomonas sp. SUN039	Pseudomonadota	Bacteria
2937788	Sphingomonas sp. SUN019	Pseudomonadota	Bacteria
2937792	Thermosynechococcus sp. B1	Cyanobacteriota	Bacteria
2937793	Thermosynechococcus sp. B3	Cyanobacteriota	Bacteria
2937800	Conexibacter sp. S30A1	Actinomycetota	Bacteria
2937801	Conexibacter sp. DBS9H8	Actinomycetota	Bacteria
2937807	Arthrobacter sp. D1-17	Actinomycetota	Bacteria
2937808	Arthrobacter sp. D1-29	Actinomycetota	Bacteria
2937809	Arthrobacter sp. D2-10	Actinomycetota	Bacteria
2937810	Arthrobacter sp. D3-16	Actinomycetota	Bacteria
2937812	Arthrobacter sp. R1-13	Actinomycetota	Bacteria
2937813	Arthrobacter sp. R3-55	Actinomycetota	Bacteria
2937814	Arthrobacter sp. R4-81	Actinomycetota	Bacteria
2937815	Arthrobacter sp. Z1-15	Actinomycetota	Bacteria
2937816	Arthrobacter sp. Z1-9	Actinomycetota	Bacteria
2937817	Arthrobacter sp. Z4-13	Actinomycetota	Bacteria
2937818	Arthrobacter sp. Z5-13	Actinomycetota	Bacteria
2937819	Bacillus sp. AK031	Bacillota	Bacteria
2937820	Bacillus sp. AK124	Bacillota	Bacteria
2937821	Bacillus sp. AK128	Bacillota	Bacteria
2937822	Bacillus sp. AK130	Bacillota	Bacteria
2937823	Bacillus sp. JZ105	Bacillota	Bacteria
2937824	Bacillus sp. JZ109	Bacillota	Bacteria
2937825	Bacillus sp. JZ142	Bacillota	Bacteria
2937826	Bacillus sp. JZ33	Bacillota	Bacteria
2937827	Bacillus sp. JZ34	Bacillota	Bacteria
2937828	Bacillus sp. JZ35	Bacillota	Bacteria
2937829	Bacillus sp. JZ39	Bacillota	Bacteria
2937830	Bacillus sp. JZ71	Bacillota	Bacteria
2937831	Bacillus sp. JZ76	Bacillota	Bacteria
2937832	Bacillus sp. JZ78	Bacillota	Bacteria
2937834	Bacillus sp. K7	Bacillota	Bacteria
2937835	Bacillus sp. PK3-037	Bacillota	Bacteria
2937838	Bacillus sp. PK3-067	Bacillota	Bacteria
2937839	Bacillus sp. PK3-130	Bacillota	Bacteria
2937840	Bacillus sp. PK3-136	Bacillota	Bacteria
2937841	Bacillus sp. PK3-137	Bacillota	Bacteria
2937842	Bacillus sp. PK5-004	Bacillota	Bacteria
2937843	Bacillus sp. PK5-006	Bacillota	Bacteria
2937844	Bacillus sp. PK5-009	Bacillota	Bacteria
2937847	Bacillus sp. PK5-050	Bacillota	Bacteria
2937848	Bacillus sp. PK6-013	Bacillota	Bacteria
2937849	Bacillus sp. PK6-025	Bacillota	Bacteria
2937850	Bacillus sp. PK6-026	Bacillota	Bacteria
2937851	Bacillus sp. PK6-16	Bacillota	Bacteria
2937855	Bacillus sp. SA116	Bacillota	Bacteria
2937856	Cupriavidus sp. JZ107	Pseudomonadota	Bacteria
2937857	Cupriavidus sp. JZ117	Pseudomonadota	Bacteria
2937860	Enterobacter sp. SA197	Pseudomonadota	Bacteria
2937864	Kushneria sp. AK178	Pseudomonadota	Bacteria
2937865	Microbacterium sp. JZ101	Actinomycetota	Bacteria
2937866	Microbacterium sp. JZ70	Actinomycetota	Bacteria
2937867	Olivibacter sp. SA151	Bacteroidota	Bacteria
2937868	Paenibacillus sp. AK002	Bacillota	Bacteria
2937870	Paenibacillus sp. Z3-2	Bacillota	Bacteria
2937871	Paenibacillus sp. Z6-24	Bacillota	Bacteria
2937872	Pseudomonas sp. AK106	Pseudomonadota	Bacteria
2937876	Pseudomonas sp. R3-41	Pseudomonadota	Bacteria
2937877	Pseudomonas sp. R4-76	Pseudomonadota	Bacteria
2937878	Pseudomonas sp. R4-84	Pseudomonadota	Bacteria
2937879	Pseudomonas sp. SA195	Pseudomonadota	Bacteria
2937880	Pseudomonas sp. SA233	Pseudomonadota	Bacteria
2937881	Pseudomonas sp. Z1-24	Pseudomonadota	Bacteria
2937882	Pseudomonas sp. Z2-11	Pseudomonadota	Bacteria
2937883	Pseudomonas sp. Z2-20	Pseudomonadota	Bacteria
2937884	Ralstonia sp. SA306	Pseudomonadota	Bacteria
2937885	Rhizobium sp. K33	Pseudomonadota	Bacteria
2937887	Staphylococcus sp. Z5-21	Bacillota	Bacteria
2937888	Vibrio sp. AK197	Pseudomonadota	Bacteria
2937985	Neisseria sp. Marseille-Q6792	Pseudomonadota	Bacteria
2938232	Methylorubrum sp. GM97	Pseudomonadota	Bacteria
2939413	Planococcus sp. 11815	Bacillota	Bacteria
2939414	Streptomyces sp. HU2014	Actinomycetota	Bacteria
2939415	Stenotrophomonas sp. NY11291	Pseudomonadota	Bacteria
2939416	Kouleothrix sp. 19917	Chloroflexota	Bacteria
2939437	Deinococcus sp. QL22	Deinococcota	Bacteria
2939492	Nocardiopsis sp. YSL2	Actinomycetota	Bacteria
2939494	Rummeliibacillus sp. G93	Bacillota	Bacteria
2939495	Pseudomonas sp. NY11382	Pseudomonadota	Bacteria
2939731	Providencia sp. PROV188	Pseudomonadota	Bacteria
2940488	Acidovorax sp. NCPPB 3576	Pseudomonadota	Bacteria
2940492	Acidovorax sp. GBBC 1281	Pseudomonadota	Bacteria
2941507	Senimuribacter intestinalis	Bacillota	Bacteria
2942204	Sporosarcina sp. Marseille-Q4943	Bacillota	Bacteria
2942275	Rhodococcus sp. GA1	Actinomycetota	Bacteria
2942278	Virgibacillus sp. CBA3643	Bacillota	Bacteria
2942449	Streptomyces sp. RerS4	Actinomycetota	Bacteria
2942452	Brucella sp. bbatCR03	Pseudomonadota	Bacteria
2942480	Citrobacter sp. XT1-2-2	Pseudomonadota	Bacteria
2942908	Candidatus Nitrosacidicoccus urinae	Pseudomonadota	Bacteria
2942996	Sphingomonas sp. KRR8	Pseudomonadota	Bacteria
2942997	Vibrio sp. J383	Pseudomonadota	Bacteria
2943192	Blastopirellula sp. J2-11	Planctomycetota	Bacteria
2943498	Candidatus Mycobacterium methanotrophicum	Actinomycetota	Bacteria
2943807	Candidatus Shikimatogenerans bostrichidophilus	Bacteroidota	Bacteria
2943848	Duganella sp. BuS-21	Pseudomonadota	Bacteria
2944234	Pseudomonas sp. LRP2-20	Pseudomonadota	Bacteria
2944235	Agrobacterium sp. 6Ca8	Pseudomonadota	Bacteria
2944250	Streptomyces sp. M92	Actinomycetota	Bacteria
2944251	Streptomyces sp. B146	Actinomycetota	Bacteria
2944252	Pseudomonas sp. B111	Pseudomonadota	Bacteria
2944392	Pseudomonas sp. BYT-5	Pseudomonadota	Bacteria
2944810	Thauera sp. GDN1	Pseudomonadota	Bacteria
2945055	Agrobacterium sp. 5Ca50	Pseudomonadota	Bacteria
2945056	Agrobacterium sp. 5Ca39	Pseudomonadota	Bacteria
2945587	Blochmannia endosymbiont of Camponotus modoc	Pseudomonadota	Bacteria
2945588	Blochmannia endosymbiont of Camponotus sp. C-003	Pseudomonadota	Bacteria
2945589	Blochmannia endosymbiont of Camponotus sp. C-046	Pseudomonadota	Bacteria
2946605	Thalassospira sp. GO-4	Pseudomonadota	Bacteria
2949614	Pectobacterium sp. F1-1	Pseudomonadota	Bacteria
2949629	Bradyrhizobium sp. CCGUVB1N3	Pseudomonadota	Bacteria
2949630	Bradyrhizobium sp. CCGUVB23	Pseudomonadota	Bacteria
2949637	Streptomyces sp. Caat 7-52	Actinomycetota	Bacteria
2949758	Providencia sp. PROV024	Pseudomonadota	Bacteria
2949771	Providencia sp. PROV040	Pseudomonadota	Bacteria
2949776	Providencia sp. PROV046	Pseudomonadota	Bacteria
2949815	Providencia sp. PROV099	Pseudomonadota	Bacteria
2949825	Providencia sp. PROV114	Pseudomonadota	Bacteria
2949878	Providencia sp. PROV175	Pseudomonadota	Bacteria
2949996	Aquimarina sp. ERC-38	Bacteroidota	Bacteria
2950074	Acinetobacter sp. C32I	Pseudomonadota	Bacteria
2950075	Acinetobacter sp. C26G	Pseudomonadota	Bacteria
2950076	Acinetobacter sp. C26M	Pseudomonadota	Bacteria
2950245	Shewanella sp. NFH-SH190041	Pseudomonadota	Bacteria
2950541	Nitratireductor sp. GZWM139	Pseudomonadota	Bacteria
2950605	Sphingomonas sp. QA11	Pseudomonadota	Bacteria
2950872	Halomonas sp. RT37	Pseudomonadota	Bacteria
2950874	Halomonas sp. H10-59	Pseudomonadota	Bacteria
2951084	Klebsiella sp. ZYC-1	Pseudomonadota	Bacteria
2951085	Aminobacter sp. MET-1	Pseudomonadota	Bacteria
2951137	Pseudoalteromonas sp. KG3	Pseudomonadota	Bacteria
2951138	Halomonas sp. KG2	Pseudomonadota	Bacteria
2951806	Lentzea sp. HUAS12	Actinomycetota	Bacteria
2951988	Streptomyces sp. JUS-F4	Actinomycetota	Bacteria
2952152	Acinetobacter sp. G18	Pseudomonadota	Bacteria
2952155	Pseudomonas sp. G7(2022)	Pseudomonadota	Bacteria
2952228	Desulfomicrobium sp. ZS1	Thermodesulfobacteriota	Bacteria
2952525	Salinispirillum sp. LH 10-3-1	Pseudomonadota	Bacteria
2952527	Halomonas sp. 3H	Pseudomonadota	Bacteria
2952571	Chitinophaga sp. HK235	Bacteroidota	Bacteria
2952610	Parasalinivibrio latis	Pseudomonadota	Bacteria
2952886	Diaphorobacter sp. LI3	Pseudomonadota	Bacteria
2953657	Halomonas sp. DN3	Pseudomonadota	Bacteria
2953738	Acinetobacter sp. Z1	Pseudomonadota	Bacteria
2953752	Moraxella sp. FZFQ2102	Pseudomonadota	Bacteria
2953809	Alcaligenes sp. 1735tsa3	Pseudomonadota	Bacteria
2953890	Chromobacterium sp. IIBBL 290-4	Pseudomonadota	Bacteria
2953971	Wolbachia endosymbiont (group A) of Acrocera orbiculus	Pseudomonadota	Bacteria
2953972	Wolbachia endosymbiont (group B) of Agriphila straminella	Pseudomonadota	Bacteria
2953974	Wolbachia endosymbiont (group A) of Ancistrocerus nigricornis	Pseudomonadota	Bacteria
2953975	Wolbachia endosymbiont (group A) of Andrena dorsata	Pseudomonadota	Bacteria
2953976	Wolbachia endosymbiont (group A) of Andrena haemorrhoa	Pseudomonadota	Bacteria
2953978	Wolbachia endosymbiont (group A) of Anomoia purmunda	Pseudomonadota	Bacteria
2953979	Wolbachia endosymbiont (group A) of Anoplius nigerrimus	Pseudomonadota	Bacteria
2953980	Wolbachia endosymbiont (group A) of Apoderus coryli	Pseudomonadota	Bacteria
2953981	Wolbachia endosymbiont (group B) of Aporia crataegi	Pseudomonadota	Bacteria
2953982	Wolbachia endosymbiont (group B) of Apotomis betuletana	Pseudomonadota	Bacteria
2953983	Wolbachia endosymbiont (group B) of Apotomis turbidana	Pseudomonadota	Bacteria
2953984	Wolbachia endosymbiont (group B) of Archips podanus	Pseudomonadota	Bacteria
2953986	Wolbachia endosymbiont (group B) of Athalia cordata	Pseudomonadota	Bacteria
2953987	Wolbachia endosymbiont (group A) of Bibio marci	Pseudomonadota	Bacteria
2953988	Wolbachia endosymbiont (group A) of Bombylius major	Pseudomonadota	Bacteria
2953989	Wolbachia endosymbiont (group A) of Calamotropha paludella	Pseudomonadota	Bacteria
2953990	Wolbachia endosymbiont (group B) of Campaea margaritaria	Pseudomonadota	Bacteria
2953991	Wolbachia endosymbiont (group B) of Camptogramma bilineatum	Pseudomonadota	Bacteria
2953993	Wolbachia endosymbiont (group B) of Catoptria pinella	Pseudomonadota	Bacteria
2953994	Wolbachia endosymbiont (group B) of Celastrina argiolus	Pseudomonadota	Bacteria
2953995	Wolbachia endosymbiont (group A) of Cheilosia soror	Pseudomonadota	Bacteria
2953997	Wolbachia endosymbiont (group B) of Chorthippus parallelus	Pseudomonadota	Bacteria
2953998	Wolbachia endosymbiont (group B) of Colias croceus	Pseudomonadota	Bacteria
2953999	Wolbachia endosymbiont (group A) of Coremacera marginata	Pseudomonadota	Bacteria
2954002	Wolbachia endosymbiont (group A) of Ectemnius continuus	Pseudomonadota	Bacteria
2954003	Wolbachia endosymbiont (group B) of Emmelina monodactyla	Pseudomonadota	Bacteria
2954004	Wolbachia endosymbiont (group A) of Endotricha flammealis	Pseudomonadota	Bacteria
2954005	Wolbachia endosymbiont (group B) of Endotricha flammealis	Pseudomonadota	Bacteria
2954006	Wolbachia endosymbiont (group A) of Epagoge grotiana	Pseudomonadota	Bacteria
2954007	Wolbachia endosymbiont (group A) of Epirrhoe alternata	Pseudomonadota	Bacteria
2954008	Wolbachia endosymbiont (group A) of Epistrophe grossularia	Pseudomonadota	Bacteria
2954009	Wolbachia endosymbiont (group B) of Episyrphus balteatus	Pseudomonadota	Bacteria
2954011	Wolbachia endosymbiont (group B) of Erynnis tages	Pseudomonadota	Bacteria
2954012	Wolbachia endosymbiont (group B) of Eucosma cana	Pseudomonadota	Bacteria
2954013	Wolbachia endosymbiont (group B) of Eupeodes latifasciatus	Pseudomonadota	Bacteria
2954014	Wolbachia endosymbiont (group B) of Euphydryas aurinia	Pseudomonadota	Bacteria
2954015	Wolbachia endosymbiont (group A) of Eupithecia tripunctaria	Pseudomonadota	Bacteria
2954016	Wolbachia endosymbiont (group A) of Gymnosoma rotundatum	Pseudomonadota	Bacteria
2954017	Wolbachia endosymbiont (group B) of Hylaea fasciaria	Pseudomonadota	Bacteria
2954018	Wolbachia endosymbiont (group A) of Hylaeus communis	Pseudomonadota	Bacteria
2954019	Wolbachia endosymbiont (group A) of Icerya purchasi	Pseudomonadota	Bacteria
2954021	Wolbachia endosymbiont (group B) of Ischnura elegans	Pseudomonadota	Bacteria
2954023	Wolbachia endosymbiont (group A) of Lasioglossum lativentre	Pseudomonadota	Bacteria
2954025	Wolbachia endosymbiont (group A) of Lasioglossum morio	Pseudomonadota	Bacteria
2954027	Wolbachia endosymbiont (group B) of Lycaena phlaeas	Pseudomonadota	Bacteria
2954028	Wolbachia endosymbiont (group A) of Macropis europaea	Pseudomonadota	Bacteria
2954029	Wolbachia endosymbiont (group B) of Melanargia galathea	Pseudomonadota	Bacteria
2954030	Wolbachia endosymbiont (group B) of Melanostoma mellinum	Pseudomonadota	Bacteria
2954031	Wolbachia endosymbiont (group A) of Merzomyia westermanni	Pseudomonadota	Bacteria
2954033	Wolbachia endosymbiont (group A) of Nomada fabriciana	Pseudomonadota	Bacteria
2954034	Wolbachia endosymbiont (group B) of Nymphalis c-album	Pseudomonadota	Bacteria
2954036	Wolbachia endosymbiont (group B) of Orgyia antiqua	Pseudomonadota	Bacteria
2954037	Wolbachia endosymbiont (group B) of Pammene fasciana	Pseudomonadota	Bacteria
2954039	Wolbachia endosymbiont (group B) of Pandemis corylana	Pseudomonadota	Bacteria
2954040	Wolbachia endosymbiont (group B) of Parapoynx stratiotata	Pseudomonadota	Bacteria
2954041	Wolbachia endosymbiont (group B) of Pararge aegeria	Pseudomonadota	Bacteria
2954042	Wolbachia endosymbiont (group A) of Phalera bucephala	Pseudomonadota	Bacteria
2954043	Wolbachia endosymbiont (group B) of Phalera bucephala	Pseudomonadota	Bacteria
2954044	Wolbachia endosymbiont (group A) of Pheosia gnoma	Pseudomonadota	Bacteria
2954045	Wolbachia endosymbiont (group B) of Pheosia tremula	Pseudomonadota	Bacteria
2954046	Wolbachia endosymbiont (group A) of Philonthus cognatus	Pseudomonadota	Bacteria
2954049	Wolbachia endosymbiont (group B) of Polyommatus icarus	Pseudomonadota	Bacteria
2954050	Wolbachia endosymbiont (group A) of Protocalliphora azurea	Pseudomonadota	Bacteria
2954051	Wolbachia endosymbiont (group B) of Protocalliphora azurea	Pseudomonadota	Bacteria
2954052	Wolbachia endosymbiont (group B) of Pyrgus malvae	Pseudomonadota	Bacteria
2954053	Wolbachia endosymbiont (group A) of Rhinocyllus conicus	Pseudomonadota	Bacteria
2954054	Wolbachia endosymbiont (group B) of Rhopobota naevana	Pseudomonadota	Bacteria
2954055	Wolbachia endosymbiont (group A) of Scambus nigricans	Pseudomonadota	Bacteria
2954056	Wolbachia endosymbiont (group A) of Sicus ferrugineus	Pseudomonadota	Bacteria
2954057	Wolbachia endosymbiont (group A) of Sphaerophoria taeniata	Pseudomonadota	Bacteria
2954060	Wolbachia endosymbiont (group A) of Sphecodes monilicornis	Pseudomonadota	Bacteria
2954061	Wolbachia endosymbiont (group A) of Sympetrum striolatum	Pseudomonadota	Bacteria
2954062	Wolbachia endosymbiont (group B) of Thymelicus sylvestris	Pseudomonadota	Bacteria
2954063	Wolbachia endosymbiont (group A) of Tiphia femorata	Pseudomonadota	Bacteria
2954064	Wolbachia endosymbiont (group A) of Trypoxylon clavicerum	Pseudomonadota	Bacteria
2954065	Wolbachia endosymbiont (group A) of Volucella inflata	Pseudomonadota	Bacteria
2954066	Wolbachia endosymbiont (group B) of Watsonalla binaria	Pseudomonadota	Bacteria
2954067	Wolbachia endosymbiont (group B) of Xestia c-nigrum	Pseudomonadota	Bacteria
2954068	Wolbachia endosymbiont (group A) of Yponomeuta plumbellus	Pseudomonadota	Bacteria
2954077	Pseudomonas sp. FP1154	Pseudomonadota	Bacteria
2954078	Pseudomonas sp. FP1740	Pseudomonadota	Bacteria
2954079	Pseudomonas sp. FP1742	Pseudomonadota	Bacteria
2954080	Pseudomonas sp. FP1762	Pseudomonadota	Bacteria
2954081	Pseudomonas sp. FP1911	Pseudomonadota	Bacteria
2954084	Pseudomonas sp. FP198	Pseudomonadota	Bacteria
2954086	Pseudomonas sp. FP2196	Pseudomonadota	Bacteria
2954087	Pseudomonas sp. FP2254	Pseudomonadota	Bacteria
2954089	Pseudomonas sp. FP2294	Pseudomonadota	Bacteria
2954090	Pseudomonas sp. FP2300	Pseudomonadota	Bacteria
2954091	Pseudomonas sp. FP2309	Pseudomonadota	Bacteria
2954092	Pseudomonas sp. FP2335	Pseudomonadota	Bacteria
2954093	Pseudomonas sp. FP2338	Pseudomonadota	Bacteria
2954094	Pseudomonas sp. FP453	Pseudomonadota	Bacteria
2954096	Pseudomonas sp. FP597	Pseudomonadota	Bacteria
2954097	Pseudomonas sp. FP603	Pseudomonadota	Bacteria
2954099	Pseudomonas sp. FP818	Pseudomonadota	Bacteria
2954102	Pseudomonas sp. FP833	Pseudomonadota	Bacteria
2954504	Paenibacillus sp. FSL E2-0190	Bacillota	Bacteria
2954505	Paenibacillus sp. FSL E2-0202	Bacillota	Bacteria
2954506	Paenibacillus sp. FSL H3-0469	Bacillota	Bacteria
2954507	Oceanobacillus sp. FSL H7-0719	Bacillota	Bacteria
2954511	Solibacillus sp. FSL H8-0523	Bacillota	Bacteria
2954512	Paenibacillus sp. FSL K6-1122	Bacillota	Bacteria
2954513	Streptococcus sp. FSL K6-1323	Bacillota	Bacteria
2954525	Paenibacillus sp. FSL M8-0142	Bacillota	Bacteria
2954526	Paenibacillus sp. FSL P2-0089	Bacillota	Bacteria
2954530	Paenibacillus sp. FSL R7-0163	Bacillota	Bacteria
2954532	Paenibacillus sp. FSL R7-0313	Bacillota	Bacteria
2954535	Paenibacillus sp. FSL R7-0345	Bacillota	Bacteria
2954544	Lysinibacillus sp. FSL W7-1291	Bacillota	Bacteria
2954545	Streptococcus sp. FSL W7-1342	Bacillota	Bacteria
2954546	Stenotrophomonas sp. FSL W7-1447	Pseudomonadota	Bacteria
2954547	Psychrobacillus sp. FSL W7-1457	Bacillota	Bacteria
2954548	Staphylococcus sp. FSL W8-0056	Bacillota	Bacteria
2954552	Staphylococcus sp. FSL W8-0305	Bacillota	Bacteria
2954558	Bacillus sp. FSL R5-0397	Bacillota	Bacteria
2954560	Bacillus sp. FSL R5-0820	Bacillota	Bacteria
2954563	Bacillus sp. FSL R7-0651	Bacillota	Bacteria
2954564	Bacillus sp. FSL W7-1034	Bacillota	Bacteria
2954565	Bacillus sp. FSL W7-1346	Bacillota	Bacteria
2954566	Bacillus sp. FSL W7-1582	Bacillota	Bacteria
2954573	Bacillus sp. FSL M8-0049	Bacillota	Bacteria
2954579	Bacillus sp. FSL M8-0350	Bacillota	Bacteria
2954581	Bacillus sp. FSL P2-0069	Bacillota	Bacteria
2954582	Bacillus sp. FSL P4-0248	Bacillota	Bacteria
2954583	Bacillus sp. FSL P4-0322	Bacillota	Bacteria
2954585	Bacillus sp. FSL R5-0432	Bacillota	Bacteria
2954587	Bacillus sp. FSL R5-0512	Bacillota	Bacteria
2954588	Bacillus sp. FSL R5-0560	Bacillota	Bacteria
2954591	Bacillus sp. FSL R5-0712	Bacillota	Bacteria
2954592	Bacillus sp. FSL W7-1336	Bacillota	Bacteria
2954593	Ureibacillus sp. FSL W7-1570	Bacillota	Bacteria
2954597	Geobacillus sp. FSL W8-0026	Bacillota	Bacteria
2954601	Bacillus sp. FSL E2-8900	Bacillota	Bacteria
2954607	Ureibacillus sp. FSL K6-0786	Bacillota	Bacteria
2954608	Aeribacillus sp. FSL k6-2211	Bacillota	Bacteria
2954611	Aeribacillus sp. FSL K6-2833	Bacillota	Bacteria
2954613	Aeribacillus sp. FSL K6-3256	Bacillota	Bacteria
2954614	Geobacillus sp. FSL K6-3411	Bacillota	Bacteria
2954617	Bacillus sp. FSL L8-0215	Bacillota	Bacteria
2954618	Paenibacillus sp. FSL L8-0435	Bacillota	Bacteria
2954619	Paenibacillus sp. FSL L8-0502	Bacillota	Bacteria
2954620	Bacillus sp. FSL R5-0286	Bacillota	Bacteria
2954622	Bacillus sp. FSL W8-0502	Bacillota	Bacteria
2954626	Bacillus sp. FSL W8-0629	Bacillota	Bacteria
2954633	Bacillus sp. FSL W8-0812	Bacillota	Bacteria
2954636	Bacillus sp. FSL W8-0920	Bacillota	Bacteria
2954646	Bacillus sp. FSL W8-1141	Bacillota	Bacteria
2954647	Bacillus sp. FSL W8-1143	Bacillota	Bacteria
2954653	Paenibacillus sp. FSL W8-1287	Bacillota	Bacteria
2954655	Anoxybacillus sp. FSL W8-1294	Bacillota	Bacteria
2954659	Paenibacillus sp. FSL R10-2778	Bacillota	Bacteria
2954661	Paenibacillus sp. FSL R10-2782	Bacillota	Bacteria
2954663	Paenibacillus sp. FSL R10-2796	Bacillota	Bacteria
2954665	Bacillus sp. EU52	Bacillota	Bacteria
2954672	Neobacillus sp. FSL H8-0543	Bacillota	Bacteria
2954674	Weizmannia sp. FSL K6-0777	Bacillota	Bacteria
2954675	Bacillus sp. FSL K6-1003	Bacillota	Bacteria
2954677	Bacillus sp. FSL K6-1006	Bacillota	Bacteria
2954678	Bacillus sp. FSL K6-1012	Bacillota	Bacteria
2954679	Paenibacillus sp. FSL K6-2441	Bacillota	Bacteria
2954680	Brevibacillus sp. FSL K6-2834	Bacillota	Bacteria
2954681	Ureibacillus sp. FSL K6-3587	Bacillota	Bacteria
2954682	Brevibacillus sp. FSL K6-6036	Bacillota	Bacteria
2954683	Aeribacillus sp. FSL K6-8210	Bacillota	Bacteria
2954684	Ureibacillus sp. FSL K6-8385	Bacillota	Bacteria
2954685	Paenibacillus sp. FSL L8-0340	Bacillota	Bacteria
2954686	Paenibacillus sp. FSL L8-0436	Bacillota	Bacteria
2954689	Brevibacillus sp. FSL L8-0520	Bacillota	Bacteria
2954691	Paenibacillus sp. FSL R10-2734	Bacillota	Bacteria
2954699	Siminovitchia sp. FSL W7-1587	Bacillota	Bacteria
2954701	Sporosarcina sp. FSL W8-0480	Bacillota	Bacteria
2954703	Weizmannia sp. FSL W8-0676	Bacillota	Bacteria
2954706	Aeribacillus sp. FSL W8-0870	Bacillota	Bacteria
2954712	Bacillus sp. PS11(2022)	Bacillota	Bacteria
2954715	Bacillus sp. PS65	Bacillota	Bacteria
2954716	Bacillus sp. PS68	Bacillota	Bacteria
2954718	Bacillus sp. PS95	Bacillota	Bacteria
2954719	Bacillus sp. PS194	Bacillota	Bacteria
2954720	Bacillus sp. PS196	Bacillota	Bacteria
2954721	Bacillus sp. PS210	Bacillota	Bacteria
2954722	Bacillus sp. PS217	Bacillota	Bacteria
2954723	Bacillus sp. PS237	Bacillota	Bacteria
2954725	Bacillus sp. PS108	Bacillota	Bacteria
2954726	Paenibacillus sp. FSL E2-0201	Bacillota	Bacteria
2954727	Paenibacillus sp. FSL E2-0230	Bacillota	Bacteria
2954728	Paenibacillus sp. FSL E2-0274	Bacillota	Bacteria
2954732	Paenibacillus sp. FSL F4-0243	Bacillota	Bacteria
2954734	Paenibacillus sp. FSL H3-0329	Bacillota	Bacteria
2954739	Paenibacillus sp. FSL H7-0943	Bacillota	Bacteria
2954741	Paenibacillus sp. FSL H8-0282	Bacillota	Bacteria
2954742	Paenibacillus sp. FSL H8-0332	Bacillota	Bacteria
2954744	Geobacillus sp. FSL K6-0789	Bacillota	Bacteria
2954748	Oceanobacillus sp. FSL K6-2867	Bacillota	Bacteria
2954752	Paenibacillus sp. FSL L8-0158	Bacillota	Bacteria
2954771	Bradyrhizobium sp. Ash2021	Pseudomonadota	Bacteria
2954814	Pseudomonas sp. Stari2	Pseudomonadota	Bacteria
2955208	Polynucleobacter sp. UK-FUSCHL-C3	Pseudomonadota	Bacteria
2955314	Arthrobacter sp. H16F315	Actinomycetota	Bacteria
2956797	Halomonas sp. Y3	Pseudomonadota	Bacteria
2956798	Gilvimarinus sp. DA14	Pseudomonadota	Bacteria
2956823	Mesorhizobium sp. C089B	Pseudomonadota	Bacteria
2956824	Mesorhizobium sp. C120A	Pseudomonadota	Bacteria
2956829	Mesorhizobium sp. C372A	Pseudomonadota	Bacteria
2956830	Mesorhizobium sp. C374B	Pseudomonadota	Bacteria
2956832	Mesorhizobium sp. C395A	Pseudomonadota	Bacteria
2956833	Mesorhizobium sp. C399B	Pseudomonadota	Bacteria
2956834	Mesorhizobium sp. C416B	Pseudomonadota	Bacteria
2956836	Mesorhizobium sp. C432A	Pseudomonadota	Bacteria
2961618	Moraxella sp. FZLJ2107	Pseudomonadota	Bacteria
2961890	Moraxella sp. FZLJ2109	Pseudomonadota	Bacteria
2961941	Sphingobacterium sp. LZ7M1	Bacteroidota	Bacteria
2961948	Alteromonas sp. LMIT006	Pseudomonadota	Bacteria
2962065	Pollutimonas sp. M17	Pseudomonadota	Bacteria
2962597	Pseudomonas sp. Z8(2022)	Pseudomonadota	Bacteria
2962678	Rhizobium sp. YTUHZ044	Pseudomonadota	Bacteria
2962679	Pediococcus sp. AC40	Bacillota	Bacteria
2962681	Bacillus sp. KRF7	Bacillota	Bacteria
2962858	Niallia sp. RD1	Bacillota	Bacteria
2962888	Rhizobium sp. YTUHZ045	Pseudomonadota	Bacteria
2963092	Pseudanabaena sp. Chao 1811	Cyanobacteriota	Bacteria
2963431	Janibacter sp. CX7	Actinomycetota	Bacteria
2963432	Arthrobacter sp. DNA4	Actinomycetota	Bacteria
2963940	Rossellomorea sp. KS-H15a	Bacillota	Bacteria
2964606	Cellvibrio sp. QJXJ	Pseudomonadota	Bacteria
2964607	Streptomyces sp. CRCS-T-1	Actinomycetota	Bacteria
2964610	Arthrobacter sp. zg-Y1171	Actinomycetota	Bacteria
2966192	Streptomyces sp. Je 1-369	Actinomycetota	Bacteria
2966453	Ruegeria sp. YS9	Pseudomonadota	Bacteria
2966554	Comamonas sp. C11	Pseudomonadota	Bacteria
2966625	Chryseobacterium sp. MA9	Bacteroidota	Bacteria
2967130	Pelagibacterium sp. 26DY04	Pseudomonadota	Bacteria
2967224	Streptomyces sp. SJL17-4	Actinomycetota	Bacteria
2967299	Mycoplasma sp. 1578d	Mycoplasmatota	Bacteria
2967300	Mycoplasma sp. 3686d	Mycoplasmatota	Bacteria
2967301	Mycoplasma sp. 2045	Mycoplasmatota	Bacteria
2967302	Mycoplasma sp. 1018B	Mycoplasmatota	Bacteria
2967972	Spiroplasma endosymbiont of Anurida maritima	Mycoplasmatota	Bacteria
2968057	Sphingomonas sp. NY01	Pseudomonadota	Bacteria
2968475	Mycoavidus sp. SF9855	Pseudomonadota	Bacteria
2968499	Lysinibacillus sp. FN11	Bacillota	Bacteria
2968500	Sphingopyxis sp. DBS4	Pseudomonadota	Bacteria
2968831	Aquiluna sp. KACHI24	Actinomycetota	Bacteria
2969106	Wolbachia endosymbiont of Listronotus oregonensis	Pseudomonadota	Bacteria
2969250	Sorangium sp. So ce836	Myxococcota	Bacteria
2969308	Pseudoxanthomonas sp. JBR18	Pseudomonadota	Bacteria
2969431	Enterobacter cloacae complex sp. R_G8	Pseudomonadota	Bacteria
2969528	Agrobacterium sp. El2ro-1b	Pseudomonadota	Bacteria
2969621	Allobosea sp. NBC_00550	Pseudomonadota	Bacteria
2969671	Ignatzschineria sp. 22MB058224	Pseudomonadota	Bacteria
2969820	Streptomyces sp. R-74717	Actinomycetota	Bacteria
2970464	Massilia sp. H6	Pseudomonadota	Bacteria
2970818	Pantoea sp. SOD02	Pseudomonadota	Bacteria
2970891	Chitinibacter sp. SCUT-21	Pseudomonadota	Bacteria
2970925	Sphingobium sp. JS3065	Pseudomonadota	Bacteria
2971235	Xanthomonas sp. CFBP 8443	Pseudomonadota	Bacteria
2971236	Xanthomonas sp. CFBP 8445	Pseudomonadota	Bacteria
2971606	Marinobacter sp. MA	Pseudomonadota	Bacteria
2971798	Streptomyces sp. G7(2002)	Actinomycetota	Bacteria
2971912	Pseudomonas sp. CBS	Pseudomonadota	Bacteria
2972478	Pseudomonas sp. LS1212	Pseudomonadota	Bacteria
2972479	Arthrobacter sp. CJ23	Actinomycetota	Bacteria
2972483	Lysinibacillus sp. OF-1	Bacillota	Bacteria
2972761	Bacteroides sp. BFG-257	Bacteroidota	Bacteria
2972763	Bacteroides sp. BFG-606	Bacteroidota	Bacteria
2972764	Bacteroides sp. BFG-637	Bacteroidota	Bacteria
2972765	Bacteroides sp. BFG-638	Bacteroidota	Bacteria
2972775	Neisseria sp. Marseille-Q5346	Pseudomonadota	Bacteria
2973088	Pseudomonas sp. BW7P1	Pseudomonadota	Bacteria
2973089	Paenarthrobacter sp. AT5	Actinomycetota	Bacteria
2973093	Mycolicibacterium sp. yt	Actinomycetota	Bacteria
2973594	Mycolicibacterium sp. jd	Actinomycetota	Bacteria
2973976	Pseudarthrobacter sp. NS4	Actinomycetota	Bacteria
2973977	Cellulomonas sp. NS3	Actinomycetota	Bacteria
2974552	Pseudomonas sp. GCEP-101	Pseudomonadota	Bacteria
2975049	Pseudomonas sp. N3-W	Pseudomonadota	Bacteria
2975050	Brucella sp. 1315	Pseudomonadota	Bacteria
2975051	Brucella sp. 2594	Pseudomonadota	Bacteria
2975052	Brucella sp. 2716	Pseudomonadota	Bacteria
2975055	Cysteiniphilum sp. QT6929	Pseudomonadota	Bacteria
2975289	Peribacillus sp. FSL E2-0159	Bacillota	Bacteria
2975291	Paenibacillus sp. FSL K6-1318	Bacillota	Bacteria
2975292	Paenibacillus sp. FSL K6-1330	Bacillota	Bacteria
2975293	Bacillus sp. FSL K6-1560	Bacillota	Bacteria
2975294	Bacillus sp. FSL K6-2861	Bacillota	Bacteria
2975295	Bacillus sp. FSL K6-2865	Bacillota	Bacteria
2975298	Bacillus sp. FSL L8-0358	Bacillota	Bacteria
2975299	Bacillus sp. FSL R5-0416	Bacillota	Bacteria
2975302	Bacillus sp. FSL R5-0443	Bacillota	Bacteria
2975303	Bacillus sp. FSL R5-0447	Bacillota	Bacteria
2975304	Bacillus sp. FSL R5-0523	Bacillota	Bacteria
2975306	Bacillus sp. FSL R5-0593	Bacillota	Bacteria
2975317	Paenibacillus sp. FSL P2-0136	Bacillota	Bacteria
2975322	Oceanobacillus sp. FSL W7-1304	Bacillota	Bacteria
2975323	Bacillus sp. FSL K6-8391	Bacillota	Bacteria
2975324	Streptococcus sp. FSL R7-0248	Bacillota	Bacteria
2975331	Paenibacillus sp. FSL L8-0333	Bacillota	Bacteria
2975339	Paenibacillus sp. FSL W8-1187	Bacillota	Bacteria
2975344	Bacillus sp. EU63	Bacillota	Bacteria
2975345	Paenibacillus sp. FSL H7-0350	Bacillota	Bacteria
2975349	Streptococcus sp. FSL W8-0197	Bacillota	Bacteria
2975350	Geobacillus sp. FSL W8-0466	Bacillota	Bacteria
2975620	Streptomyces sp. NBC_00009	Actinomycetota	Bacteria
2975621	Streptomyces sp. NBC_00012	Actinomycetota	Bacteria
2975622	Streptomyces sp. NBC_00016	Actinomycetota	Bacteria
2975623	Streptomyces sp. NBC_00019	Actinomycetota	Bacteria
2975624	Streptomyces sp. NBC_00028	Actinomycetota	Bacteria
2975625	Streptomyces sp. NBC_00045	Actinomycetota	Bacteria
2975626	Streptomyces sp. NBC_00046	Actinomycetota	Bacteria
2975628	Streptomyces sp. NBC_00048	Actinomycetota	Bacteria
2975631	Streptomyces sp. NBC_00053	Actinomycetota	Bacteria
2975632	Streptomyces sp. NBC_00055	Actinomycetota	Bacteria
2975633	Streptomyces sp. NBC_00056	Actinomycetota	Bacteria
2975634	Streptomyces sp. NBC_00057	Actinomycetota	Bacteria
2975636	Streptomyces sp. NBC_00060	Actinomycetota	Bacteria
2975639	Streptomyces sp. NBC_00069	Actinomycetota	Bacteria
2975640	Streptomyces sp. NBC_00073	Actinomycetota	Bacteria
2975641	Streptomyces sp. NBC_00075	Actinomycetota	Bacteria
2975642	Streptomyces sp. NBC_00076	Actinomycetota	Bacteria
2975644	Streptomyces sp. NBC_00079	Actinomycetota	Bacteria
2975645	Streptomyces sp. NBC_00080	Actinomycetota	Bacteria
2975646	Streptomyces sp. NBC_00081	Actinomycetota	Bacteria
2975650	Streptomyces sp. NBC_00096	Actinomycetota	Bacteria
2975651	Streptomyces sp. NBC_00101	Actinomycetota	Bacteria
2975654	Streptomyces sp. NBC_00110	Actinomycetota	Bacteria
2975655	Streptomyces sp. NBC_00111	Actinomycetota	Bacteria
2975656	Streptomyces sp. NBC_00114	Actinomycetota	Bacteria
2975657	Streptomyces sp. NBC_00117	Actinomycetota	Bacteria
2975658	Streptomyces sp. NBC_00118	Actinomycetota	Bacteria
2975661	Streptomyces sp. NBC_00121	Actinomycetota	Bacteria
2975663	Streptomyces sp. NBC_00134	Actinomycetota	Bacteria
2975665	Streptomyces sp. NBC_00144	Actinomycetota	Bacteria
2975666	Streptomyces sp. NBC_00145	Actinomycetota	Bacteria
2975667	Streptomyces sp. NBC_00147	Actinomycetota	Bacteria
2975668	Streptomyces sp. NBC_00150	Actinomycetota	Bacteria
2975669	Streptomyces sp. NBC_00151	Actinomycetota	Bacteria
2975671	Streptomyces sp. NBC_00161	Actinomycetota	Bacteria
2975672	Streptomyces sp. NBC_00178	Actinomycetota	Bacteria
2975673	Streptomyces sp. NBC_00184	Actinomycetota	Bacteria
2975674	Streptomyces sp. NBC_00191	Actinomycetota	Bacteria
2975676	Streptomyces sp. NBC_00197	Actinomycetota	Bacteria
2975680	Streptomyces sp. NBC_00203	Actinomycetota	Bacteria
2975681	Streptomyces sp. NBC_00208	Actinomycetota	Bacteria
2975682	Streptomyces sp. NBC_00209	Actinomycetota	Bacteria
2975683	Streptomyces sp. NBC_00211	Actinomycetota	Bacteria
2975684	Streptomyces sp. NBC_00212	Actinomycetota	Bacteria
2975685	Streptomyces sp. NBC_00224	Actinomycetota	Bacteria
2975688	Streptomyces sp. NBC_00243	Actinomycetota	Bacteria
2975689	Streptomyces sp. NBC_00247	Actinomycetota	Bacteria
2975691	Streptomyces sp. NBC_00252	Actinomycetota	Bacteria
2975692	Streptomyces sp. NBC_00257	Actinomycetota	Bacteria
2975694	Streptomyces sp. NBC_00267	Actinomycetota	Bacteria
2975696	Streptomyces sp. NBC_00269	Actinomycetota	Bacteria
2975697	Streptomyces sp. NBC_00271	Actinomycetota	Bacteria
2975698	Streptomyces sp. NBC_00272	Actinomycetota	Bacteria
2975699	Streptomyces sp. NBC_00280	Actinomycetota	Bacteria
2975700	Streptomyces sp. NBC_00285	Actinomycetota	Bacteria
2975701	Streptomyces sp. NBC_00286	Actinomycetota	Bacteria
2975702	Streptomyces sp. NBC_00287	Actinomycetota	Bacteria
2975703	Streptomyces sp. NBC_00289	Actinomycetota	Bacteria
2975705	Streptomyces sp. NBC_00299	Actinomycetota	Bacteria
2975706	Streptomyces sp. NBC_00304	Actinomycetota	Bacteria
2975708	Streptomyces sp. NBC_00306	Actinomycetota	Bacteria
2975709	Streptomyces sp. NBC_00311	Actinomycetota	Bacteria
2975710	Streptomyces sp. NBC_00316	Actinomycetota	Bacteria
2975712	Streptomyces sp. NBC_00322	Actinomycetota	Bacteria
2975713	Streptomyces sp. NBC_00334	Actinomycetota	Bacteria
2975714	Streptomyces sp. NBC_00335	Actinomycetota	Bacteria
2975717	Streptomyces sp. NBC_00341	Actinomycetota	Bacteria
2975718	Streptomyces sp. NBC_00342	Actinomycetota	Bacteria
2975719	Streptomyces sp. NBC_00343	Actinomycetota	Bacteria
2975720	Streptomyces sp. NBC_00344	Actinomycetota	Bacteria
2975722	Streptomyces sp. NBC_00353	Actinomycetota	Bacteria
2975723	Streptomyces sp. NBC_00354	Actinomycetota	Bacteria
2975724	Streptomyces sp. NBC_00356	Actinomycetota	Bacteria
2975725	Streptomyces sp. NBC_00358	Actinomycetota	Bacteria
2975727	Streptomyces sp. NBC_00366	Actinomycetota	Bacteria
2975728	Streptomyces sp. NBC_00370	Actinomycetota	Bacteria
2975729	Streptomyces sp. NBC_00371	Actinomycetota	Bacteria
2975730	Streptomyces sp. NBC_00376	Actinomycetota	Bacteria
2975731	Streptomyces sp. NBC_00377	Actinomycetota	Bacteria
2975733	Streptomyces sp. NBC_00385	Actinomycetota	Bacteria
2975734	Streptomyces sp. NBC_00386	Actinomycetota	Bacteria
2975735	Streptomyces sp. NBC_00388	Actinomycetota	Bacteria
2975736	Streptomyces sp. NBC_00390	Actinomycetota	Bacteria
2975737	Streptomyces sp. NBC_00400	Actinomycetota	Bacteria
2975739	Streptomyces sp. NBC_00414	Actinomycetota	Bacteria
2975740	Streptomyces sp. NBC_00425	Actinomycetota	Bacteria
2975741	Streptomyces sp. NBC_00440	Actinomycetota	Bacteria
2975742	Streptomyces sp. NBC_00441	Actinomycetota	Bacteria
2975743	Streptomyces sp. NBC_00443	Actinomycetota	Bacteria
2975744	Streptomyces sp. NBC_00444	Actinomycetota	Bacteria
2975745	Streptomyces sp. NBC_00445	Actinomycetota	Bacteria
2975747	Streptomyces sp. NBC_00454	Actinomycetota	Bacteria
2975748	Streptomyces sp. NBC_00457	Actinomycetota	Bacteria
2975749	Streptomyces sp. NBC_00459	Actinomycetota	Bacteria
2975750	Streptomyces sp. NBC_00461	Actinomycetota	Bacteria
2975751	Streptomyces sp. NBC_00464	Actinomycetota	Bacteria
2975752	Streptomyces sp. NBC_00467	Actinomycetota	Bacteria
2975753	Streptomyces sp. NBC_00470	Actinomycetota	Bacteria
2975755	Streptomyces sp. NBC_00481	Actinomycetota	Bacteria
2975756	Streptomyces sp. NBC_00483	Actinomycetota	Bacteria
2975757	Streptomyces sp. NBC_00484	Actinomycetota	Bacteria
2975758	Streptomyces sp. NBC_00485	Actinomycetota	Bacteria
2975759	Streptomyces sp. NBC_00493	Actinomycetota	Bacteria
2975760	Streptomyces sp. NBC_00498	Actinomycetota	Bacteria
2975761	Streptomyces sp. NBC_00499	Actinomycetota	Bacteria
2975762	Streptomyces sp. NBC_00500	Actinomycetota	Bacteria
2975763	Streptomyces sp. NBC_00513	Actinomycetota	Bacteria
2975764	Streptomyces sp. NBC_00519	Actinomycetota	Bacteria
2975765	Streptomyces sp. NBC_00523	Actinomycetota	Bacteria
2975769	Streptomyces sp. NBC_00536	Actinomycetota	Bacteria
2975770	Streptomyces sp. NBC_00539	Actinomycetota	Bacteria
2975776	Streptomyces sp. NBC_00557	Actinomycetota	Bacteria
2975777	Streptomyces sp. NBC_00562	Actinomycetota	Bacteria
2975778	Streptomyces sp. NBC_00566	Actinomycetota	Bacteria
2975780	Streptomyces sp. NBC_00569	Actinomycetota	Bacteria
2975783	Streptomyces sp. NBC_00582	Actinomycetota	Bacteria
2975784	Streptomyces sp. NBC_00588	Actinomycetota	Bacteria
2975785	Streptomyces sp. NBC_00589	Actinomycetota	Bacteria
2975786	Streptomyces sp. NBC_00597	Actinomycetota	Bacteria
2975788	Streptomyces sp. NBC_00618	Actinomycetota	Bacteria
2975789	Streptomyces sp. NBC_00622	Actinomycetota	Bacteria
2975790	Streptomyces sp. NBC_00623	Actinomycetota	Bacteria
2975791	Streptomyces sp. NBC_00624	Actinomycetota	Bacteria
2975792	Streptomyces sp. NBC_00626	Actinomycetota	Bacteria
2975793	Streptomyces sp. NBC_00631	Actinomycetota	Bacteria
2975795	Streptomyces sp. NBC_00645	Actinomycetota	Bacteria
2975796	Streptomyces sp. NBC_00647	Actinomycetota	Bacteria
2975797	Streptomyces sp. NBC_00648	Actinomycetota	Bacteria
2975798	Streptomyces sp. NBC_00649	Actinomycetota	Bacteria
2975800	Streptomyces sp. NBC_00658	Actinomycetota	Bacteria
2975801	Streptomyces sp. NBC_00663	Actinomycetota	Bacteria
2975802	Streptomyces sp. NBC_00664	Actinomycetota	Bacteria
2975803	Streptomyces sp. NBC_00667	Actinomycetota	Bacteria
2975804	Streptomyces sp. NBC_00670	Actinomycetota	Bacteria
2975808	Streptomyces sp. NBC_00690	Actinomycetota	Bacteria
2975809	Streptomyces sp. NBC_00704	Actinomycetota	Bacteria
2975811	Streptomyces sp. NBC_00715	Actinomycetota	Bacteria
2975812	Streptomyces sp. NBC_00724	Actinomycetota	Bacteria
2975828	Streptomyces sp. NBC_00775	Actinomycetota	Bacteria
2975842	Streptomyces sp. NBC_00820	Actinomycetota	Bacteria
2975843	Streptomyces sp. NBC_00822	Actinomycetota	Bacteria
2975844	Streptomyces sp. NBC_00825	Actinomycetota	Bacteria
2975845	Streptomyces sp. NBC_00826	Actinomycetota	Bacteria
2975847	Streptomyces sp. NBC_00841	Actinomycetota	Bacteria
2975848	Streptomyces sp. NBC_00842	Actinomycetota	Bacteria
2975849	Streptomyces sp. NBC_00846	Actinomycetota	Bacteria
2975851	Streptomyces sp. NBC_00857	Actinomycetota	Bacteria
2975852	Streptomyces sp. NBC_00873	Actinomycetota	Bacteria
2975853	Streptomyces sp. NBC_00876	Actinomycetota	Bacteria
2975855	Streptomyces sp. NBC_00879	Actinomycetota	Bacteria
2975856	Streptomyces sp. NBC_00882	Actinomycetota	Bacteria
2975857	Streptomyces sp. NBC_00885	Actinomycetota	Bacteria
2975859	Streptomyces sp. NBC_00887	Actinomycetota	Bacteria
2975860	Streptomyces sp. NBC_00891	Actinomycetota	Bacteria
2975866	Streptomyces sp. NBC_01426	Actinomycetota	Bacteria
2975867	Streptomyces sp. NBC_01454	Actinomycetota	Bacteria
2975868	Streptomyces sp. NBC_01456	Actinomycetota	Bacteria
2975870	Streptomyces sp. NBC_01498	Actinomycetota	Bacteria
2975871	Streptomyces sp. NBC_01544	Actinomycetota	Bacteria
2975872	Streptomyces sp. NBC_01546	Actinomycetota	Bacteria
2975873	Streptomyces sp. NBC_01547	Actinomycetota	Bacteria
2975875	Streptomyces sp. NBC_01550	Actinomycetota	Bacteria
2975877	Streptomyces sp. NBC_01553	Actinomycetota	Bacteria
2975878	Streptomyces sp. NBC_01558	Actinomycetota	Bacteria
2975879	Streptomyces sp. NBC_01562	Actinomycetota	Bacteria
2975880	Streptomyces sp. NBC_01563	Actinomycetota	Bacteria
2975882	Streptomyces sp. NBC_01568	Actinomycetota	Bacteria
2975884	Streptomyces sp. NBC_01578	Actinomycetota	Bacteria
2975885	Streptomyces sp. NBC_01579	Actinomycetota	Bacteria
2975886	Streptomyces sp. NBC_01589	Actinomycetota	Bacteria
2975887	Streptomyces sp. NBC_01590	Actinomycetota	Bacteria
2975888	Streptomyces sp. NBC_01591	Actinomycetota	Bacteria
2975889	Streptomyces sp. NBC_01592	Actinomycetota	Bacteria
2975890	Streptomyces sp. NBC_01594	Actinomycetota	Bacteria
2975891	Streptomyces sp. NBC_01597	Actinomycetota	Bacteria
2975892	Streptomyces sp. NBC_01601	Actinomycetota	Bacteria
2975893	Streptomyces sp. NBC_01602	Actinomycetota	Bacteria
2975894	Streptomyces sp. NBC_01604	Actinomycetota	Bacteria
2975896	Streptomyces sp. NBC_01613	Actinomycetota	Bacteria
2975897	Streptomyces sp. NBC_01614	Actinomycetota	Bacteria
2975898	Streptomyces sp. NBC_01615	Actinomycetota	Bacteria
2975899	Streptomyces sp. NBC_01617	Actinomycetota	Bacteria
2975900	Streptomyces sp. NBC_01618	Actinomycetota	Bacteria
2975902	Streptomyces sp. NBC_01620	Actinomycetota	Bacteria
2975903	Streptomyces sp. NBC_01622	Actinomycetota	Bacteria
2975904	Streptomyces sp. NBC_01635	Actinomycetota	Bacteria
2975905	Streptomyces sp. NBC_01637	Actinomycetota	Bacteria
2975906	Streptomyces sp. NBC_01643	Actinomycetota	Bacteria
2975907	Streptomyces sp. NBC_01650	Actinomycetota	Bacteria
2975908	Streptomyces sp. NBC_01653	Actinomycetota	Bacteria
2975910	Streptomyces sp. NBC_01685	Actinomycetota	Bacteria
2975911	Streptomyces sp. NBC_01689	Actinomycetota	Bacteria
2975912	Streptomyces sp. NBC_01693	Actinomycetota	Bacteria
2975913	Streptomyces sp. NBC_01696	Actinomycetota	Bacteria
2975914	Streptomyces sp. NBC_01707	Actinomycetota	Bacteria
2975915	Streptomyces sp. NBC_01708	Actinomycetota	Bacteria
2975916	Streptomyces sp. NBC_01715	Actinomycetota	Bacteria
2975917	Streptomyces sp. NBC_01716	Actinomycetota	Bacteria
2975918	Streptomyces sp. NBC_01717	Actinomycetota	Bacteria
2975919	Streptomyces sp. NBC_01718	Actinomycetota	Bacteria
2975921	Streptomyces sp. NBC_01723	Actinomycetota	Bacteria
2975922	Streptomyces sp. NBC_01724	Actinomycetota	Bacteria
2975923	Streptomyces sp. NBC_01725	Actinomycetota	Bacteria
2975924	Streptomyces sp. NBC_01727	Actinomycetota	Bacteria
2975926	Streptomyces sp. NBC_01732	Actinomycetota	Bacteria
2975927	Streptomyces sp. NBC_01744	Actinomycetota	Bacteria
2975928	Streptomyces sp. NBC_01750	Actinomycetota	Bacteria
2975929	Streptomyces sp. NBC_01751	Actinomycetota	Bacteria
2975930	Streptomyces sp. NBC_01754	Actinomycetota	Bacteria
2975931	Streptomyces sp. NBC_01760	Actinomycetota	Bacteria
2975932	Streptomyces sp. NBC_01761	Actinomycetota	Bacteria
2975933	Streptomyces sp. NBC_01762	Actinomycetota	Bacteria
2975934	Streptomyces sp. NBC_01763	Actinomycetota	Bacteria
2975936	Streptomyces sp. NBC_01766	Actinomycetota	Bacteria
2975938	Streptomyces sp. NBC_01768	Actinomycetota	Bacteria
2975939	Streptomyces sp. NBC_01775	Actinomycetota	Bacteria
2975940	Streptomyces sp. NBC_01788	Actinomycetota	Bacteria
2975942	Streptomyces sp. NBC_01794	Actinomycetota	Bacteria
2975943	Streptomyces sp. NBC_01795	Actinomycetota	Bacteria
2975945	Streptomyces sp. NBC_01800	Actinomycetota	Bacteria
2975946	Streptomyces sp. NBC_01803	Actinomycetota	Bacteria
2975947	Streptomyces sp. NBC_01808	Actinomycetota	Bacteria
2975948	Streptosporangium sp. NBC_01639	Actinomycetota	Bacteria
2975949	Streptosporangium sp. NBC_01755	Actinomycetota	Bacteria
2975950	Streptosporangium sp. NBC_01756	Actinomycetota	Bacteria
2975951	Streptosporangium sp. NBC_01810	Actinomycetota	Bacteria
2975952	Actinomycetospora sp. NBC_00405	Actinomycetota	Bacteria
2975953	Actinoplanes sp. NBC_00393	Actinomycetota	Bacteria
2975955	Amycolatopsis sp. NBC_00345	Actinomycetota	Bacteria
2975956	Amycolatopsis sp. NBC_00348	Actinomycetota	Bacteria
2975957	Amycolatopsis sp. NBC_00355	Actinomycetota	Bacteria
2975959	Dactylosporangium sp. NBC_01737	Actinomycetota	Bacteria
2975960	Embleya sp. NBC_00888	Actinomycetota	Bacteria
2975961	Embleya sp. NBC_00896	Actinomycetota	Bacteria
2975962	Kitasatospora sp. NBC_00070	Actinomycetota	Bacteria
2975963	Kitasatospora sp. NBC_00315	Actinomycetota	Bacteria
2975964	Kitasatospora sp. NBC_00374	Actinomycetota	Bacteria
2975965	Kitasatospora sp. NBC_01560	Actinomycetota	Bacteria
2975966	Kribbella sp. NBC_00359	Actinomycetota	Bacteria
2975967	Kribbella sp. NBC_00382	Actinomycetota	Bacteria
2975968	Kribbella sp. NBC_00482	Actinomycetota	Bacteria
2975969	Kribbella sp. NBC_00662	Actinomycetota	Bacteria
2975972	Kribbella sp. NBC_00709	Actinomycetota	Bacteria
2975974	Kribbella sp. NBC_00889	Actinomycetota	Bacteria
2975976	Micromonospora sp. NBC_00421	Actinomycetota	Bacteria
2975977	Micromonospora sp. NBC_00821	Actinomycetota	Bacteria
2975978	Micromonospora sp. NBC_00855	Actinomycetota	Bacteria
2975979	Micromonospora sp. NBC_00858	Actinomycetota	Bacteria
2975980	Micromonospora sp. NBC_00860	Actinomycetota	Bacteria
2975981	Micromonospora sp. NBC_00898	Actinomycetota	Bacteria
2975982	Micromonospora sp. NBC_01638	Actinomycetota	Bacteria
2975984	Micromonospora sp. NBC_01699	Actinomycetota	Bacteria
2975985	Micromonospora sp. NBC_01739	Actinomycetota	Bacteria
2975986	Micromonospora sp. NBC_01740	Actinomycetota	Bacteria
2975987	Micromonospora sp. NBC_01796	Actinomycetota	Bacteria
2975988	Micromonospora sp. NBC_01813	Actinomycetota	Bacteria
2975989	Mycobacterium sp. NBC_00419	Actinomycetota	Bacteria
2975990	Nocardia sp. NBC_00403	Actinomycetota	Bacteria
2975991	Nocardia sp. NBC_00416	Actinomycetota	Bacteria
2975992	Nocardia sp. NBC_00508	Actinomycetota	Bacteria
2975993	Nocardia sp. NBC_00565	Actinomycetota	Bacteria
2975995	Nocardia sp. NBC_00881	Actinomycetota	Bacteria
2975996	Nocardia sp. NBC_01009	Actinomycetota	Bacteria
2975997	Nocardia sp. NBC_01503	Actinomycetota	Bacteria
2975998	Nocardia sp. NBC_01730	Actinomycetota	Bacteria
2975999	Nocardioides sp. NBC_00163	Actinomycetota	Bacteria
2976000	Nocardioides sp. NBC_00368	Actinomycetota	Bacteria
2976001	Nocardioides sp. NBC_00850	Actinomycetota	Bacteria
2976002	Nonomuraea sp. NBC_00507	Actinomycetota	Bacteria
2976003	Nonomuraea sp. NBC_01738	Actinomycetota	Bacteria
2976004	Rhodococcus sp. NBC_00294	Actinomycetota	Bacteria
2976005	Rhodococcus sp. NBC_00297	Actinomycetota	Bacteria
2976007	Spirillospora sp. NBC_01491	Actinomycetota	Bacteria
2976008	Streptomyces sp. NBC_00223	Actinomycetota	Bacteria
2976011	Streptomyces sp. NBC_00669	Actinomycetota	Bacteria
2976015	Streptomyces sp. NBC_01477	Actinomycetota	Bacteria
2976236	Vibrio sp. STUT-A11	Pseudomonadota	Bacteria
2976237	Vibrio sp. STUT-A16	Pseudomonadota	Bacteria
2976333	Pseudomonas sp. NBB	Pseudomonadota	Bacteria
2976335	Chlorobaculum sp. MV4-Y	Chlorobiota	Bacteria
2976343	Cyanobacterium sp. uoEpiScrs1	Cyanobacteriota	Bacteria
2976431	Enterobacter sp. CP102	Pseudomonadota	Bacteria
2976459	Devosia sp. SD17-2	Pseudomonadota	Bacteria
2976533	Sphingopyxis sp. PET50	Pseudomonadota	Bacteria
2976680	Devosia sp. FJ2-5-3	Pseudomonadota	Bacteria
2976768	Seonamhaeicola sp. MEBiC01930	Bacteroidota	Bacteria
2976812	Aerococcus sp. Group 1	Bacillota	Bacteria
2976818	Cloacibacterium sp. TD35	Bacteroidota	Bacteria
2976822	Bradyrhizobium sp. CB1015	Pseudomonadota	Bacteria
2976834	Paenibacillus sp. FSL k6-2145	Bacillota	Bacteria
2976883	Pseudomonas sp. SD17-1	Pseudomonadota	Bacteria
2976884	Pseudomonas sp. FJ2-5-13	Pseudomonadota	Bacteria
2976982	Pigmentibacter sp. JX0631	Bdellovibrionota	Bacteria
2977120	Oceanimonas sp. AH20CE76	Pseudomonadota	Bacteria
2977321	Flavobacterium sp. TR2	Bacteroidota	Bacteria
2978125	Acidovorax sp. K2F	Pseudomonadota	Bacteria
2978127	Aquabacterium sp. OR-4	Pseudomonadota	Bacteria
2978283	Halorhabdus sp. SVX81	Methanobacteriota	Archaea
2978392	Phyllobacterium sp. A18/5-2	Pseudomonadota	Bacteria
2978474	Synechococcus sp. CCFWC 502	Cyanobacteriota	Bacteria
2978741	Vibrio sp. J502	Pseudomonadota	Bacteria
2978974	Neorhizobium sp. CSC1952	Pseudomonadota	Bacteria
2979320	Bartonella sp. HY328	Pseudomonadota	Bacteria
2979321	Bartonella sp. HY329	Pseudomonadota	Bacteria
2979324	Paenarthrobacter sp. JL.01a	Actinomycetota	Bacteria
2979330	Bartonella sp. HY761	Pseudomonadota	Bacteria
2979331	Bartonella sp. HY406	Pseudomonadota	Bacteria
2979461	Qipengyuania sp. SS22	Pseudomonadota	Bacteria
2979467	Sphingobium sp. WTD-1	Pseudomonadota	Bacteria
2979468	Streptomyces sp. S465	Actinomycetota	Bacteria
2979469	Maridesulfovibrio sp. FT414	Thermodesulfobacteriota	Bacteria
2979727	Paenibacillus sp. KS-LC4	Bacillota	Bacteria
2979861	Rhizobium sp. TRM96647	Pseudomonadota	Bacteria
2979862	Rhizobium sp. TRM95796	Pseudomonadota	Bacteria
2979863	Rhizobium sp. TRM96650	Pseudomonadota	Bacteria
2979870	Aminobacter sp. NyZ550	Pseudomonadota	Bacteria
2979871	Salmonella sp. 3C	Pseudomonadota	Bacteria
2980181	Halorhabdus sp. BNX81	Methanobacteriota	Archaea
2980404	Nitrosomonas sp. PLL12-2	Pseudomonadota	Bacteria
2980498	Achromobacter sp. SS2-2022	Pseudomonadota	Bacteria
2980499	Enterobacter sp. 155105	Pseudomonadota	Bacteria
2980556	Streptomyces sp. CA-278952	Actinomycetota	Bacteria
2980557	Kosakonia sp. ML.JS2a	Pseudomonadota	Bacteria
2981138	Crossiella sp. CA-258035	Actinomycetota	Bacteria
2982531	Xanthomonas sp. AM6	Pseudomonadota	Bacteria
2982615	Polynucleobacter sp. KF022	Pseudomonadota	Bacteria
2982691	Halomonas sp. GD1P12	Pseudomonadota	Bacteria
2982692	Halomonas sp. M4R1S46	Pseudomonadota	Bacteria
2982694	Halomonas sp. LR3S48	Pseudomonadota	Bacteria
2982699	Gordonia sp. L191	Actinomycetota	Bacteria
2982700	Bacillus sp. L381	Bacillota	Bacteria
2983208	Lactobacillus sp. ESL0677	Bacillota	Bacteria
2983210	Lactobacillus sp. ESL0680	Bacillota	Bacteria
2983211	Lactobacillus sp. ESL0681	Bacillota	Bacteria
2983212	Bifidobacterium sp. ESL0682	Actinomycetota	Bacteria
2983213	Lactobacillus sp. ESL0684	Bacillota	Bacteria
2983214	Bifidobacterium sp. ESL0690	Actinomycetota	Bacteria
2983215	Acinetobacter sp. ESL0695	Pseudomonadota	Bacteria
2983216	Lactobacillus sp. ESL0700	Bacillota	Bacteria
2983219	Bifidobacterium sp. ESL0704	Actinomycetota	Bacteria
2983220	Bifidobacterium sp. ESL0728	Actinomycetota	Bacteria
2983221	Lactobacillus sp. ESL0731	Bacillota	Bacteria
2983222	Bifidobacterium sp. ESL0732	Actinomycetota	Bacteria
2983228	Bifidobacterium sp. ESL0764	Actinomycetota	Bacteria
2983229	Bifidobacterium sp. ESL0769	Actinomycetota	Bacteria
2983230	Bifidobacterium sp. ESL0775	Actinomycetota	Bacteria
2983232	Lactobacillus sp. ESL0785	Bacillota	Bacteria
2983233	Bifidobacterium sp. ESL0790	Actinomycetota	Bacteria
2983235	Bifidobacterium sp. ESL0798	Actinomycetota	Bacteria
2983236	Bifidobacterium sp. ESL0800	Actinomycetota	Bacteria
2983246	Pseudomonas sp. SO81	Pseudomonadota	Bacteria
2983267	Chryseobacterium sp. PET-29	Bacteroidota	Bacteria
2983299	Psychrobacter sp. SC65A.3	Pseudomonadota	Bacteria
2983836	Campylobacter sp. VBCF_01 NA2	Campylobacterota	Bacteria
2983842	Thermoanaerobacter sp. RKWS2	Bacillota	Bacteria
2984142	Campylobacter sp. CS_NA3	Campylobacterota	Bacteria
2984146	Campylobacter sp. CN_NE2	Campylobacterota	Bacteria
2984322	Candidatus Kirkpatrickella diaphorinae	Pseudomonadota	Bacteria
2984842	Glutamicibacter sp. JL.03c	Actinomycetota	Bacteria
2984845	Weizmannia sp. WK01	Bacillota	Bacteria
2984951	Oceanotoga sp. DSM 15011	Thermotogota	Bacteria
2985180	Pectobacterium sp. A5354	Pseudomonadota	Bacteria
2985506	Homoserinibacter sp. YIM 151385	Actinomycetota	Bacteria
2985571	Bifidobacterium sp. KRGSERBCFTRI	Actinomycetota	Bacteria
2986279	Aurantimicrobium sp. INA4	Actinomycetota	Bacteria
2986280	Limnohabitans sp. INBF002	Pseudomonadota	Bacteria
2986281	Limnohabitans sp. TEGF004	Pseudomonadota	Bacteria
2986424	Brucella sp. MAB-22	Pseudomonadota	Bacteria
2986524	Klebsiella sp. KP20-425-1	Pseudomonadota	Bacteria
2986763	Serratia sp. UGAL515B_01	Pseudomonadota	Bacteria
2986766	Delftia sp. UGAL515B_04	Pseudomonadota	Bacteria
2986767	Sphingobacterium sp. UGAL515B_05	Bacteroidota	Bacteria
2986803	Streptomyces sp. VB1	Actinomycetota	Bacteria
2986822	Flavobacterium sp. N1718	Bacteroidota	Bacteria
2986823	Flavobacterium sp. N1736	Bacteroidota	Bacteria
2986824	Flavobacterium sp. N1846	Bacteroidota	Bacteria
2986825	Flavobacterium sp. N1861	Bacteroidota	Bacteria
2986826	Flavobacterium sp. N1946	Bacteroidota	Bacteria
2986827	Flavobacterium sp. N1994	Bacteroidota	Bacteria
2986828	Flavobacterium sp. N2013	Bacteroidota	Bacteria
2986829	Flavobacterium sp. N2038	Bacteroidota	Bacteria
2986830	Flavobacterium sp. N2155	Bacteroidota	Bacteria
2986831	Flavobacterium sp. N2270	Bacteroidota	Bacteria
2986832	Flavobacterium sp. N2469	Bacteroidota	Bacteria
2986833	Flavobacterium sp. N2550	Bacteroidota	Bacteria
2986834	Flavobacterium sp. N2820	Bacteroidota	Bacteria
2986835	Flavobacterium sp. N3904	Bacteroidota	Bacteria
2986836	Flavobacterium sp. N501239	Bacteroidota	Bacteria
2986837	Flavobacterium sp. N502536	Bacteroidota	Bacteria
2986838	Flavobacterium sp. N502540	Bacteroidota	Bacteria
2986839	Flavobacterium sp. N503310	Bacteroidota	Bacteria
2986947	Pseudomonas sp. WJP1	Pseudomonadota	Bacteria
2986951	Buttiauxella sp. WJP83	Pseudomonadota	Bacteria
2987521	Streptomyces sp. BI87	Actinomycetota	Bacteria
2987530	Clostridium sp. LIBA-8841	Bacillota	Bacteria
2987533	Streptomyces sp. BPPL-273	Actinomycetota	Bacteria
2987701	Arthrobacter sp. YA7-1	Actinomycetota	Bacteria
2989572	Enterobacter cloacae complex sp. HYC042_NIDB	Pseudomonadota	Bacteria
2989717	Hyphococcus sp. D3-15	Pseudomonadota	Bacteria
2989725	Shewanella sp. JNE10-2	Pseudomonadota	Bacteria
2989726	Shewanella sp. JNE7	Pseudomonadota	Bacteria
2989727	Shewanella sp. JNE2	Pseudomonadota	Bacteria
2989732	Sulfitobacter sp. TBRI5	Pseudomonadota	Bacteria
2989734	Corynebacterium sp. 21KM1197	Actinomycetota	Bacteria
2989735	Corynebacterium sp. 22KM0430	Actinomycetota	Bacteria
2989766	Staphylococcus sp. IVB6214	Bacillota	Bacteria
2989767	Staphylococcus sp. IVB6218	Bacillota	Bacteria
2989768	Staphylococcus sp. IVB6227	Bacillota	Bacteria
2989769	Staphylococcus sp. IVB6233	Bacillota	Bacteria
2989770	Staphylococcus sp. IVB6238	Bacillota	Bacteria
2989771	Staphylococcus sp. IVB6240	Bacillota	Bacteria
2989772	Staphylococcus sp. IVB6246	Bacillota	Bacteria
2991051	Pseudomonas sp. KU26590	Pseudomonadota	Bacteria
2991053	Fictibacillus sp. KU28468	Bacillota	Bacteria
2991054	Alcaligenes sp. SMD-FA	Pseudomonadota	Bacteria
2991074	Sphingomonas sp. S1-29	Pseudomonadota	Bacteria
2991500	Erwinia sp. INIA01	Pseudomonadota	Bacteria
2991700	Salmonella sp. 2018103	Pseudomonadota	Bacteria
2991715	Arthrobacter sp. ATA002	Actinomycetota	Bacteria
2991728	Mycobacterium sp. Aquia_213	Actinomycetota	Bacteria
2991729	Mycobacterium sp. Aquia_216	Actinomycetota	Bacteria
2991940	Shewanella sp. DAU305	Pseudomonadota	Bacteria
2991972	Rhodopseudomonas sp. P2A-2r	Pseudomonadota	Bacteria
2992143	Halomonas sp. BDJS001	Pseudomonadota	Bacteria
2992242	Prosthecochloris sp. SCSIO W1101	Chlorobiota	Bacteria
2992243	Prosthecochloris sp. SCSIO W1102	Chlorobiota	Bacteria
2992244	Prosthecochloris sp. SCSIO W1103	Chlorobiota	Bacteria
2992441	Microbacterium sp. J1-1	Actinomycetota	Bacteria
2992801	Streptomyces sp. Je 1-4 4N24	Actinomycetota	Bacteria
2992802	Marinomonas sp. GJ51-6	Pseudomonadota	Bacteria
2992805	Clostridium sp. LQ25	Bacillota	Bacteria
2992843	Yersinia sp. SCPM-O-B-9106 (C-191)	Pseudomonadota	Bacteria
2993543	Neolewinella sp.	Bacteroidota	Bacteria
2993654	Streptomyces sp. Je 1-4 4N24_ara	Actinomycetota	Bacteria
2993656	Klebsiella sp. DY2415	Pseudomonadota	Bacteria
2993937	Thermomicrobium sp. 4228-Ro	Thermomicrobiota	Bacteria
2994078	Caproicibacterium sp. BJN0003	Bacillota	Bacteria
2994319	Flavobacterium sp. GSB-24	Bacteroidota	Bacteria
2994492	Candidatus Fukatsuia anoeciicola	Pseudomonadota	Bacteria
2994493	Sodalis-like secondary symbiont of Drepanosiphum platanoidis	Pseudomonadota	Bacteria
2994496	Dyella sp. GSA-30	Pseudomonadota	Bacteria
2994661	Pseudomonas sp. SL4(2022)	Pseudomonadota	Bacteria
2994664	Frigoribacterium sp. SL97	Actinomycetota	Bacteria
2994951	Acidithiobacillus sp. AMEEHan	Pseudomonadota	Bacteria
2995138	Roseateles sp. SL47	Pseudomonadota	Bacteria
2995140	Microbacterium sp. SL75	Actinomycetota	Bacteria
2995141	Agrococcus sp. SL85	Actinomycetota	Bacteria
2995142	Pseudoxanthomonas sp. SL93	Pseudomonadota	Bacteria
2995143	Brevundimonas sp. SL130	Pseudomonadota	Bacteria
2995145	Gordonia sp. SL306	Actinomycetota	Bacteria
2995154	Pseudoduganella sp. SL102	Pseudomonadota	Bacteria
2995155	Asticcacaulis sp. SL142	Pseudomonadota	Bacteria
2995161	Pedobacter sp. SL55	Bacteroidota	Bacteria
2995166	Ancylobacter sp. SL191	Pseudomonadota	Bacteria
2995169	Blastomonas sp. SL216	Pseudomonadota	Bacteria
2995170	Luteolibacter sp. SL250	Verrucomicrobiota	Bacteria
2995171	Micrococcus sp. SL257	Actinomycetota	Bacteria
2995964	Bacillus sp. T-10(2022)	Bacillota	Bacteria
2996004	Brachybacterium sp. NBEC-018	Actinomycetota	Bacteria
2996034	Paenibacillus sp. SYP-B4298	Bacillota	Bacteria
2996035	Sphingobacterium sp. SYP-B4668	Bacteroidota	Bacteria
2996051	Streptomyces sp. NA13	Actinomycetota	Bacteria
2996261	Arthrobacter sp. MMS18-M83	Actinomycetota	Bacteria
2996464	Escherichia sp. J-18004577	Pseudomonadota	Bacteria
2996782	Corallococcus sp. NCRR	Myxococcota	Bacteria
2996785	Myxococcus sp. NMCA1	Myxococcota	Bacteria
2996826	Nocardioides sp. Arc9.136	Actinomycetota	Bacteria
2996862	Acinetobacter sp. YWS30-1	Pseudomonadota	Bacteria
2997335	Arthrobacter sp. FX8	Actinomycetota	Bacteria
2997339	Paraconexibacter sp. AEG42_29	Actinomycetota	Bacteria
2997354	Sphingomonas sp. So64.6b	Pseudomonadota	Bacteria
2997426	Agarivorans sp. JK6	Pseudomonadota	Bacteria
2997767	Campylobacter sp. CFSAN122719	Campylobacterota	Bacteria
2997793	Campylobacter sp. CFSAN122748	Campylobacterota	Bacteria
2997820	Campylobacter sp. CFSAN122778	Campylobacterota	Bacteria
2998079	Pseudomonas sp. GOM7	Pseudomonadota	Bacteria
2998080	Kitasatospora sp. YST-16	Actinomycetota	Bacteria
2998081	Bacillus sp. KICET-1	Bacillota	Bacteria
2998559	Stutzerimonas sp. R40042	Pseudomonadota	Bacteria
2998972	Methanothermobacter sp. DP	Methanobacteriota	Archaea
2999062	Brevibacterium sp. BRM-1	Actinomycetota	Bacteria
2999116	Oceanirhabdus sp. W0125-5	Bacillota	Bacteria
3002436	Kribbella sp. CA-293567	Actinomycetota	Bacteria
3002437	Janthinobacterium sp. SUN098	Pseudomonadota	Bacteria
3002640	Streptomyces sp. 71268	Actinomycetota	Bacteria
3002643	Pandoraea sp. XJJ-1	Pseudomonadota	Bacteria
3002742	Chlamydia sp. 12-01	Chlamydiota	Bacteria
3002743	Chlamydia sp. 16-02	Chlamydiota	Bacteria
3002901	Rhodococcus sp. JS3073	Actinomycetota	Bacteria
3002962	Alteromonas sp. 009811495	Pseudomonadota	Bacteria
3003229	Brevibacillus sp. NSP2.1	Bacillota	Bacteria
3003265	Aurantiacibacter sp. MUD11	Pseudomonadota	Bacteria
3003349	Marinobacter sp. LM1	Pseudomonadota	Bacteria
3003351	Pseudomonas sp. GXZC	Pseudomonadota	Bacteria
3003392	Acinetobacter sp. TR3	Pseudomonadota	Bacteria
3003393	Acinetobacter sp. TR11	Pseudomonadota	Bacteria
3003617	Lonepinella sp. MS14434	Pseudomonadota	Bacteria
3003618	Lonepinella sp. MS14435	Pseudomonadota	Bacteria
3003619	Lonepinella sp. MS14436	Pseudomonadota	Bacteria
3003620	Lonepinella sp. MS14437	Pseudomonadota	Bacteria
3003623	Flavobacterium sp. IMCC34518	Bacteroidota	Bacteria
3004095	Citricoccus sp. NR2	Actinomycetota	Bacteria
3004096	Sutcliffiella sp. NC1	Bacillota	Bacteria
3004109	Bartonella gliris	Pseudomonadota	Bacteria
3004129	Thermodesulfomicrobium sp. WS	Thermodesulfobacteriota	Bacteria
3004142	Enterobacter cloacae complex sp. HYC003_NIDB	Pseudomonadota	Bacteria
3004144	Enterobacter cloacae complex sp. HYC033_NIDB	Pseudomonadota	Bacteria
3004145	Enterobacter cloacae complex sp. HYC074_NIDB	Pseudomonadota	Bacteria
3004146	Enterobacter cloacae complex sp. HYC080_NIDB	Pseudomonadota	Bacteria
3009077	Aeromicrobium sp. HA	Actinomycetota	Bacteria
3009078	Endozoicomonas sp. GU-1	Pseudomonadota	Bacteria
3009083	Aurantiacibacter sp. MUD61	Pseudomonadota	Bacteria
3014784	Sphingomonas sp. NIBR02145	Pseudomonadota	Bacteria
3014995	Micromonospora sp. WMMA1976	Actinomycetota	Bacteria
3015149	Verrucosispora sp. WMMD573	Actinomycetota	Bacteria
3015150	Micromonospora sp. WMMD1128	Actinomycetota	Bacteria
3015151	Micromonospora sp. WMMD882	Actinomycetota	Bacteria
3015152	Micromonospora sp. WMMD812	Actinomycetota	Bacteria
3015154	Streptomyces sp. WMMC500	Actinomycetota	Bacteria
3015156	Verrucosispora sp. WMMC514	Actinomycetota	Bacteria
3015158	Micromonospora sp. WMMC264	Actinomycetota	Bacteria
3015160	Solwaraspora sp. WMMA2059	Actinomycetota	Bacteria
3015161	Solwaraspora sp. WMMA2056	Actinomycetota	Bacteria
3015163	Micromonospora sp. WMMA1947	Actinomycetota	Bacteria
3015165	Solwaraspora sp. WMMA2080	Actinomycetota	Bacteria
3015166	Solwaraspora sp. WMMA2065	Actinomycetota	Bacteria
3015167	Micromonospora sp. WMMA1998	Actinomycetota	Bacteria
3015168	Zunongwangia sp. HGR-M22	Bacteroidota	Bacteria
3015170	Zunongwangia sp. HRR-M8	Bacteroidota	Bacteria
3015177	Phenylobacterium sp. NIBR 498073	Pseudomonadota	Bacteria
3015951	Providencia sp. 21OH12SH02B-Prov	Pseudomonadota	Bacteria
3015952	Citrobacter sp. 21OH12SH02A-Citro	Pseudomonadota	Bacteria
3015996	Caulobacter sp. NIBR2454	Pseudomonadota	Bacteria
3015997	Brevundimonas sp. NIBR10	Pseudomonadota	Bacteria
3015999	Brevundimonas sp. NIBR11	Pseudomonadota	Bacteria
3016000	Caulobacter sp. NIBR1757	Pseudomonadota	Bacteria
3016006	Roseibium sp. Sym1	Pseudomonadota	Bacteria
3016086	Solwaraspora sp. WMMD791	Actinomycetota	Bacteria
3016087	Micromonospora sp. WMMD975	Actinomycetota	Bacteria
3016089	Micromonospora sp. WMMD987	Actinomycetota	Bacteria
3016090	Solwaraspora sp. WMMD937	Actinomycetota	Bacteria
3016091	Micromonospora sp. WMMD964	Actinomycetota	Bacteria
3016092	Micromonospora sp. WMMD998	Actinomycetota	Bacteria
3016093	Verrucosispora sp. WMMD1129	Actinomycetota	Bacteria
3016094	Micromonospora sp. WMMD1155	Actinomycetota	Bacteria
3016096	Micromonospora sp. WMMD712	Actinomycetota	Bacteria
3016097	Micromonospora sp. WMMD714	Actinomycetota	Bacteria
3016103	Micromonospora sp. WMMD1076	Actinomycetota	Bacteria
3016341	Pseudomonas sp. PSE14	Pseudomonadota	Bacteria
3016419	Verrucosispora sp. WMMA2044	Actinomycetota	Bacteria
3016636	Diaphorobacter sp. ED-3	Pseudomonadota	Bacteria
3017325	Devosia sp. YIM 151766	Pseudomonadota	Bacteria
3017361	Corynebacterium sp. SCR221107	Actinomycetota	Bacteria
3017782	Paracoccus sp. SCSIO 75233	Pseudomonadota	Bacteria
3018036	Sphingomonas sp. CV7422	Pseudomonadota	Bacteria
3018339	Micromonospora sp. LH3U1	Actinomycetota	Bacteria
3018446	Sphingomonas sp. 7/4-4	Pseudomonadota	Bacteria
3018929	Pseudarthrobacter sp. MM222	Actinomycetota	Bacteria
3018991	Psychrobacter sp. SIT	Pseudomonadota	Bacteria
3019098	Pseudomonas sp. TUM22785	Pseudomonadota	Bacteria
3019544	Hyphomicrobium sp. DMF-1	Pseudomonadota	Bacteria
3019602	Rhizobium sp. 32-5/1	Pseudomonadota	Bacteria
3019889	Caldicellulosiruptor sp. DIB 104C	Bacillota	Bacteria
3019890	Microbacterium sp. nov. GSS16	Actinomycetota	Bacteria
3019892	Pantoea sp. S18	Pseudomonadota	Bacteria
3019968	Pseudomonas sp. MM227	Pseudomonadota	Bacteria
3019969	Rheinheimera sp. MM224	Pseudomonadota	Bacteria
3020055	Streptomyces sp. HUAS 31	Actinomycetota	Bacteria
3020058	Psychrobacillus sp. PGGUH221	Bacillota	Bacteria
3020715	Photobacterium sp. GSS17	Pseudomonadota	Bacteria
3020716	Acinetobacter sp. GSS19	Pseudomonadota	Bacteria
3020829	Streptococcus sp. HN38	Bacillota	Bacteria
3020843	Pseudomonas sp. Q1-7	Pseudomonadota	Bacteria
3020883	Lacibacter sp. MH-610	Bacteroidota	Bacteria
3020906	Brevibacterium sp. BDJS002	Actinomycetota	Bacteria
3020907	Pseudomonas sp. JBR1	Pseudomonadota	Bacteria
3021011	Vibrio sp. SCSIO 43137	Pseudomonadota	Bacteria
3021405	Serratia sp. K-E0102	Pseudomonadota	Bacteria
3021710	Methylomonas sp. EFPC3	Pseudomonadota	Bacteria
3021711	Microbulbifer sp. RZ01	Pseudomonadota	Bacteria
3021712	Microbulbifer sp. TB1203	Pseudomonadota	Bacteria
3022126	Polynucleobacter sp. TUM22923	Pseudomonadota	Bacteria
3022127	Lancefieldella sp. Marseille-Q7238	Actinomycetota	Bacteria
3022676	Marinimicrobium sp. C6131	Pseudomonadota	Bacteria
3022697	Aneurinibacillus sp. Ricciae_BoGa-3	Bacillota	Bacteria
3023076	Glutamicibacter sp. M10	Actinomycetota	Bacteria
3023090	Caloramator sp. mosi_1	Bacillota	Bacteria
3023517	Brachybacterium sp. GPGPB12	Actinomycetota	Bacteria
3023518	Qipengyuania sp. GPGPB31	Pseudomonadota	Bacteria
3023936	Saprospira sp. CCB-QB6	Bacteroidota	Bacteria
3024245	Sphingobium sp. YC-XJ3	Pseudomonadota	Bacteria
3024246	Isoptericola sp. AK164	Actinomycetota	Bacteria
3024247	Pantoea sp. SS70	Pseudomonadota	Bacteria
3024576	Paenibacillus sp. PK4536	Bacillota	Bacteria
3024837	Erythrobacter sp. Dej080120_24	Pseudomonadota	Bacteria
3024858	Burkholderia sp. KL41	Pseudomonadota	Bacteria
3024862	Enterobacter sp. FUJ80071	Pseudomonadota	Bacteria
3025190	Nostoc sp. UHCC 0926	Cyanobacteriota	Bacteria
3025315	Erythrobacter sp. BLCC-B19	Pseudomonadota	Bacteria
3025663	Microbacterium sp. Clip185	Actinomycetota	Bacteria
3025665	Paenibacillus sp. KACC 21273	Bacillota	Bacteria
3025667	Flavobacterium sp. KACC 22758	Bacteroidota	Bacteria
3025670	Novosphingobium sp. KACC 22771	Pseudomonadota	Bacteria
3026079	Phyllobacterium sp. T2-21	Pseudomonadota	Bacteria
3026080	Arthrobacter sp. T2-23	Actinomycetota	Bacteria
3026081	Microbacterium sp. T3-8	Actinomycetota	Bacteria
3026082	Achromobacter sp. T5-5	Pseudomonadota	Bacteria
3026083	Brevundimonas sp. T2-11	Pseudomonadota	Bacteria
3026084	Devosia sp. T2-14	Pseudomonadota	Bacteria
3026145	Enterobacter sp. S-33	Pseudomonadota	Bacteria
3026161	Devosia sp. J2-20	Pseudomonadota	Bacteria
3026420	Streptomyces sp. MMBL 11-1	Actinomycetota	Bacteria
3026424	Bremerella sp. P1	Planctomycetota	Bacteria
3026425	Lysinibacillus sp. G01H	Bacillota	Bacteria
3026426	Bacillus sp. A01H	Bacillota	Bacteria
3026433	Paenibacillus marchantiae	Bacillota	Bacteria
3027223	Rhodococcus sp. DK176	Actinomycetota	Bacteria
3027224	Rhodococcus sp. DK180	Actinomycetota	Bacteria
3027225	Stenotrophomonas sp. BIO128-Bstrain	Pseudomonadota	Bacteria
3027470	Acinetobacter sp. TAC-1	Pseudomonadota	Bacteria
3027472	Photobacterium sp. DA100	Pseudomonadota	Bacteria
3027796	Azospirillum sp. B2RO_4	Pseudomonadota	Bacteria
3027808	Candidatus Mycobacterium wuenschmannii	Actinomycetota	Bacteria
3027931	Bacillus sp. N3378-2at	Bacillota	Bacteria
3028312	Herbaspirillum sp. WKF16	Pseudomonadota	Bacteria
3028315	Pullulanibacillus sp. KACC 23026	Bacillota	Bacteria
3028318	Olleya sp. YS	Bacteroidota	Bacteria
3028319	Georhizobium sp. MAB10	Pseudomonadota	Bacteria
3028373	Paraburkholderia sp. A1BS-2L	Pseudomonadota	Bacteria
3028374	Paraburkholderia sp. A2RO-4L	Pseudomonadota	Bacteria
3028375	Paraburkholderia sp. A3BS-1L	Pseudomonadota	Bacteria
3028376	Paraburkholderia sp. A3RO-2L	Pseudomonadota	Bacteria
3028622	Pantoea sp. Lij88	Pseudomonadota	Bacteria
3028709	Streptomyces sp. AM 2-1-1	Actinomycetota	Bacteria
3028710	Streptomyces sp. AM 4-1-1	Actinomycetota	Bacteria
3028711	Streptomyces sp. AM 3-1-1	Actinomycetota	Bacteria
3028735	Chelativorans sp. AA-79	Pseudomonadota	Bacteria
3028805	Pantoea sp. GABEPS69	Pseudomonadota	Bacteria
3028807	Pseudomonas sp. AA-38	Pseudomonadota	Bacteria
3028808	Janibacter sp. DB-40	Actinomycetota	Bacteria
3028878	Ferrimonas sp. YFM	Pseudomonadota	Bacteria
3028880	Sphingobium sp. TomMM7A	Pseudomonadota	Bacteria
3028882	Sphingobium sp. TomMM15	Pseudomonadota	Bacteria
3028883	Sphingobium sp. TomTYG42	Pseudomonadota	Bacteria
3028884	Sphingobium sp. TomTYG43	Pseudomonadota	Bacteria
3028886	Sphingobium sp. TomTYG46	Pseudomonadota	Bacteria
3028887	Sphingobium sp. TomTYG64	Pseudomonadota	Bacteria
3028888	Sphingobium sp. TomTYG65	Pseudomonadota	Bacteria
3028889	Sphingobium sp. TomTYG71	Pseudomonadota	Bacteria
3028890	Sphingobium sp. TomTYG72	Pseudomonadota	Bacteria
3028891	Sphingobium sp. TomTYG73	Pseudomonadota	Bacteria
3028892	Sphingobium sp. TomTYG74	Pseudomonadota	Bacteria
3029053	Mucilaginibacter sp. SJ	Bacteroidota	Bacteria
3029060	Pseudomonas sp. PSKL.D1	Pseudomonadota	Bacteria
3029174	Caloramator sp. Dgby_cultured_2	Bacillota	Bacteria
3029399	Gordonia sp. Swx-4	Actinomycetota	Bacteria
3029759	Streptomyces sp. P8-A8	Actinomycetota	Bacteria
3030017	Caproiciproducens sp. CPB-2	Bacillota	Bacteria
3030210	Streptomyces sp. WZ-12	Actinomycetota	Bacteria
3030528	Salmonella sp. SA15303	Pseudomonadota	Bacteria
3030529	Salmonella sp. SA14318	Pseudomonadota	Bacteria
3030530	Salmonella sp. SA17155	Pseudomonadota	Bacteria
3031113	Sphaerisporangium sp. TRM90804	Actinomycetota	Bacteria
3031114	Spongiactinospora sp. TRM90649	Actinomycetota	Bacteria
3031125	Paenarthrobacter sp. Y-19	Actinomycetota	Bacteria
3031131	Streptomyces sp. VNUA24	Actinomycetota	Bacteria
3031330	Rhodanobacter sp. AS-Z3	Pseudomonadota	Bacteria
3031408	Lysinibacter sp. HNR	Actinomycetota	Bacteria
3031802	Sphingobacterium sp. WM	Bacteroidota	Bacteria
3031803	Chryseobacterium sp. WX	Bacteroidota	Bacteria
3031919	Superficieibacter sp. HKU1	Pseudomonadota	Bacteria
3031997	Flavobacterium sp. YJ01	Bacteroidota	Bacteria
3031999	Rhodococcus sp. RCBS9	Actinomycetota	Bacteria
3032280	Photobacterium sp. SP02	Pseudomonadota	Bacteria
3032282	Cupriavidus sp. WKF15	Pseudomonadota	Bacteria
3032287	Paenibacillus sp. BR1-192	Bacillota	Bacteria
3032580	Haladaptatus sp. DYSN1	Methanobacteriota	Archaea
3032582	Microbulbifer sp. MLAF003	Pseudomonadota	Bacteria
3033384	Haladaptatus sp. YSMS36	Methanobacteriota	Archaea
3033391	Haladaptatus sp. QDMS2	Methanobacteriota	Archaea
3034016	Candidatus Haliotispira prima	Spirochaetota	Bacteria
3034022	Amycolatopsis sp. QT-25	Actinomycetota	Bacteria
3034028	Nitratireductor sp. L15S-10	Pseudomonadota	Bacteria
3034230	Microbulbifer sp. VAAF005	Pseudomonadota	Bacteria
3034233	Mammaliicoccus sp. Dog046	Bacillota	Bacteria
3034358	Paraburkholderia sp. SUR17	Pseudomonadota	Bacteria
3034506	Teredinibacter sp. KSP-S5-2	Pseudomonadota	Bacteria
3034674	cyanobacterium endosymbiont of Epithemia clementina EcSB	Cyanobacteriota	Bacteria
3034675	Pseudomonas sp. A34-9	Pseudomonadota	Bacteria
3034676	Rhodopseudomonas sp. BAL398	Pseudomonadota	Bacteria
3035274	Streptomyces sp. SudanB5_2050	Actinomycetota	Bacteria
3035275	Streptomyces sp. SudanB25_2051	Actinomycetota	Bacteria
3035276	Streptomyces sp. SudanB52_2052	Actinomycetota	Bacteria
3035277	Streptomyces sp. SudanB66_2053	Actinomycetota	Bacteria
3035278	Streptomyces sp. SudanB91_2054	Actinomycetota	Bacteria
3035279	Streptomyces sp. SudanB135_2055	Actinomycetota	Bacteria
3035280	Streptomyces sp. SudanB148_2056	Actinomycetota	Bacteria
3035281	Streptomyces sp. SudanB182_2057	Actinomycetota	Bacteria
3035289	Pseudomonas sp. NyZ480	Pseudomonadota	Bacteria
3035470	Halomonas sp. M1	Pseudomonadota	Bacteria
3035471	Roseinatronobacter sp. S2	Pseudomonadota	Bacteria
3035472	Thiomicrospira sp. R3	Pseudomonadota	Bacteria
3035474	Kocuria sp. ChxB	Actinomycetota	Bacteria
3035476	Thalassospira sp. SN3W	Pseudomonadota	Bacteria
3035514	Bacillus sp. HSf4	Bacillota	Bacteria
3035531	Microbacterium sp. BDGP8	Actinomycetota	Bacteria
3035692	Endozoicomonas sp. 8E	Pseudomonadota	Bacteria
3035694	Tissierella sp. Yu-01	Bacillota	Bacteria
3035696	Leptothermofonsia sp. ETS-13	Cyanobacteriota	Bacteria
3036127	Halomonas sp. CKK8	Pseudomonadota	Bacteria
3036300	Anaerococcus sp. Marseille-Q7828	Bacillota	Bacteria
3036709	Acinetobacter sp. SAAs470	Pseudomonadota	Bacteria
3036710	Acinetobacter sp. SAAs474	Pseudomonadota	Bacteria
3036714	Pseudoalteromonas sp. MM1	Pseudomonadota	Bacteria
3036926	Anaerostipes sp. PC18	Bacillota	Bacteria
3037257	Mycobacterium sp. 5-140-3-2	Actinomycetota	Bacteria
3037258	Pantoea sp. X85	Pseudomonadota	Bacteria
3037457	Lactococcus sp. bn62	Bacillota	Bacteria
3037479	Nodosilinea sp. E11	Cyanobacteriota	Bacteria
3037557	Staphylococcus sp. aM	Bacillota	Bacteria
3037654	Methanonatronarchaeum sp. AMET-Sl	Methanobacteriota	Archaea
3037797	Piscinibacter sp. XHJ-5	Pseudomonadota	Bacteria
3037987	Akkermansia sp. BCRC 18949	Verrucomicrobiota	Bacteria
3038077	Streptococcus sp. D7B5	Bacillota	Bacteria
3038539	Mesorhizobium sp. WSM4875	Pseudomonadota	Bacteria
3038545	Mesorhizobium sp. WSM4904	Pseudomonadota	Bacteria
3038546	Mesorhizobium sp. WSM4906	Pseudomonadota	Bacteria
3038642	Streptomyces sp. 11x1	Actinomycetota	Bacteria
3038653	Rossellomorea sp. DA94	Bacillota	Bacteria
3038924	Methylobacterium sp. 391_Methyba4	Pseudomonadota	Bacteria
3038927	Sphingobium sp. V4	Pseudomonadota	Bacteria
3038950	Pantoea sp. nfd-35	Pseudomonadota	Bacteria
3039116	Anaerocolumna sp. AGMB13025	Bacillota	Bacteria
3039153	Bradyrhizobium sp. CB1650	Pseudomonadota	Bacteria
3039154	Bradyrhizobium sp. CB1717	Pseudomonadota	Bacteria
3039155	Bradyrhizobium sp. CB2312	Pseudomonadota	Bacteria
3039156	Rhizobium sp. CB3090	Pseudomonadota	Bacteria
3039157	Rhizobium sp. CB3171	Pseudomonadota	Bacteria
3039158	Bradyrhizobium sp. CB3481	Pseudomonadota	Bacteria
3039159	Bradyrhizobium sp. CB82	Pseudomonadota	Bacteria
3039160	Rhizobium sp. CC1099	Pseudomonadota	Bacteria
3039384	Cellulomonas sp. ES6	Actinomycetota	Bacteria
3039385	Arthrobacter sp. Y-9	Actinomycetota	Bacteria
3039386	Rugamonas sp. DEMB1	Pseudomonadota	Bacteria
3039392	Paenibacillus sp. RC67	Bacillota	Bacteria
3039400	Gordonia sp. SMJS1	Actinomycetota	Bacteria
3039401	Erwinia sp. E_sp_B01_1	Pseudomonadota	Bacteria
3039402	Erwinia sp. E_sp_B01_3	Pseudomonadota	Bacteria
3039403	Erwinia sp. E_sp_B01_9	Pseudomonadota	Bacteria
3039404	Erwinia sp. E_sp_B04_7	Pseudomonadota	Bacteria
3039405	Erwinia sp. E_sp_B04_8	Pseudomonadota	Bacteria
3039406	Erwinia sp. E_sp_B04_9	Pseudomonadota	Bacteria
3039407	Erwinia sp. E_sp_W01_1	Pseudomonadota	Bacteria
3039408	Erwinia sp. E_sp_W01_6	Pseudomonadota	Bacteria
3039421	Streptomyces sp. LBUM1544 (B21-104)	Actinomycetota	Bacteria
3039426	Lysinibacillus sp. 1 U-2021	Bacillota	Bacteria
3039801	Ancylobacter sp. WKF20	Pseudomonadota	Bacteria
3039851	Amylibacter sp. IMCC11727	Pseudomonadota	Bacteria
3040076	Streptomyces sp. SYP-A7185	Actinomycetota	Bacteria
3040203	Polymorphospora sp. A560	Actinomycetota	Bacteria
3040204	Pleurocapsa sp. FMAR1	Cyanobacteriota	Bacteria
3040601	Pseudomonas sp. LTR0	Pseudomonadota	Bacteria
3040605	Pseudomonas sp. nanlin1	Pseudomonadota	Bacteria
3040674	Minwuia sp. IMCC3009	Pseudomonadota	Bacteria
3040675	Minwuia sp. IMCC3060	Pseudomonadota	Bacteria
3040676	Minwuia sp. IMCC3077	Pseudomonadota	Bacteria
3040677	Minwuia sp. IMCC4030	Pseudomonadota	Bacteria
3040764	Akkermansia sp. N21116	Verrucomicrobiota	Bacteria
3040943	Methylomonas sp. UP202	Pseudomonadota	Bacteria
3041098	Halopseudomonas sp. SMJS2	Pseudomonadota	Bacteria
3041264	Paenarthrobacter sp. OM7	Actinomycetota	Bacteria
3041344	Bacillus cereus group sp. MS39	Bacillota	Bacteria
3041435	Methylocapsa sp. D3K7	Pseudomonadota	Bacteria
3041439	Myxococcus sp. MxC21-1	Myxococcota	Bacteria
3041497	Streptomyces sp. WP-1	Actinomycetota	Bacteria
3041619	Arsenophonus sp. aPb	Pseudomonadota	Bacteria
3041765	Streptomyces sp. SH5	Actinomycetota	Bacteria
3042028	Pseudomonas sp. PMCC200344	Pseudomonadota	Bacteria
3042152	Tsuneonella sp. CC-YZS046	Pseudomonadota	Bacteria
3042154	Lysobacter sp. CC-YZS074	Pseudomonadota	Bacteria
3042300	Vibrio sp. YMD68	Pseudomonadota	Bacteria
3042316	Mycobacterium sp. 5-140-3-1	Actinomycetota	Bacteria
3042317	Mycobacterium sp. 3-98	Actinomycetota	Bacteria
3042318	Phnomibacter sp. MR	Bacteroidota	Bacteria
3042319	Mycobacterium sp. 2-64	Actinomycetota	Bacteria
3042320	Mycolicibacterium sp. ND9-15	Actinomycetota	Bacteria
3042615	Paraglaciecola sp. T6c	Pseudomonadota	Bacteria
3043284	Candidatus Southlakia epibionticum	Candidatus Saccharimonadota	Bacteria
3043332	Mesobacillus sp. AQ2	Bacillota	Bacteria
3043441	Pseudomonas sp. P5_109	Pseudomonadota	Bacteria
3043443	Pseudomonas sp. P8_139	Pseudomonadota	Bacteria
3043444	Pseudomonas sp. P8_229	Pseudomonadota	Bacteria
3043445	Pseudomonas sp. P8_241	Pseudomonadota	Bacteria
3043447	Pseudomonas sp. P9_2	Pseudomonadota	Bacteria
3043448	Pseudomonas sp. P9_31	Pseudomonadota	Bacteria
3043449	Pseudomonas sp. P9_32	Pseudomonadota	Bacteria
3043450	Pseudomonas sp. P9_35	Pseudomonadota	Bacteria
3043734	Streptomyces sp. BPTC-684	Actinomycetota	Bacteria
3043847	Arthrobacter sp. EM1	Actinomycetota	Bacteria
3043848	Nocardioides sp. L-11A	Actinomycetota	Bacteria
3043849	Candidatus Methylolitoribacter marinus	Pseudomonadota	Bacteria
3044187	Nocardioides sp. QY071	Actinomycetota	Bacteria
3044399	Schlesneria sp. DSM 10557	Planctomycetota	Bacteria
3044568	Enterococcus sp. ZQ21	Bacillota	Bacteria
3045146	Petroclostridium sp. X23	Bacillota	Bacteria
3045156	Rhizobium sp. BT03	Pseudomonadota	Bacteria
3045157	Rhizobium sp. BT04	Pseudomonadota	Bacteria
3045175	Brucella sp. NM4	Pseudomonadota	Bacteria
3045176	Ochrobactrum sp. SSR	Pseudomonadota	Bacteria
3045779	Flavobacterium sp. B114r	Bacteroidota	Bacteria
3045780	Flavobacterium sp. B167r	Bacteroidota	Bacteria
3045781	Flavobacterium sp. B330r	Bacteroidota	Bacteria
3045840	Paenibacillus sp. RC334	Bacillota	Bacteria
3045841	Paenibacillus sp. RC343	Bacillota	Bacteria
3047030	Rothia sp. SD9660Na	Actinomycetota	Bacteria
3047463	Sporosarcina sp. UB5	Bacillota	Bacteria
3047468	Rhodococcus sp. AH-ZY2	Actinomycetota	Bacteria
3047864	Polynucleobacter sp. HIN5	Pseudomonadota	Bacteria
3047865	Polynucleobacter sp. HIN6	Pseudomonadota	Bacteria
3047866	Polynucleobacter sp. HIN7	Pseudomonadota	Bacteria
3047867	Polynucleobacter sp. HIN8	Pseudomonadota	Bacteria
3047868	Polynucleobacter sp. HIN9	Pseudomonadota	Bacteria
3047869	Polynucleobacter sp. HIN10	Pseudomonadota	Bacteria
3047870	Polynucleobacter sp. HIN11	Pseudomonadota	Bacteria
3047871	Neobacillus sp. DY30	Bacillota	Bacteria
3047872	Paenibacillus sp. G2S3	Bacillota	Bacteria
3047873	Neobacillus sp. WH10	Bacillota	Bacteria
3047874	Neobacillus sp. YX16	Bacillota	Bacteria
3047875	Neobacillus sp. SuZ13	Bacillota	Bacteria
3048005	Bermanella sp. WJH001	Pseudomonadota	Bacteria
3048007	Sagittula sp. MA-2	Pseudomonadota	Bacteria
3048493	Tritonibacter sp. AK171	Pseudomonadota	Bacteria
3048494	Paenibacillus sp. BR2-3	Bacillota	Bacteria
3048535	Neobacillus sp. 114	Bacillota	Bacteria
3048582	Cryobacterium sp. 10S3	Actinomycetota	Bacteria
3048583	Pseudomonas sp. 10S4	Pseudomonadota	Bacteria
3048589	Mucilaginibacter sp. 5C4	Bacteroidota	Bacteria
3048606	Actimicrobium sp. CCC2.4	Pseudomonadota	Bacteria
3048607	Pseudomonas sp. CCC3.1	Pseudomonadota	Bacteria
3048609	Undibacterium sp. CCC3.4	Pseudomonadota	Bacteria
3048613	Pseudomonas sp. CCI1.1	Pseudomonadota	Bacteria
3048620	Pseudomonas sp. CCI4.2	Pseudomonadota	Bacteria
3048622	Pseudomonas sp. DC1.2	Pseudomonadota	Bacteria
3048627	Pseudomonas sp. MH10	Pseudomonadota	Bacteria
3048629	Pseudomonas sp. MH9.2	Pseudomonadota	Bacteria
3048630	Pseudomonas sp. MH9.3	Pseudomonadota	Bacteria
3049047	Curtobacterium sp. DN_7.5	Actinomycetota	Bacteria
3049069	Microbacterium sp. zg-B96	Actinomycetota	Bacteria
3049070	Microbacterium sp. zg-B185	Actinomycetota	Bacteria
3049072	Microbacterium sp. zg-Y818	Actinomycetota	Bacteria
3049075	Paenibacillus sp. PK1-4R	Bacillota	Bacteria
3049084	Pseudomonas sp. M2(2023)	Pseudomonadota	Bacteria
3049085	Paenarthrobacter sp. R1	Actinomycetota	Bacteria
3049086	Kurthia sp. YJT4	Bacillota	Bacteria
3049350	Nguyenibacter sp. L1	Pseudomonadota	Bacteria
3049542	Pseudomonas sp. P105	Pseudomonadota	Bacteria
3049543	Streptomyces sp. Pv4-95	Actinomycetota	Bacteria
3049772	Bradyrhizobium sp. NP1	Pseudomonadota	Bacteria
3050069	Curtobacterium sp. 458	Actinomycetota	Bacteria
3050071	Salinicola sp. JS01	Pseudomonadota	Bacteria
3050072	Proteiniborus sp. MB09-C3	Bacillota	Bacteria
3050126	Streptomyces sp. KL2	Actinomycetota	Bacteria
3050383	Enterococcus sp. FZMF	Bacillota	Bacteria
3051115	Stenotrophomonas sp. As-5	Pseudomonadota	Bacteria
3051116	Stenotrophomonas sp. As-6	Pseudomonadota	Bacteria
3051117	Stenotrophomonas sp. As-7	Pseudomonadota	Bacteria
3051118	Stenotrophomonas sp. As-14	Pseudomonadota	Bacteria
3051119	Stenotrophomonas sp. 57	Pseudomonadota	Bacteria
3051120	Stenotrophomonas sp. 59	Pseudomonadota	Bacteria
3051121	Aureispira sp. CCB-E	Bacteroidota	Bacteria
3051122	Stenotrophomonas sp. 8(2023)	Pseudomonadota	Bacteria
3051123	Stenotrophomonas sp. 17(2023)	Pseudomonadota	Bacteria
3051159	Chelatococcus sp. KU-N122	Pseudomonadota	Bacteria
3051171	Marivivens sp. LCG002	Pseudomonadota	Bacteria
3051176	Chitinophaga sp. LS1	Bacteroidota	Bacteria
3051218	Jeongeupia wiesaeckerbachi	Pseudomonadota	Bacteria
3051832	Micromonospora sp. FIMYZ51	Actinomycetota	Bacteria
3052086	Propionimicrobium sp. PCR01-08-3	Actinomycetota	Bacteria
3052090	Halobacillus sp. ACCC02827	Bacillota	Bacteria
3052091	Bacillus sp. DX3.1	Bacillota	Bacteria
3052846	Amycolatopsis sp. DG1A-15b	Actinomycetota	Bacteria
3053613	Maribacter sp. BPC-D8	Bacteroidota	Bacteria
3053655	Aliiglaciecola sp. LCG003	Pseudomonadota	Bacteria
3053904	Natrialbaceae archaeon AArc-T1-2	Methanobacteriota	Archaea
3055805	Cellulosilyticum sp. ST5	Bacillota	Bacteria
3055847	Tabrizicola sp. M-4	Pseudomonadota	Bacteria
3056107	Acidovorax sp. A79	Pseudomonadota	Bacteria
3056647	Nostoc sp. GT001	Cyanobacteriota	Bacteria
3056733	Candidatus Palauibacter irciniicola	Gemmatimonadota	Bacteria
3056937	Mycolicibacterium sp. HK-90	Actinomycetota	Bacteria
3057114	Streptomyces sp. P9-2B-2	Actinomycetota	Bacteria
3057115	Streptomyces sp. P9-2B-1	Actinomycetota	Bacteria
3057122	Streptomyces sp. FZ201	Actinomycetota	Bacteria
3057175	Bacillus sp. LMT	Bacillota	Bacteria
3057176	Thiohalobacter sp. IOR34	Pseudomonadota	Bacteria
3057550	Bartonella sp. TP	Pseudomonadota	Bacteria
3058373	Leptotrichia sp. HMT-225	Fusobacteriota	Bacteria
3058375	Rhodococcus sp. M8-20	Actinomycetota	Bacteria
3058376	Rhodococcus sp. M8-50	Actinomycetota	Bacteria
3058377	Rhodococcus sp. M8-33	Actinomycetota	Bacteria
3058401	Rhodococcus sp. M8-35	Actinomycetota	Bacteria
3058426	Nocardia sp. PE-7	Actinomycetota	Bacteria
3058429	Thermosynechococcus sp. PP45	Cyanobacteriota	Bacteria
3058431	Thermosynechococcus sp. JY1339	Cyanobacteriota	Bacteria
3058432	Sphingobacterium sp. BN32	Bacteroidota	Bacteria
3058433	Pseudomonas sp. 2,4-D	Pseudomonadota	Bacteria
3058837	Brevibacterium sp. K11IcPPYGO002	Actinomycetota	Bacteria
3059026	Flavobacterium sp. ZE23DGlu08	Bacteroidota	Bacteria
3059027	Asticcacaulis sp. ZE23SCel15	Pseudomonadota	Bacteria
3059028	Schaalia sp. HMT-172	Actinomycetota	Bacteria
3059030	Stomatobaculum sp. F0698	Bacillota	Bacteria
3059080	Corynebacterium sp. P3-F1	Actinomycetota	Bacteria
3059081	Corynebacterium sp. P4-C1	Actinomycetota	Bacteria
3059082	Corynebacterium sp. P8-C1	Actinomycetota	Bacteria
3060154	Diaphorobacter sp. C33	Pseudomonadota	Bacteria
3060565	Acinetobacter sp. 2019-01-05	Pseudomonadota	Bacteria
3060621	Marinomonas sp. PE14-40	Pseudomonadota	Bacteria
3061629	Nocardiopsis sp. HUAS JQ3	Actinomycetota	Bacteria
3061632	Halomonas sp. I5-271120	Pseudomonadota	Bacteria
3061989	Thermoanaerobacterium sp. CMT5567-10	Bacillota	Bacteria
3062169	Sphingomonas sp. C3-2	Pseudomonadota	Bacteria
3062275	Streptomyces sp. NBUA17	Actinomycetota	Bacteria
3062449	Streptomyces sp. VNUA116	Actinomycetota	Bacteria
3062471	Aerococcus sp. BD502	Bacillota	Bacteria
3062685	Streptomyces sp. VNUA74	Actinomycetota	Bacteria
3062779	Streptomyces sp. XD-27	Actinomycetota	Bacteria
3062782	Streptomyces sp. HUAS CX7	Actinomycetota	Bacteria
3063957	Mariniflexile sp. AS56	Bacteroidota	Bacteria
3064001	Vibrio sp. SNU_ST1	Pseudomonadota	Bacteria
3064277	Candidatus Neptunichlamydia sp. REUL1	Chlamydiota	Bacteria
3064278	Massilia sp. R2A-15	Pseudomonadota	Bacteria
3064528	Pseudomonas sp. Teo4	Pseudomonadota	Bacteria
3064529	Prescottella sp. R16	Actinomycetota	Bacteria
3064703	Niallia sp. Kr1	Bacillota	Bacteria
3064705	Clostridium sp. JS66	Bacillota	Bacteria
3064892	Psychrobacter sp. van23A	Pseudomonadota	Bacteria
3064901	Streptomyces sp. FXY-T5	Actinomycetota	Bacteria
3065298	Salinicola sp. LHM	Pseudomonadota	Bacteria
3065865	Candidatus Thiodiazotropha sp. CDECU1	Pseudomonadota	Bacteria
3065910	Janthinobacterium sp. J1-1	Pseudomonadota	Bacteria
3065951	Variovorax sp. V11	Pseudomonadota	Bacteria
3065952	Variovorax sp. V15	Pseudomonadota	Bacteria
3065953	Variovorax sp. V116	Pseudomonadota	Bacteria
3065954	Variovorax sp. V118	Pseudomonadota	Bacteria
3065955	Variovorax sp. V213	Pseudomonadota	Bacteria
3065956	Variovorax sp. V35	Pseudomonadota	Bacteria
3065959	Variovorax sp. V77	Pseudomonadota	Bacteria
3066130	Wolbachia endosymbiont (group A) of Agelastica alni	Pseudomonadota	Bacteria
3066132	Wolbachia endosymbiont of Cantharis cryptica	Pseudomonadota	Bacteria
3066133	Wolbachia endosymbiont (group A) of Clivina fossor	Pseudomonadota	Bacteria
3066134	Wolbachia endosymbiont (group A) of Longitarsus flavicornis	Pseudomonadota	Bacteria
3066135	Wolbachia endosymbiont (group B) of Longitarsus flavicornis	Pseudomonadota	Bacteria
3066136	Wolbachia endosymbiont (group A) of Pogonocherus hispidulus	Pseudomonadota	Bacteria
3066137	Wolbachia endosymbiont (group B) of Silvanus unidentatus	Pseudomonadota	Bacteria
3066139	Wolbachia endosymbiont (group A) of Beris morrisii	Pseudomonadota	Bacteria
3066140	Wolbachia endosymbiont (group A) of Brachyopa scutellaris	Pseudomonadota	Bacteria
3066143	Wolbachia endosymbiont (group A) of Conops quadrifasciatus	Pseudomonadota	Bacteria
3066144	Wolbachia endosymbiont (group A) of Crataerina pallida	Pseudomonadota	Bacteria
3066145	Wolbachia endosymbiont (group A) of Eristalinus aeneus	Pseudomonadota	Bacteria
3066146	Wolbachia endosymbiont (group A) of Lypha dubia	Pseudomonadota	Bacteria
3066147	Wolbachia endosymbiont (group A) of Machimus atricapillus	Pseudomonadota	Bacteria
3066148	Wolbachia endosymbiont (group A) of Myopa testacea	Pseudomonadota	Bacteria
3066149	Wolbachia endosymbiont (group E) of Neria commutata	Pseudomonadota	Bacteria
3066150	Wolbachia endosymbiont (group A) of Norellia spinipes	Pseudomonadota	Bacteria
3066151	Wolbachia endosymbiont (group B) of Phasia obesa	Pseudomonadota	Bacteria
3066152	Wolbachia endosymbiont (group A) of Phasia obesa	Pseudomonadota	Bacteria
3066153	Wolbachia endosymbiont (group A) of Pherbina coryleti	Pseudomonadota	Bacteria
3066154	Wolbachia endosymbiont (group A) of Pipizella viduata	Pseudomonadota	Bacteria
3066155	Wolbachia endosymbiont (group A) of Portevinia maculata	Pseudomonadota	Bacteria
3066156	Wolbachia endosymbiont (group A) of Urophora cardui	Pseudomonadota	Bacteria
3066157	Wolbachia endosymbiont (group B) of Villa cingulata	Pseudomonadota	Bacteria
3066158	Wolbachia endosymbiont (group A) of Volucella bombylans	Pseudomonadota	Bacteria
3066159	Wolbachia endosymbiont (group B) of Gerris lacustris	Pseudomonadota	Bacteria
3066160	Wolbachia endosymbiont (group B) of Pilophorus perplexus	Pseudomonadota	Bacteria
3066161	Wolbachia endosymbiont (group B) of Agrotis exclamationis	Pseudomonadota	Bacteria
3066162	Wolbachia endosymbiont (group B) of Agrotis puta	Pseudomonadota	Bacteria
3066163	Wolbachia endosymbiont (group B) of Alcis repandata	Pseudomonadota	Bacteria
3066164	Wolbachia endosymbiont (group B) of Apomyelois bistriatella	Pseudomonadota	Bacteria
3066165	Wolbachia endosymbiont (group A) of Apotomis capreana	Pseudomonadota	Bacteria
3066166	Wolbachia endosymbiont (group B) of Aricia artaxerxes	Pseudomonadota	Bacteria
3066167	Wolbachia endosymbiont (group B) of Chesias legatella	Pseudomonadota	Bacteria
3066168	Wolbachia endosymbiont (group B) of Cyclophora punctaria	Pseudomonadota	Bacteria
3066169	Wolbachia endosymbiont (group A) of Cydia amplana	Pseudomonadota	Bacteria
3066170	Wolbachia endosymbiont (group A) of Cydia strobilella	Pseudomonadota	Bacteria
3066171	Wolbachia endosymbiont (group A) of Dendrolimus pini	Pseudomonadota	Bacteria
3066172	Wolbachia endosymbiont (group B) of Dendrolimus pini	Pseudomonadota	Bacteria
3066173	Wolbachia endosymbiont (group B) of Elophila nymphaeata	Pseudomonadota	Bacteria
3066174	Wolbachia endosymbiont (group A) of Ennomos erosarius	Pseudomonadota	Bacteria
3066175	Wolbachia endosymbiont (group B) of Ennomos erosarius	Pseudomonadota	Bacteria
3066176	Wolbachia endosymbiont (group B) of Falcaria lacertinaria	Pseudomonadota	Bacteria
3066177	Wolbachia endosymbiont (group B) of Hofmannophila pseudospretella	Pseudomonadota	Bacteria
3066178	Wolbachia endosymbiont (group B) of Horisme vitalbata	Pseudomonadota	Bacteria
3066179	Wolbachia endosymbiont (group B) of Idaea biselata	Pseudomonadota	Bacteria
3066180	Wolbachia endosymbiont (group B) of Myelois circumvoluta	Pseudomonadota	Bacteria
3066181	Wolbachia endosymbiont (group B) of Tholera decimalis	Pseudomonadota	Bacteria
3066182	Wolbachia endosymbiont (group B) of Udea ferrugalis	Pseudomonadota	Bacteria
3066183	Wolbachia endosymbiont (group A) of Udea olivalis	Pseudomonadota	Bacteria
3066184	Wolbachia endosymbiont (group B) of Xanthorhoe designata	Pseudomonadota	Bacteria
3066185	Wolbachia endosymbiont (group B) of Xylocampa areola	Pseudomonadota	Bacteria
3066186	Wolbachia endosymbiont (group B) of Yponomeuta malinellus	Pseudomonadota	Bacteria
3066188	Wolbachia endosymbiont (group A) of Alloplasta piceator	Pseudomonadota	Bacteria
3066189	Wolbachia endosymbiont (group A) of Andrena bucephala	Pseudomonadota	Bacteria
3066190	Wolbachia endosymbiont (group A) of Andrena carantonica	Pseudomonadota	Bacteria
3066191	Wolbachia endosymbiont (group A) of Andrena fulva	Pseudomonadota	Bacteria
3066192	Wolbachia endosymbiont (group A) of Andrena helvola	Pseudomonadota	Bacteria
3066193	Wolbachia endosymbiont (group A) of Andrena trimmerana	Pseudomonadota	Bacteria
3066194	Wolbachia endosymbiont (group A) of Anthophora plumipes	Pseudomonadota	Bacteria
3066195	Wolbachia endosymbiont (group A) of Aporus unicolor	Pseudomonadota	Bacteria
3066196	Wolbachia endosymbiont (group A) of Campoletis raptor	Pseudomonadota	Bacteria
3066197	Wolbachia endosymbiont (group A) of Chalcis sispes	Pseudomonadota	Bacteria
3066200	Wolbachia endosymbiont (group A) of Gastracanthus pulcherrimus	Pseudomonadota	Bacteria
3066201	Wolbachia endosymbiont (group A) of Lasioglossum fulvicorne	Pseudomonadota	Bacteria
3066202	Wolbachia endosymbiont (group A) of Lasioglossum villosulum	Pseudomonadota	Bacteria
3066203	Wolbachia endosymbiont (group A) of Melitta haemorrhoidalis	Pseudomonadota	Bacteria
3066204	Wolbachia endosymbiont (group A) of Nomada ferruginata	Pseudomonadota	Bacteria
3066205	Wolbachia endosymbiont (group A) of Nomada flava	Pseudomonadota	Bacteria
3066206	Wolbachia endosymbiont (group A) of Nomada fucata	Pseudomonadota	Bacteria
3066207	Wolbachia endosymbiont (group A) of Nomada goodeniana	Pseudomonadota	Bacteria
3066208	Wolbachia endosymbiont (group A) of Nomada hirtipes	Pseudomonadota	Bacteria
3066209	Wolbachia endosymbiont (group A) of Ophion costatus	Pseudomonadota	Bacteria
3066210	Wolbachia endosymbiont (group A) of Ophion ellenae	Pseudomonadota	Bacteria
3066211	Wolbachia endosymbiont (group A) of Oxytorus armatus	Pseudomonadota	Bacteria
3066212	Wolbachia endosymbiont (group A) of Paraperithous gnathaulax	Pseudomonadota	Bacteria
3066213	Wolbachia endosymbiont (group A) of Rhorus exstirpatorius	Pseudomonadota	Bacteria
3066214	Wolbachia endosymbiont (group A) of Therophilus tumidulus	Pseudomonadota	Bacteria
3066215	Wolbachia endosymbiont (group A) of Tromatobia lineatoria	Pseudomonadota	Bacteria
3066216	Cardinium endosymbiont of Tipula unca	Bacteroidota	Bacteria
3066217	Cardinium endosymbiont of Nabis limbatus	Bacteroidota	Bacteria
3066219	Candidatus Walczuchella endosymbiont of Icerya purchasi	Bacteroidota	Bacteria
3066221	Candidatus Mesenet endosymbiont of Phosphuga atrata	Pseudomonadota	Bacteria
3066224	Candidatus Lariskella endosymbiont of Epinotia ramella	Pseudomonadota	Bacteria
3066235	Arsenophonus endosymbiont of Crataerina pallida	Pseudomonadota	Bacteria
3066237	Rickettsiella endosymbiont of Litargus connexus	Pseudomonadota	Bacteria
3066238	Rickettsiella endosymbiont of Xylota segnis	Pseudomonadota	Bacteria
3066239	Rickettsiella endosymbiont of Miltochrista miniata	Pseudomonadota	Bacteria
3066247	Rickettsia endosymbiont of Aspidapion aeneum	Pseudomonadota	Bacteria
3066248	Rickettsia endosymbiont of Cantharis rufa	Pseudomonadota	Bacteria
3066249	Rickettsia endosymbiont of Ceutorhynchus obstrictus	Pseudomonadota	Bacteria
3066251	Rickettsia endosymbiont of Polydrusus tereticollis	Pseudomonadota	Bacteria
3066252	Rickettsia endosymbiont of Rhinocyllus conicus	Pseudomonadota	Bacteria
3066253	Candidatus Tisiphia endosymbiont of Dascillus cervinus	Pseudomonadota	Bacteria
3066254	Candidatus Tisiphia endosymbiont of Dioctria linearis	Pseudomonadota	Bacteria
3066255	Candidatus Tisiphia endosymbiont of Dioctria rufipes	Pseudomonadota	Bacteria
3066257	Candidatus Tisiphia endosymbiont of Myopa tessellatipennis	Pseudomonadota	Bacteria
3066258	Candidatus Tisiphia endosymbiont of Thecophora atra	Pseudomonadota	Bacteria
3066259	Candidatus Tisiphia endosymbiont of Empis tessellata	Pseudomonadota	Bacteria
3066260	Candidatus Tisiphia endosymbiont of Ptychoptera albimana	Pseudomonadota	Bacteria
3066261	Candidatus Tisiphia endosymbiont of Melanophora roralis	Pseudomonadota	Bacteria
3066262	Candidatus Tisiphia endosymbiont of Beris chalybata	Pseudomonadota	Bacteria
3066263	Candidatus Tisiphia endosymbiont of Nemotelus nigrinus	Pseudomonadota	Bacteria
3066266	Rickettsia endosymbiont of Gonocerus acuteangulatus	Pseudomonadota	Bacteria
3066267	Rickettsia endosymbiont of Pantilius tunicatus	Pseudomonadota	Bacteria
3066268	Rickettsia endosymbiont of Nabis limbatus	Pseudomonadota	Bacteria
3066269	Rickettsia endosymbiont of Lasioglossum villosulum	Pseudomonadota	Bacteria
3066270	Rickettsia endosymbiont of Seladonia tumulorum	Pseudomonadota	Bacteria
3066271	Candidatus Tisiphia endosymbiont of Micropterix aruncella	Pseudomonadota	Bacteria
3066272	Candidatus Tisiphia endosymbiont of Ditula angustiorana	Pseudomonadota	Bacteria
3066273	Candidatus Tisiphia endosymbiont of Piscicola geometra	Pseudomonadota	Bacteria
3066274	Candidatus Tisiphia endosymbiont of Metellina segmentata	Pseudomonadota	Bacteria
3066275	Candidatus Tisiphia endosymbiont of Parasteatoda lunata	Pseudomonadota	Bacteria
3066276	Spiroplasma endosymbiont of Aspidapion aeneum	Mycoplasmatota	Bacteria
3066278	Spiroplasma endosymbiont of Cantharis nigra	Mycoplasmatota	Bacteria
3066279	Spiroplasma endosymbiont of Cantharis rufa	Mycoplasmatota	Bacteria
3066281	Spiroplasma endosymbiont of Asaphidion curtum	Mycoplasmatota	Bacteria
3066282	Spiroplasma endosymbiont of Clivina fossor	Mycoplasmatota	Bacteria
3066283	Spiroplasma endosymbiont of Dromius quadrimaculatus	Mycoplasmatota	Bacteria
3066284	Spiroplasma endosymbiont of Nebria brevicollis	Mycoplasmatota	Bacteria
3066285	Spiroplasma endosymbiont of Notiophilus biguttatus	Mycoplasmatota	Bacteria
3066286	Spiroplasma endosymbiont of Crioceris asparagi	Mycoplasmatota	Bacteria
3066287	Spiroplasma endosymbiont of Polydrusus cervinus	Mycoplasmatota	Bacteria
3066288	Spiroplasma endosymbiont of Amphimallon solstitiale	Mycoplasmatota	Bacteria
3066289	Spiroplasma endosymbiont of Othius punctulatus	Mycoplasmatota	Bacteria
3066290	Spiroplasma endosymbiont of Dioctria linearis	Mycoplasmatota	Bacteria
3066291	Spiroplasma endosymbiont of Atherix ibis	Mycoplasmatota	Bacteria
3066292	Spiroplasma endosymbiont of Dilophus febrilis	Mycoplasmatota	Bacteria
3066293	Spiroplasma endosymbiont of Villa modesta	Mycoplasmatota	Bacteria
3066294	Spiroplasma endosymbiont of Thecophora atra	Mycoplasmatota	Bacteria
3066295	Spiroplasma endosymbiont of Tipula paludosa	Mycoplasmatota	Bacteria
3066296	Spiroplasma endosymbiont of Tricholauxania praeusta	Mycoplasmatota	Bacteria
3066297	Spiroplasma endosymbiont of Lonchoptera lutea	Mycoplasmatota	Bacteria
3066299	Spiroplasma endosymbiont of Dasysyrphus albostriatus	Mycoplasmatota	Bacteria
3066300	Spiroplasma endosymbiont of Eupeodes luniger	Mycoplasmatota	Bacteria
3066301	Spiroplasma endosymbiont of Panzeria rudis	Mycoplasmatota	Bacteria
3066302	Spiroplasma endosymbiont of Nephrotoma flavescens	Mycoplasmatota	Bacteria
3066303	Spiroplasma endosymbiont of Sarcophaga carnaria	Mycoplasmatota	Bacteria
3066305	Spiroplasma endosymbiont of Labia minor	Mycoplasmatota	Bacteria
3066306	Spiroplasma endosymbiont of Acasis viretata	Mycoplasmatota	Bacteria
3066307	Spiroplasma endosymbiont of Apeira syringaria	Mycoplasmatota	Bacteria
3066310	Spiroplasma endosymbiont of Colias croceus	Mycoplasmatota	Bacteria
3066312	Spiroplasma endosymbiont of Monopis laevigella	Mycoplasmatota	Bacteria
3066313	Spiroplasma endosymbiont of Zeiraphera isertana	Mycoplasmatota	Bacteria
3066314	Spiroplasma endosymbiont of Panorpa germanica	Mycoplasmatota	Bacteria
3066315	Spiroplasma endosymbiont of Ammophila pubescens	Mycoplasmatota	Bacteria
3066316	Spiroplasma endosymbiont of Andrena trimmerana	Mycoplasmatota	Bacteria
3066319	Spiroplasma endosymbiont of Lasioglossum malachurum	Mycoplasmatota	Bacteria
3066320	Spiroplasma endosymbiont of Lasioglossum villosulum	Mycoplasmatota	Bacteria
3066321	Spiroplasma endosymbiont of Seladonia tumulorum	Mycoplasmatota	Bacteria
3066322	Spiroplasma endosymbiont of Diplazon laetatorius	Mycoplasmatota	Bacteria
3066325	Spiroplasma endosymbiont of Nomada ruficornis	Mycoplasmatota	Bacteria
3066326	Spiroplasma endosymbiont of Tiphia femorata	Mycoplasmatota	Bacteria
3067275	Psychrobacter sp. M13	Pseudomonadota	Bacteria
3067902	Parvularcula sp. IMCC14364	Pseudomonadota	Bacteria
3067903	Pararhizobium sp. IMCC21322	Pseudomonadota	Bacteria
3067904	Pararhizobium sp. IMCC3301	Pseudomonadota	Bacteria
3068314	Brevundimonas sp. C43	Pseudomonadota	Bacteria
3068324	Stenotrophomonas sp. 24(2023)	Pseudomonadota	Bacteria
3068639	Pseudomonas sp. NY8896	Pseudomonadota	Bacteria
3068640	Geothrix sp. PMB-07	Acidobacteriota	Bacteria
3068889	Geothrix sp. 21YS21S-4	Acidobacteriota	Bacteria
3068893	Geothrix sp. 21YS21S-2	Acidobacteriota	Bacteria
3068894	Pyramidobacter sp. YE332	Synergistota	Bacteria
3068988	Candidatus Tremblayella endosymbiont of Pseudococcus viburni	Pseudomonadota	Bacteria
3068989	Staphylococcus sp. HKU1	Bacillota	Bacteria
3068990	Pseudomonas sp. App30	Pseudomonadota	Bacteria
3069708	Brachybacterium sp. GU-2	Actinomycetota	Bacteria
3070215	Kineothrix sp. MB12-C1	Bacillota	Bacteria
3070656	Paludihabitans sp. MB14-C6	Bacillota	Bacteria
3070659	Aestuariibaculum sp. YM273	Bacteroidota	Bacteria
3070660	Mangrovimonas sp. YM274	Bacteroidota	Bacteria
3070661	Aminobacterium sp. MB27-C1	Synergistota	Bacteria
3070676	Neobacillus sp. PS2-9	Bacillota	Bacteria
3070677	Neobacillus sp. PS3-12	Bacillota	Bacteria
3070678	Neobacillus sp. PS3-34	Bacillota	Bacteria
3070679	Neobacillus sp. PS3-40	Bacillota	Bacteria
3070680	Neobacillus sp. OS1-2	Bacillota	Bacteria
3070681	Clostridium sp. OS1-26	Bacillota	Bacteria
3070682	Neobacillus sp. OS1-32	Bacillota	Bacteria
3070812	Enterococcus sp. SB12	Bacillota	Bacteria
3070814	Anaerotignum sp. MB30-C6	Bacillota	Bacteria
3070995	Sedimentibacter sp. MB35-C1	Bacillota	Bacteria
3070996	Clostridium sp. MB40-C1	Bacillota	Bacteria
3070997	Anaerocolumna sp. MB42-C2	Bacillota	Bacteria
3070999	Tissierella sp. MB52-C2	Bacillota	Bacteria
3071081	Pseudoalteromonas sp. HL-AS1	Pseudomonadota	Bacteria
3071082	Pseudoalteromonas sp. HL-AS2	Pseudomonadota	Bacteria
3071567	Pantoea sp. App145	Pseudomonadota	Bacteria
3071730	Streptomyces sp. P5-A9	Actinomycetota	Bacteria
3072183	Streptomyces sp. WAC07094	Actinomycetota	Bacteria
3072790	Rheinheimera sp. MMS21-TC3	Pseudomonadota	Bacteria
3072793	Acuticoccus sp. MNP-M23	Pseudomonadota	Bacteria
3072980	Agrobacterium sp. rho-13.3	Pseudomonadota	Bacteria
3073064	Cellulomonas sp. ATA003	Actinomycetota	Bacteria
3073066	Saccharopolyspora sp. ID03-671	Actinomycetota	Bacteria
3073092	Paenibacillus sp. D2_2	Bacillota	Bacteria
3073268	Citricoccus sp. I39-566	Actinomycetota	Bacteria
3073270	Microvirga sp. M2	Pseudomonadota	Bacteria
3073271	Peribacillus sp. R9-11	Bacillota	Bacteria
3073452	Bacillus sp. DX2.2	Bacillota	Bacteria
3073816	Bacillus sp. NEB1478	Bacillota	Bacteria
3073865	Enterobacter cloacae complex sp. EB5	Pseudomonadota	Bacteria
3073964	Akkermansia sp. EB-AMDK43	Verrucomicrobiota	Bacteria
3074082	Thermosynechococcus sp. PP22	Cyanobacteriota	Bacteria
3074084	Thermosynechococcus sp. PP551	Cyanobacteriota	Bacteria
3074085	Thermosynechococcus sp. PP555	Cyanobacteriota	Bacteria
3074086	Thermosynechococcus sp. PKX82	Cyanobacteriota	Bacteria
3074087	Thermosynechococcus sp. PKX91	Cyanobacteriota	Bacteria
3074088	Thermosynechococcus sp. PKX95	Cyanobacteriota	Bacteria
3074089	Thermosynechococcus sp. WL11	Cyanobacteriota	Bacteria
3074090	Thermosynechococcus sp. WL15	Cyanobacteriota	Bacteria
3074091	Thermosynechococcus sp. WL17	Cyanobacteriota	Bacteria
3074092	Thermosynechococcus sp. GLH187	Cyanobacteriota	Bacteria
3074093	Thermosynechococcus sp. GLH333	Cyanobacteriota	Bacteria
3074094	Thermosynechococcus sp. GLH87	Cyanobacteriota	Bacteria
3074095	Thermosynechococcus sp. TG215	Cyanobacteriota	Bacteria
3074096	Thermosynechococcus sp. TG218	Cyanobacteriota	Bacteria
3074098	Thermosynechococcus sp. JY1331	Cyanobacteriota	Bacteria
3074101	Thermosynechococcus sp. QS41	Cyanobacteriota	Bacteria
3074103	Thermosynechococcus sp. HY593	Cyanobacteriota	Bacteria
3074106	Mycobacteroides sp. PCS013	Actinomycetota	Bacteria
3074130	Thermosynechococcus sp. QKsg1	Cyanobacteriota	Bacteria
3074145	Chryseobacterium sp. SG20098	Bacteroidota	Bacteria
3074146	Pseudomonas sp. SG20056	Pseudomonadota	Bacteria
3074147	Pseudomonas sp. SG20052	Pseudomonadota	Bacteria
3074148	Rhodococcus sp. SG20037	Actinomycetota	Bacteria
3074204	Bacillus sp. SG20001	Bacillota	Bacteria
3074378	Corynebacterium sp. Z-1	Actinomycetota	Bacteria
3074379	Streptomyces sp. 147326	Actinomycetota	Bacteria
3074430	Streptomyces sp. BB1-1-1	Actinomycetota	Bacteria
3074437	Paraburkholderia sp. FT54	Pseudomonadota	Bacteria
3074854	Streptococcus sp. SN-1	Bacillota	Bacteria
3074898	Pontibacter sp. G13	Bacteroidota	Bacteria
3075197	Streptomyces sp. ITFR-6	Actinomycetota	Bacteria
3075198	Streptomyces sp. ITFR-16	Actinomycetota	Bacteria
3075199	Actinacidiphila sp. ITFR-21	Actinomycetota	Bacteria
3075220	Pseudomonas sp. HTZ2	Pseudomonadota	Bacteria
3075221	Halomonas sp. PAMB 3232	Pseudomonadota	Bacteria
3075222	Halomonas sp. PAMB 3264	Pseudomonadota	Bacteria
3075430	Dyella sp. BiH032	Pseudomonadota	Bacteria
3075432	Streptomyces sp. Li-HN-5-11	Actinomycetota	Bacteria
3075582	Pseudomonas sp. VD-NE white	Pseudomonadota	Bacteria
3075583	Pseudomonas sp. VD-NE ext	Pseudomonadota	Bacteria
3075584	Pseudomonas sp. VD-NE ins	Pseudomonadota	Bacteria
3075616	Marinobacter sp. KM021	Pseudomonadota	Bacteria
3075627	Kitasatospora sp. CM 4170	Actinomycetota	Bacteria
3075650	Hyphomicrobium sp. DY-1	Pseudomonadota	Bacteria
3075651	Hyphomicrobium sp. B1	Pseudomonadota	Bacteria
3075818	Leptotrichia sp. SK-5	Fusobacteriota	Bacteria
3075824	Streptomyces sp. AM2-3-1	Actinomycetota	Bacteria
3075825	Streptomyces sp. AM8-1-1	Actinomycetota	Bacteria
3075837	Gordonia sp. w5E2	Actinomycetota	Bacteria
3075927	Umezawaea sp. Da 62-37	Actinomycetota	Bacteria
3076039	Tardiphaga sp. 709	Pseudomonadota	Bacteria
3076087	Moraxella sp. DOX410	Pseudomonadota	Bacteria
3076428	Mesorhizobium sp. ISC11	Pseudomonadota	Bacteria
3076429	Mesorhizobium sp. ISC15	Pseudomonadota	Bacteria
3076764	Amycolatopsis sp. WGS_07	Actinomycetota	Bacteria
3077323	Bacillus sp. SI2	Bacillota	Bacteria
3077335	Mesorhizobium sp. ISC25	Pseudomonadota	Bacteria
3077584	Streptococcus sp. DTU_2020_1001019_1_SI_AUS_MUR_006	Bacillota	Bacteria
3077585	Bacillus sp. DTU_2020_1000418_1_SI_GHA_SEK_038	Bacillota	Bacteria
3077589	Pseudomonas sp. DTU_2021_1001937_2_SI_NGA_ILE_001	Pseudomonadota	Bacteria
3077590	Neisseria sp. DTU_2021_1001991_1_SI_NGA_ILE_055	Pseudomonadota	Bacteria
3077723	Streptococcus sp. DTU_2020_1000888_1_SI_GRL_NUU_041A	Bacillota	Bacteria
3077724	Neisseria sp. DTU_2020_1000833_1_SI_GRL_NUU_006	Pseudomonadota	Bacteria
3077734	Tenacibaculum sp. HL-MS23	Bacteroidota	Bacteria
3077735	Polaribacter sp. HL-MS24	Bacteroidota	Bacteria
3077789	Domibacillus sp. DTU_2020_1001157_1_SI_ALB_TIR_016	Bacillota	Bacteria
3077915	Wolbachia endosymbiont (group B) of Ablattaria laevigata	Pseudomonadota	Bacteria
3077916	Wolbachia endosymbiont (group B) of Germaria angustata	Pseudomonadota	Bacteria
3077917	Wolbachia endosymbiont (group A) of Opomyza germinationis	Pseudomonadota	Bacteria
3077918	Wolbachia endosymbiont (group B) of Agriphila inquinatella	Pseudomonadota	Bacteria
3077919	Wolbachia endosymbiont (group A) of Aleiodes leptofemur	Pseudomonadota	Bacteria
3077920	Wolbachia endosymbiont (group A) of Cephus spinipes	Pseudomonadota	Bacteria
3077921	Wolbachia endosymbiont (group A) of Hedychridium roseum	Pseudomonadota	Bacteria
3077922	Wolbachia endosymbiont (group A) of Ischnus inquisitorius	Pseudomonadota	Bacteria
3077923	Wolbachia endosymbiont (group A) of Nomada rufipes	Pseudomonadota	Bacteria
3077924	Wolbachia endosymbiont (group A) of Philanthus triangulum	Pseudomonadota	Bacteria
3077925	Candidatus Tisiphia endosymbiont of Oplodontha viridula	Pseudomonadota	Bacteria
3077926	Candidatus Tisiphia endosymbiont of Nemotelus uliginosus	Pseudomonadota	Bacteria
3077928	Candidatus Tisiphia endosymbiont of Ceraclea dissimilis	Pseudomonadota	Bacteria
3077930	Spiroplasma endosymbiont of Agriotes lineatus	Mycoplasmatota	Bacteria
3077933	Spiroplasma endosymbiont of Nomada rufipes	Mycoplasmatota	Bacteria
3077936	Rickettsiella endosymbiont of Aleochara curtula	Pseudomonadota	Bacteria
3077937	Rickettsiella endosymbiont of Rhagonycha lignosa	Pseudomonadota	Bacteria
3077940	Enterobacter sp. DTU_2021_1002640_1_SI_PRY_ASU_LCPMC_013	Pseudomonadota	Bacteria
3077941	Cardinium endosymbiont of Philonthus spinipes	Bacteroidota	Bacteria
3077944	Alphaproteobacteria bacterium endosymbiont of Tiliacea citrago	Pseudomonadota	Bacteria
3077946	Candidatus Endowatersipora endosymbiont of Watersipora subatra	Pseudomonadota	Bacteria
3077948	Candidatus Mesenet endosymbiont of Agriotes lineatus	Pseudomonadota	Bacteria
3077949	Candidatus Lariskella endosymbiont of Hedychridium roseum	Pseudomonadota	Bacteria
3077951	Candidatus Zinderia endosymbiont of Aphrophora alni	Pseudomonadota	Bacteria
3077954	Candidatus Williamhamiltonella endosymbiont of Tuberolachnus salignus	Pseudomonadota	Bacteria
3077956	Candidatus Regiella endosymbiont of Tuberolachnus salignus	Pseudomonadota	Bacteria
3077957	Candidatus Fukatsuia endosymbiont of Tuberolachnus salignus	Pseudomonadota	Bacteria
3078082	Cellulosimicrobium sp. SJTW-1	Actinomycetota	Bacteria
3078084	Brevundimonas sp. S1H14	Pseudomonadota	Bacteria
3078227	Streptomyces sp. JL1001	Actinomycetota	Bacteria
3078263	Paenibacillus sp. BIC5C1	Bacillota	Bacteria
3078264	Pseudomonas sp. C9-3	Pseudomonadota	Bacteria
3078265	Sphingomonas sp. Y38-1Y	Pseudomonadota	Bacteria
3078428	Paracoccus sp. SJTW-4	Pseudomonadota	Bacteria
3078429	Alcaligenes sp. SJTW-7	Pseudomonadota	Bacteria
3078804	Bacillus sp. TSA-4	Bacillota	Bacteria
3078805	Parvularcula sp. LCG005	Pseudomonadota	Bacteria
3079014	Cupriavidus sp. BIC8F	Pseudomonadota	Bacteria
3079302	Agathobaculum sp. NTUH-O15-33	Bacillota	Bacteria
3079303	Intestinibacillus sp. NTUH-41-i26	Bacillota	Bacteria
3079304	Palleronia sp. LCG004	Pseudomonadota	Bacteria
3079308	Enterobacter sp. 3U4	Pseudomonadota	Bacteria
3079309	Bacillus sp. 3P20	Bacillota	Bacteria
3079339	Amycolatopsis sp. FBCC-B4732	Actinomycetota	Bacteria
3079555	Alteromonas sp. CI.11.F.A3	Pseudomonadota	Bacteria
3079556	Sulfitobacter sp. LC.270.F.C4	Pseudomonadota	Bacteria
3079768	Pseudomonas sp. NMS19W	Pseudomonadota	Bacteria
3079861	Novosphingobium sp. ZN18A2	Pseudomonadota	Bacteria
3080012	Bradyrhizobium sp. BWC-3-1	Pseudomonadota	Bacteria
3080013	Bradyrhizobium sp. BWA-3-5	Pseudomonadota	Bacteria
3080014	Bradyrhizobium sp. NDS-1	Pseudomonadota	Bacteria
3080015	Bradyrhizobium sp. BEA-2-5	Pseudomonadota	Bacteria
3080019	Hyphomonas sp. FCG-A18	Pseudomonadota	Bacteria
3080020	Enterobacter sp. JJBC	Pseudomonadota	Bacteria
3080057	Allobosea sp. 685	Pseudomonadota	Bacteria
3080275	Halovibrio sp. HP20-59	Pseudomonadota	Bacteria
3080329	Wolbachia endosymbiont of Drosophila aff. chauvacae BK-2020	Pseudomonadota	Bacteria
3080498	Paraburkholderia sp. 22B1P	Pseudomonadota	Bacteria
3080532	Nitrosospira sp. Is2	Pseudomonadota	Bacteria
3080755	Geobacter sp. 60473	Thermodesulfobacteriota	Bacteria
3080830	Aeromonas sp. CD	Pseudomonadota	Bacteria
3080983	Variovorax sp. DAIF25	Pseudomonadota	Bacteria
3081199	Oceanisphaera sp. IT1-181	Pseudomonadota	Bacteria
3081203	Klebsiella sp. w6	Pseudomonadota	Bacteria
3081204	Raineyella sp. LH-20	Actinomycetota	Bacteria
3081222	Corynebacterium sp. UMB2355A	Actinomycetota	Bacteria
3081231	Ottowia sp. SB7-C50	Pseudomonadota	Bacteria
3081651	Raineyella sp. W15-4	Actinomycetota	Bacteria
3081664	Pseudomonas sp. NY8938	Pseudomonadota	Bacteria
3081750	Anaerocolumna sp. AGMB13020	Bacillota	Bacteria
3081765	Streptomyces sp. N50	Actinomycetota	Bacteria
3081770	Aeromonas sp. XH	Pseudomonadota	Bacteria
3081771	Acinetobacter sp. 16	Pseudomonadota	Bacteria
3081984	Pigmentiphaga sp. CHJ604	Pseudomonadota	Bacteria
3082387	Agarivorans sp. OAG1	Pseudomonadota	Bacteria
3082444	Niallia sp. XMNu-256	Bacillota	Bacteria
3082519	Prochlorococcus sp. MED1	Cyanobacteriota	Bacteria
3082520	Prochlorococcus sp. MIT 1011	Cyanobacteriota	Bacteria
3082521	Prochlorococcus sp. MIT 0916	Cyanobacteriota	Bacteria
3082522	Prochlorococcus sp. MIT 9321	Cyanobacteriota	Bacteria
3082523	Prochlorococcus sp. MIT 9123	Cyanobacteriota	Bacteria
3082524	Prochlorococcus sp. MIT 1205	Cyanobacteriota	Bacteria
3082525	Prochlorococcus sp. MIT 1304	Cyanobacteriota	Bacteria
3082526	Prochlorococcus sp. MIT 1323	Cyanobacteriota	Bacteria
3082527	Prochlorococcus sp. MIT 1327	Cyanobacteriota	Bacteria
3082528	Prochlorococcus sp. MIT 9311	Cyanobacteriota	Bacteria
3082529	Prochlorococcus sp. MIT 9322	Cyanobacteriota	Bacteria
3082530	Prochlorococcus sp. MIT 9401	Cyanobacteriota	Bacteria
3082531	Prochlorococcus sp. MIT 1318	Cyanobacteriota	Bacteria
3082532	Prochlorococcus sp. MIT 1342	Cyanobacteriota	Bacteria
3082533	Prochlorococcus sp. MIT 9116	Cyanobacteriota	Bacteria
3082534	Prochlorococcus sp. MIT 9314	Cyanobacteriota	Bacteria
3082535	Prochlorococcus sp. MIT 1201	Cyanobacteriota	Bacteria
3082536	Prochlorococcus sp. MIT 1227	Cyanobacteriota	Bacteria
3082537	Prochlorococcus sp. MIT 1312	Cyanobacteriota	Bacteria
3082538	Prochlorococcus sp. MIT 1313	Cyanobacteriota	Bacteria
3082539	Prochlorococcus sp. MIT 0718	Cyanobacteriota	Bacteria
3082540	Prochlorococcus sp. MIT 0714	Cyanobacteriota	Bacteria
3082543	Synechococcus sp. MIT S9451	Cyanobacteriota	Bacteria
3082544	Synechococcus sp. MIT S9507	Cyanobacteriota	Bacteria
3082545	Synechococcus sp. MIT S9501	Cyanobacteriota	Bacteria
3082546	Synechococcus sp. MIT S9452	Cyanobacteriota	Bacteria
3082547	Synechococcus sp. MIT S9503	Cyanobacteriota	Bacteria
3082548	Synechococcus sp. MIT S9510	Cyanobacteriota	Bacteria
3082549	Synechococcus sp. MIT S1220	Cyanobacteriota	Bacteria
3082860	Prochlorococcus sp. MIT 0707	Cyanobacteriota	Bacteria
3082861	Methanocalculus sp. MC2	Methanobacteriota	Archaea
3082949	Altericista sp. CCNU0014	Cyanobacteriota	Bacteria
3082951	Bradyrhizobium sp. NL2	Pseudomonadota	Bacteria
3083256	Bacillus sp. KICET-3	Bacillota	Bacteria
3083257	Azotobacter sp. NL3	Pseudomonadota	Bacteria
3083258	Pseudomonas sp. On1	Pseudomonadota	Bacteria
3085635	Borrelia sp. MN22-0132	Spirochaetota	Bacteria
3086079	Pseudomonas sp. NLJ1	Pseudomonadota	Bacteria
3087234	Pseudomonas sp. MUP55	Pseudomonadota	Bacteria
3088255	Longispora sp. K20-0274	Actinomycetota	Bacteria
3088362	Dyadobacter sp. 676	Bacteroidota	Bacteria
3088895	Wukongibacter sp. M2B1	Bacillota	Bacteria
3089814	Xylophilus sp. GOD-11R	Pseudomonadota	Bacteria
3090665	Pseudomonas sp. JS3066	Pseudomonadota	Bacteria
3090667	Streptomyces sp. KN37	Actinomycetota	Bacteria
3090699	Burkholderia sp. NLJ2	Pseudomonadota	Bacteria
3092086	Jejuibacter sp. L23	Pseudomonadota	Bacteria
3092100	Glaciecola sp. G7-5	Pseudomonadota	Bacteria
3092104	Devosia sp. G20-12	Pseudomonadota	Bacteria
3092107	Erythrobacter sp. JB1-15	Pseudomonadota	Bacteria
3092109	Erythrobacter sp. JB1-7	Pseudomonadota	Bacteria
3092111	Qipengyuania sp. JB2-7	Pseudomonadota	Bacteria
3092113	Marinomonas sp. 15G6-16	Pseudomonadota	Bacteria
3092115	Marinomonas sp. GJ51-14	Pseudomonadota	Bacteria
3092118	Lentilitoribacter sp. JB5-8	Pseudomonadota	Bacteria
3092119	Martelella sp. K41-7	Pseudomonadota	Bacteria
3092128	Litoreibacter sp. JB4-2	Pseudomonadota	Bacteria
3092130	Oceaniglobus sp. K40-3	Pseudomonadota	Bacteria
3092135	Roseibium sp. 10G30-5	Pseudomonadota	Bacteria
3092153	Parasphingorhabdus sp. W113	Pseudomonadota	Bacteria
3092154	Sphingopyxis sp. 10G20-10	Pseudomonadota	Bacteria
3092155	Vibrio sp. GJ41-3	Pseudomonadota	Bacteria
3092262	Pseudarthrobacter sp. IC2-21	Actinomycetota	Bacteria
3092666	Priestia sp. HNGD-A6	Bacillota	Bacteria
3093660	Deinococcus sp. AB2017081	Deinococcota	Bacteria
3093719	Marinobacter sp. MIT1358	Pseudomonadota	Bacteria
3093720	Thalassospira sp. MIT1370	Pseudomonadota	Bacteria
3093725	Synechococcus sp. Cu2B8-bc1011	Cyanobacteriota	Bacteria
3093726	Prochlorococcus sp. Dvax-bc1017	Cyanobacteriota	Bacteria
3093845	Brevundimonas sp. R86498	Pseudomonadota	Bacteria
3093849	Bermanella sp. R86531	Pseudomonadota	Bacteria
3093850	Frigoribacterium sp. R86507	Actinomycetota	Bacteria
3093852	Bermanella sp. R86510	Pseudomonadota	Bacteria
3093854	Maribacter sp. R86514	Bacteroidota	Bacteria
3093856	Dokdonia sp. R86516	Bacteroidota	Bacteria
3093862	Qipengyuania sp. R86523	Pseudomonadota	Bacteria
3093864	Microbacterium sp. R86528	Actinomycetota	Bacteria
3093867	Allomuricauda sp. R78024	Bacteroidota	Bacteria
3093869	Yoonia sp. R78084	Pseudomonadota	Bacteria
3093870	Polaribacter sp. R77954	Bacteroidota	Bacteria
3093871	Maribacter sp. R77961	Bacteroidota	Bacteria
3093872	Winogradskyella sp. R77965	Bacteroidota	Bacteria
3093873	Algibacter sp. R77976	Bacteroidota	Bacteria
3093875	Olleya sp. R77988	Bacteroidota	Bacteria
3093922	Hymenobacter sp. GOD-10R	Bacteroidota	Bacteria
3093923	Chryseobacterium sp. JJR-5R	Bacteroidota	Bacteria
3094835	Sulfurospirillum sp. 1612	Campylobacterota	Bacteria
3094839	Chryseobacterium sp. HR92	Bacteroidota	Bacteria
3094846	Pseudomonas sp. G166	Pseudomonadota	Bacteria
3094884	Bacillus cereus group sp. BfR-BA-01700	Bacillota	Bacteria
3094916	Pseudomonas sp. BO3-4	Pseudomonadota	Bacteria
3095337	Selenomonas sp. TAMA-11512	Bacillota	Bacteria
3095364	Salimicrobium sp. PL1-032A	Bacillota	Bacteria
3095365	Idiomarina sp. PL1-037	Pseudomonadota	Bacteria
3095606	Acidovorax sp. DW039	Pseudomonadota	Bacteria
3095607	Methylophilus sp. DW102	Pseudomonadota	Bacteria
3095608	Asticcacaulis sp. DW145	Pseudomonadota	Bacteria
3095609	Herbaspirillum sp. DW155	Pseudomonadota	Bacteria
3096006	Streptomyces sp. CL7	Actinomycetota	Bacteria
3096009	Streptomyces sp. S399	Actinomycetota	Bacteria
3096010	Streptomyces sp. S584	Actinomycetota	Bacteria
3096079	Lysinibacillus sp. FW12	Bacillota	Bacteria
3096217	Prochlorococcus sp. MIT 1223	Cyanobacteriota	Bacteria
3096218	Prochlorococcus sp. MIT 1300	Cyanobacteriota	Bacteria
3096219	Prochlorococcus sp. MIT 1307	Cyanobacteriota	Bacteria
3096220	Prochlorococcus sp. MIT 1314	Cyanobacteriota	Bacteria
3096221	Prochlorococcus sp. MIT 1341	Cyanobacteriota	Bacteria
3096260	Candidatus Thiodiazotropha sp. LNASS1	Pseudomonadota	Bacteria
3096605	Pseudomonas sp. AN-1	Pseudomonadota	Bacteria
3096987	Shimia sp. MIT910701	Pseudomonadota	Bacteria
3096989	Thalassospira sp. MIT121401	Pseudomonadota	Bacteria
3096990	Marinobacter sp. MIT0238	Pseudomonadota	Bacteria
3096991	Marinobacter sp. MIT1392	Pseudomonadota	Bacteria
3096992	Shimia sp. MIT1388	Pseudomonadota	Bacteria
3096993	Maricaulis sp. MIT060901	Pseudomonadota	Bacteria
3096994	Thalassobius sp. MITS945101	Pseudomonadota	Bacteria
3096995	Marinobacter sp. MIT932201	Pseudomonadota	Bacteria
3096996	Marinobacter sp. MIT930201	Pseudomonadota	Bacteria
3097255	Pseudomonas sp. AK181	Pseudomonadota	Bacteria
3097359	Streptomyces sp. KHY 26	Actinomycetota	Bacteria
3097368	Streptococcus sp. VEG1o	Bacillota	Bacteria
3097369	Streptococcus sp. LysM4	Bacillota	Bacteria
3097546	Algoriphagus sp. NG3	Bacteroidota	Bacteria
3097547	Flavobacterium sp. NG2	Bacteroidota	Bacteria
3098297	Winogradskyella sp. MIT101101	Bacteroidota	Bacteria
3098592	Bacillus sp. RA(2023)	Bacillota	Bacteria
3098762	Hydrogenophaga sp. SNF1	Pseudomonadota	Bacteria
3100173	Thalassobaculum sp. OXR-137	Pseudomonadota	Bacteria
3100174	Sulfitobacter sp. OXR-159	Pseudomonadota	Bacteria
3100175	Idiomarina sp. OXR-189	Pseudomonadota	Bacteria
3100176	Christiangramia sp. OXR-203	Bacteroidota	Bacteria
3101265	Candidatus Rariloculus sp.	Pseudomonadota	Bacteria
3101273	Candidatus Spongiisocius sp.	Actinomycetota	Bacteria
3101276	Candidatus Poriferisocius sp.	Actinomycetota	Bacteria
3101277	Candidatus Poriferisodalis sp.	Actinomycetota	Bacteria
3101301	Candidatus Foliamicus sp.	Pseudomonadota	Bacteria
3101308	Candidatus Spongiihabitans sp.	Pseudomonadota	Bacteria
3101350	Candidatus Palauibacter sp.	Gemmatimonadota	Bacteria
3101753	Micrococcus sp. HOU01	Actinomycetota	Bacteria
3102784	Enterobacter sp. D2	Pseudomonadota	Bacteria
3102785	Enterobacter sp. A103	Pseudomonadota	Bacteria
3102786	Halomonas sp. A29	Pseudomonadota	Bacteria
3102787	Bacillus sp. A31	Bacillota	Bacteria
3102929	Streptomyces yongxingensis	Actinomycetota	Bacteria
3103135	Bacillus sp. OK-29	Bacillota	Bacteria
3103139	Synechococcus sp. M16CYN	Cyanobacteriota	Bacteria
3103144	Faecalibacter sp. LW9	Bacteroidota	Bacteria
3104013	Enterobacter sp. PGRG2	Pseudomonadota	Bacteria
3104264	Pseudomonas sp. B188	Pseudomonadota	Bacteria
3104265	Pseudomonas sp. B33.4	Pseudomonadota	Bacteria
3104276	Nocardiopsis sp. LDBS0036	Actinomycetota	Bacteria
3104321	Nostoc sp. CALU 1950	Cyanobacteriota	Bacteria
3104331	Escherichia sp. PS15001	Pseudomonadota	Bacteria
3104334	Escherichia sp. SA17023	Pseudomonadota	Bacteria
3104340	Escherichia sp. PS184-R	Pseudomonadota	Bacteria
3104341	Escherichia sp. RL97	Pseudomonadota	Bacteria
3104344	Escherichia sp. SB17103	Pseudomonadota	Bacteria
3104345	Escherichia sp. SB18102	Pseudomonadota	Bacteria
3104346	Escherichia sp. SB18001	Pseudomonadota	Bacteria
3104347	Escherichia sp. SB18002	Pseudomonadota	Bacteria
3104348	Escherichia sp. SB18003	Pseudomonadota	Bacteria
3104349	Escherichia sp. SB18004	Pseudomonadota	Bacteria
3104351	Escherichia sp. SB17032	Pseudomonadota	Bacteria
3104352	Escherichia sp. SB17042	Pseudomonadota	Bacteria
3104353	Escherichia sp. HBI03	Pseudomonadota	Bacteria
3104354	Escherichia sp. HBI02	Pseudomonadota	Bacteria
3104356	Escherichia sp. HBI04	Pseudomonadota	Bacteria
3104357	Escherichia sp. HBI05	Pseudomonadota	Bacteria
3105867	Cobetia sp. D5	Pseudomonadota	Bacteria
3108175	Roseovarius sp. Pro17	Pseudomonadota	Bacteria
3108176	Luteimonas sp. R10	Pseudomonadota	Bacteria
3108224	Cyanobium sp. BSA11S	Cyanobacteriota	Bacteria
3108349	Chitinophaga sp. 212800008-4	Bacteroidota	Bacteria
3108350	Chitinophaga sp. 180180018-3	Bacteroidota	Bacteria
3108351	Chitinophaga sp. 180180018-2	Bacteroidota	Bacteria
3108389	Terrabacter sp. C0L_2	Actinomycetota	Bacteria
3108391	Altererythrobacter sp. H2	Pseudomonadota	Bacteria
3108483	Mycoplasma sp. 888	Mycoplasmatota	Bacteria
3108484	Streptomyces sp. SS162	Actinomycetota	Bacteria
3108485	Streptomyces sp. SS7	Actinomycetota	Bacteria
3108543	Candidatus Methylocalor cossyra	Pseudomonadota	Bacteria
3108822	Lentzea sp. DG1S-22	Actinomycetota	Bacteria
3109366	Sedimentibacter sp. MB31-C6	Bacillota	Bacteria
3109594	Rhodococcus sp. PD04	Actinomycetota	Bacteria
3109595	Novosphingobium sp. RL4	Pseudomonadota	Bacteria
3110110	Lelliottia sp. JS-SCA-14	Pseudomonadota	Bacteria
3110111	Pseudomonas sp. JQ170C	Pseudomonadota	Bacteria
3110227	Caproicibacter sp. BJN0012	Bacillota	Bacteria
3110763	Tenacibaculum sp. DPLXC6	Bacteroidota	Bacteria
3111011	Grimontia sp. NTOU-MAR1	Pseudomonadota	Bacteria
3111325	Thermococcus sp. SY098	Methanobacteriota	Archaea
3111450	Pseudarthrobacter sp. LT1	Actinomycetota	Bacteria
3111540	Sinanaerobacter sp. ZZT-01	Bacillota	Bacteria
3111629	Klebsiella sp. ZJOU C1	Pseudomonadota	Bacteria
3112003	Psychrobacter sp. HD31	Pseudomonadota	Bacteria
3112105	Pseudomonas sp. FFPRI_1	Pseudomonadota	Bacteria
3112419	Exiguobacterium sp. 9-2	Bacillota	Bacteria
3112558	Halothiobacillus sp. DCM-1	Pseudomonadota	Bacteria
3112573	Pseudoalteromonas sp. CuT4-3	Pseudomonadota	Bacteria
3112952	Deinococcus sp. VB142	Deinococcota	Bacteria
3112956	Pseudomonas sp. Rh2	Pseudomonadota	Bacteria
3112957	Burkholderia sp. Ed8	Pseudomonadota	Bacteria
3112958	Sphingobacterium sp. R2	Bacteroidota	Bacteria
3113208	Shinella sp. WSC3-e	Pseudomonadota	Bacteria
3113369	Streptomyces sp. DSS69	Actinomycetota	Bacteria
3113893	Bdellovibrio sp. CKG001	Bdellovibrionota	Bacteria
3113894	Bdellovibrio sp. HM001	Bdellovibrionota	Bacteria
3113895	Bdellovibrio sp. HAGR004	Bdellovibrionota	Bacteria
3114296	Emergencia sp. JLR.KK010	Bacillota	Bacteria
3114300	Sphingomonas sp. M1-B02	Pseudomonadota	Bacteria
3114359	Salinimicrobium sp. 3283s	Bacteroidota	Bacteria
3114537	Pararoseomonas sp. SCSIO 73927	Pseudomonadota	Bacteria
3114695	Turicibacter sp. KK003	Bacillota	Bacteria
3114884	Pseudomonas sp. LH21	Pseudomonadota	Bacteria
3114999	Sphingobium sp. SJ10-10	Pseudomonadota	Bacteria
3115001	Guyparkeria sp. TX1	Pseudomonadota	Bacteria
3115151	Akkermansia sp. AE01SA01	Verrucomicrobiota	Bacteria
3115152	Akkermansia sp. RCC_12PD	Verrucomicrobiota	Bacteria
3115647	Pseudomonas sp. ZY71	Pseudomonadota	Bacteria
3115650	Aeromonas sp. NJAU223	Pseudomonadota	Bacteria
3115848	Xanthomonas sp. 10-10	Pseudomonadota	Bacteria
3115851	Aeromonas sp. DSM 116730	Pseudomonadota	Bacteria
3116478	Enterobacter sp. ECC-019	Pseudomonadota	Bacteria
3116479	Enterobacter sp. ECC-175	Pseudomonadota	Bacteria
3116480	Enterobacter sp. ECC-219	Pseudomonadota	Bacteria
3116481	Enterobacter sp. ECC-249	Pseudomonadota	Bacteria
3116482	Pseudarthrobacter sp. J47	Actinomycetota	Bacteria
3116594	Chryseobacterium sp. CP-77	Bacteroidota	Bacteria
3116654	Treponema sp. HNW	Spirochaetota	Bacteria
3116916	Kitasatospora sp. Xyl93	Actinomycetota	Bacteria
3117013	Celeribacter sp. SCSIO 80788	Pseudomonadota	Bacteria
3117397	Bacillus sp. SW7	Bacillota	Bacteria
3117438	Mycoplasma sp. 06067-C1-B144P-99-0482-3	Mycoplasmatota	Bacteria
3117462	Borrelia nietonii	Spirochaetota	Bacteria
3117553	Bacillus sp. MT(2024)	Bacillota	Bacteria
3118084	Saccharopolyspora sp. SCSIO 74807	Actinomycetota	Bacteria
3118085	Streptomyces sp. SCSIO 30461	Actinomycetota	Bacteria
3118169	Candidatus Blochmannia sp. SNP	Pseudomonadota	Bacteria
3118174	Rossellomorea sp. y25	Bacillota	Bacteria
3118468	Shinella sp. WSD5-1	Pseudomonadota	Bacteria
3118470	Candidatus Minimicrobia sp. QA0096	Candidatus Saccharimonadota	Bacteria
3118751	Pseudomonas sp. MS646	Pseudomonadota	Bacteria
3118752	Pseudomonas sp. WP18	Pseudomonadota	Bacteria
3118768	Sphingomonas sp. gentR	Pseudomonadota	Bacteria
3119004	Pseudomonas sp. TE3-3-F2023	Pseudomonadota	Bacteria
3119568	Bremerella sp. TYQ1	Planctomycetota	Bacteria
3119830	Nitrobacter sp. NHB1	Pseudomonadota	Bacteria
3119977	Myroides sp. JBRI-B21084	Bacteroidota	Bacteria
3120157	Microbacterium sp. PMB16	Actinomycetota	Bacteria
3120158	Cellulosimicrobium sp. PMB13	Actinomycetota	Bacteria
3120159	Nonomuraea sp. LPB2021202275-12-8	Actinomycetota	Bacteria
3120264	Gilliamella sp. wkB7	Pseudomonadota	Bacteria
3120516	Haladaptatus sp. DJG-WS-42	Methanobacteriota	Archaea
3120518	Acinetobacter sp. KS-LM10	Pseudomonadota	Bacteria
3120519	Neobacillus sp. SAB-20_R2A	Bacillota	Bacteria
3120520	Georgenia sp. M64	Actinomycetota	Bacteria
3120525	Flavobacterium sp. KS-LB2	Bacteroidota	Bacteria
3120822	Pseudomonas sp. 4810-S13	Pseudomonadota	Bacteria
3121287	Defluviimonas sp. SAOS-178_SWC	Pseudomonadota	Bacteria
3121288	Salinisphaera sp. SPP-AMP-43	Pseudomonadota	Bacteria
3121289	Salinimicrobium sp. TIG7-5_MAKvit	Bacteroidota	Bacteria
3121290	Croceibacterium sp. TMG7-5b_MA50	Pseudomonadota	Bacteria
3121295	Haladaptatus sp. SPP-AMP-3	Methanobacteriota	Archaea
3122054	Sphingopyxis sp. J-6	Pseudomonadota	Bacteria
3122055	Mycobacterium sp. AMU20-3851	Actinomycetota	Bacteria
3122074	Geobacillus sp. PLS 41	Bacillota	Bacteria
3122075	Ralstonia sp. RRA	Pseudomonadota	Bacteria
3122078	Bacillus sp. MAG717A	Bacillota	Bacteria
3122079	Pseudomonas sp. MAG733B	Pseudomonadota	Bacteria
3122375	Pseudomonas sp. ML2-2023-3	Pseudomonadota	Bacteria
3122376	Pseudomonas sp. ML2-2023-6	Pseudomonadota	Bacteria
3122488	Lysinibacillus sp. Y5S-8	Bacillota	Bacteria
3122489	Paenibacillus sp. Y5S-9	Bacillota	Bacteria
3122582	Pseudomonas putida group bacterium ESBL64	Pseudomonadota	Bacteria
3123039	Pseudomonas sp. KK18	Pseudomonadota	Bacteria
3123041	Massilia sp. METH4	Pseudomonadota	Bacteria
3123319	Bacillus sp. PPSBB_2	Bacillota	Bacteria
3125777	Bacillus sp. PPSBB_11	Bacillota	Bacteria
3125779	Streptomyces sp. DG1A-41	Actinomycetota	Bacteria
3125781	Methanolobus sp. ZRKC1	Methanobacteriota	Archaea
3125782	Methanolobus sp. WCC1	Methanobacteriota	Archaea
3125783	Methanolobus sp. ZRKC2	Methanobacteriota	Archaea
3125784	Methanolobus sp. WCC4	Methanobacteriota	Archaea
3125785	Methanolobus sp. WCC5	Methanobacteriota	Archaea
3125786	Methanolobus sp. ZRKC3	Methanobacteriota	Archaea
3125787	Methanolobus sp. ZRKC4	Methanobacteriota	Archaea
3126100	Brevundimonas sp. LF-1	Pseudomonadota	Bacteria
3126101	Vreelandella sp. SM1641	Pseudomonadota	Bacteria
3126507	Massilia sp. W12	Pseudomonadota	Bacteria
3126612	Nitrobacter sp. CN101	Pseudomonadota	Bacteria
3126622	Leifsonia sp. T36S-04	Actinomycetota	Bacteria
3126689	Devosia sp. XK-2	Pseudomonadota	Bacteria
3126698	Knoellia sp. S7-12	Actinomycetota	Bacteria
3126740	Candidatus Electrothrix sp. GW3-4	Thermodesulfobacteriota	Bacteria
3126755	Bacillus sp. BR3(2024)	Bacillota	Bacteria
3127459	Pseudomonas sp. RSB 5.4	Pseudomonadota	Bacteria
3127460	Pseudomonas sp. AE27	Pseudomonadota	Bacteria
3127467	Streptomyces sp. A-14	Actinomycetota	Bacteria
3127470	Bernardetia sp. MNP-M8	Bacteroidota	Bacteria
3127471	Bernardetia sp. Wsw4-3y2	Bacteroidota	Bacteria
3127472	Bernardetia sp. ABR2-2B	Bacteroidota	Bacteria
3127639	Novosphingobium sp. BL-8A	Pseudomonadota	Bacteria
3127640	Novosphingobium sp. BL-8H	Pseudomonadota	Bacteria
3127705	Aeromonas sp. MTB	Pseudomonadota	Bacteria
3128898	Nonomuraea sp. N2-4H	Actinomycetota	Bacteria
3128900	Spirosoma sp. SC4-14	Bacteroidota	Bacteria
3128980	Pseudarthrobacter quantipunctorum	Actinomycetota	Bacteria
3129111	Streptomyces sp. TG1A-60	Actinomycetota	Bacteria
3129112	Streptomyces sp. GD-15H	Actinomycetota	Bacteria
3129230	Neorhizobium sp. EC2-8	Pseudomonadota	Bacteria
3129771	Microbacterium sp. LTA6	Actinomycetota	Bacteria
3129773	Microbacterium sp. LBN7	Actinomycetota	Bacteria
3130166	Xenorhabdus sp. TH1	Pseudomonadota	Bacteria
3131926	Gallaecimonas aegicerasi	Pseudomonadota	Bacteria
3131928	Thioclava sp. GXIMD4215	Pseudomonadota	Bacteria
3131929	Thioclava sp. GXIMD4216	Pseudomonadota	Bacteria
3131931	Thioclava sp. GXIMD2076	Pseudomonadota	Bacteria
3132096	Enterobacterales bacterium endosymbiont of Anomoneura mori	Pseudomonadota	Bacteria
3132705	Collinsella sp. i05-0019-G5	Actinomycetota	Bacteria
3132707	Alistipes sp. i18-0019-D1	Bacteroidota	Bacteria
3132743	Mesorhizobium sp. RIZ17	Pseudomonadota	Bacteria
3132938	Micromonospora sp. SH-82	Actinomycetota	Bacteria
3133089	Brevundimonas sp. BH3	Pseudomonadota	Bacteria
3133274	Chromobacterium sp. CV08	Pseudomonadota	Bacteria
3133277	Sorangium sp. So ce117	Myxococcota	Bacteria
3133279	Sorangium sp. So ce119	Myxococcota	Bacteria
3133280	Sorangium sp. So ce124	Myxococcota	Bacteria
3133281	Sorangium sp. So ce128	Myxococcota	Bacteria
3133282	Sorangium sp. So ce131	Myxococcota	Bacteria
3133285	Sorangium sp. So ce145	Myxococcota	Bacteria
3133286	Sorangium sp. So ce176	Myxococcota	Bacteria
3133287	Sorangium sp. So ce185	Myxococcota	Bacteria
3133288	Sorangium sp. So ce204	Myxococcota	Bacteria
3133290	Sorangium sp. So ce233	Myxococcota	Bacteria
3133291	Sorangium sp. So ce260	Myxococcota	Bacteria
3133293	Sorangium sp. So ce281	Myxococcota	Bacteria
3133294	Sorangium sp. So ce291	Myxococcota	Bacteria
3133295	Sorangium sp. So ce295	Myxococcota	Bacteria
3133296	Sorangium sp. So ce296	Myxococcota	Bacteria
3133297	Sorangium sp. So ce302	Myxococcota	Bacteria
3133298	Sorangium sp. So ce307	Myxococcota	Bacteria
3133299	Sorangium sp. So ce315	Myxococcota	Bacteria
3133300	Sorangium sp. So ce321	Myxococcota	Bacteria
3133301	Sorangium sp. So ce327	Myxococcota	Bacteria
3133302	Sorangium sp. So ce341	Myxococcota	Bacteria
3133303	Sorangium sp. So ce362	Myxococcota	Bacteria
3133304	Sorangium sp. So ce363	Myxococcota	Bacteria
3133305	Sorangium sp. So ce367	Myxococcota	Bacteria
3133306	Sorangium sp. So ce375	Myxococcota	Bacteria
3133307	Sorangium sp. So ce381	Myxococcota	Bacteria
3133308	Sorangium sp. So ce385	Myxococcota	Bacteria
3133309	Sorangium sp. So ce388	Myxococcota	Bacteria
3133310	Sorangium sp. So ce394	Myxococcota	Bacteria
3133311	Sorangium sp. So ce406	Myxococcota	Bacteria
3133312	Sorangium sp. So ce426	Myxococcota	Bacteria
3133314	Sorangium sp. So ce448	Myxococcota	Bacteria
3133315	Sorangium sp. So ce513	Myxococcota	Bacteria
3133316	Sorangium sp. So ce542	Myxococcota	Bacteria
3133317	Sorangium sp. So ce590	Myxococcota	Bacteria
3133318	Sorangium sp. So ce693	Myxococcota	Bacteria
3133319	Sorangium sp. So ce726	Myxococcota	Bacteria
3133320	Sorangium sp. So ce764	Myxococcota	Bacteria
3133321	Sorangium sp. So ce834	Myxococcota	Bacteria
3133322	Sorangium sp. So ce854	Myxococcota	Bacteria
3133323	Sorangium sp. So ce861	Myxococcota	Bacteria
3133324	Sorangium sp. So ce887	Myxococcota	Bacteria
3133325	Sorangium sp. So ce1000	Myxococcota	Bacteria
3133326	Sorangium sp. So ce1014	Myxococcota	Bacteria
3133329	Sorangium sp. So ce1078	Myxococcota	Bacteria
3133330	Sorangium sp. So ce1097	Myxococcota	Bacteria
3133331	Sorangium sp. So ce1099	Myxococcota	Bacteria
3133332	Sorangium sp. So ce1151	Myxococcota	Bacteria
3133333	Sorangium sp. So ce1153	Myxococcota	Bacteria
3133334	Sorangium sp. So ce1182	Myxococcota	Bacteria
3133335	Sorangium sp. So ce1335	Myxococcota	Bacteria
3133336	Sorangium sp. So ce1389	Myxococcota	Bacteria
3133337	Sorangium sp. So ce1504	Myxococcota	Bacteria
3133426	Cyclobacterium sp. SOCE241	Bacteroidota	Bacteria
3133695	Azonexus sp. IMCC34839	Pseudomonadota	Bacteria
3133696	Bradyrhizobium sp. A5	Pseudomonadota	Bacteria
3133697	Aminobacter sp. P9b	Pseudomonadota	Bacteria
3133721	Sediminicoccus sp. KRV36	Pseudomonadota	Bacteria
3133968	Ottowia sp. VDI28	Pseudomonadota	Bacteria
3133974	Bradyrhizobium sp. A11	Pseudomonadota	Bacteria
3133975	Pararhizobium sp. A13	Pseudomonadota	Bacteria
3133976	Methylotuvimicrobium sp. KM2	Pseudomonadota	Bacteria
3134048	Wolbachia endosymbiont of Zygogramma bicolorata	Pseudomonadota	Bacteria
3134142	Acetobacter sp. AC2005	Pseudomonadota	Bacteria
3134807	Streptomyces sp. ACT015	Actinomycetota	Bacteria
3134896	Nostoc sp. UHCC 0302	Cyanobacteriota	Bacteria
3134933	Serpentinimonas sp. SMBJO2	Pseudomonadota	Bacteria
3135229	Pseudomonas sp. LPD2	Pseudomonadota	Bacteria
3135254	Pseudomonas sp. LPB4.O	Pseudomonadota	Bacteria
3135255	Microbacterium sp. LWH10-1.2	Actinomycetota	Bacteria
3135257	Microbacterium sp. LWH7-1.2	Actinomycetota	Bacteria
3135258	Microbacterium sp. LWH11-1.2	Actinomycetota	Bacteria
3135260	Microbacterium sp. LWH13-1.2	Actinomycetota	Bacteria
3135262	Microbacterium sp. LWO13-1.2	Actinomycetota	Bacteria
3135263	Microbacterium sp. LWO14-1.2	Actinomycetota	Bacteria
3135264	Microbacterium sp. LWS13-1.2	Actinomycetota	Bacteria
3135644	Alteromonas sp. M12	Pseudomonadota	Bacteria
3135646	Niveibacterium sp. SC-1	Pseudomonadota	Bacteria
3135773	Algibacter sp. AS12	Bacteroidota	Bacteria
3135776	Luteolibacter sp. AS25	Verrucomicrobiota	Bacteria
3136289	Thermogladius sp. KZ2Tp1	Thermoproteota	Archaea
3136295	Methanolobus sp. ZRKC5	Methanobacteriota	Archaea
3136564	Paraburkholderia sp. IMGN_8	Pseudomonadota	Bacteria
3136632	Acidovorax sp. SDU_ACID1	Pseudomonadota	Bacteria
3136634	Alcaligenes sp. SDU_A2	Pseudomonadota	Bacteria
3136676	Kocuria sp. KSNUG	Actinomycetota	Bacteria
3136677	Heyndrickxia sp. MSNUG	Bacillota	Bacteria
3137178	Chitinophaga sp. MM2321	Bacteroidota	Bacteria
3137182	Caballeronia sp. S22	Pseudomonadota	Bacteria
3137398	Vibrio sp. TBV020	Pseudomonadota	Bacteria
3137452	Pseudomonas sp. BR20	Pseudomonadota	Bacteria
3137778	Vreelandella sp.	Pseudomonadota	Bacteria
3137792	Cupriavidus sp. LA-1	Pseudomonadota	Bacteria
3137852	Tenacibaculum platacis	Bacteroidota	Bacteria
3137857	Tenacibaculum polynesiense	Bacteroidota	Bacteria
3137860	Tenacibaculum vairaonense	Bacteroidota	Bacteria
3138063	Methylobacterium sp. CB376	Pseudomonadota	Bacteria
3138065	Rhizobium sp. SU303	Pseudomonadota	Bacteria
3138066	Paracoccus sp. ME4	Pseudomonadota	Bacteria
3138069	Acinetobacter sp. D009	Pseudomonadota	Bacteria
3138070	Pseudomonas sp. ZS001	Pseudomonadota	Bacteria
3138073	Ancylobacter sp. IITR112	Pseudomonadota	Bacteria
3138177	Chryseobacterium sp. POE27	Bacteroidota	Bacteria
3138178	Leclercia sp. S52	Pseudomonadota	Bacteria
3138179	Paenarthrobacter sp. S56	Actinomycetota	Bacteria
3138181	Curtobacterium sp. L1-20	Actinomycetota	Bacteria
3138237	Salinibacterium sp. TMP30	Actinomycetota	Bacteria
3138252	Rhizobium sp. SRDI969	Pseudomonadota	Bacteria
3138253	Rhizobium sp. WSM4643	Pseudomonadota	Bacteria
3138254	Rhizobium sp. WSM1274	Pseudomonadota	Bacteria
3138255	Rhizobium sp. CB3060	Pseudomonadota	Bacteria
3138402	Legionella sp. JM-2024	Pseudomonadota	Bacteria
3138497	Sulfitobacter sp. PM12	Pseudomonadota	Bacteria
3138498	Gymnodinialimonas sp. 57CJ19	Pseudomonadota	Bacteria
3138567	Mucilaginibacter sp. PAMB04168	Bacteroidota	Bacteria
3138568	Mucilaginibacter sp. PAMB04274	Bacteroidota	Bacteria
3138787	Curtobacterium sp. L3-7	Actinomycetota	Bacteria
3139307	Methylomonas sp. HYX-M1	Pseudomonadota	Bacteria
3139309	Wolbachia endosymbiont (group A) of Cerceris ruficornis	Pseudomonadota	Bacteria
3139310	Wolbachia endosymbiont (group A) of Microdon myrmicae	Pseudomonadota	Bacteria
3139311	Wolbachia endosymbiont (group A) of Melieria omissa	Pseudomonadota	Bacteria
3139312	Wolbachia endosymbiont (group B) of Anania hortulata	Pseudomonadota	Bacteria
3139313	Wolbachia endosymbiont (group B) of Schoenobius gigantella	Pseudomonadota	Bacteria
3139314	Wolbachia endosymbiont (group A) of Schoenobius gigantella	Pseudomonadota	Bacteria
3139315	Wolbachia endosymbiont (group A) of Sturmia bella	Pseudomonadota	Bacteria
3139316	Wolbachia endosymbiont (group B) of Eupithecia inturbata	Pseudomonadota	Bacteria
3139317	Wolbachia endosymbiont (group B) of Limnophora tigrina	Pseudomonadota	Bacteria
3139318	Wolbachia endosymbiont (group A) of Limnophora tigrina	Pseudomonadota	Bacteria
3139319	Wolbachia endosymbiont (group A) of Scoparia ambigualis	Pseudomonadota	Bacteria
3139320	Wolbachia endosymbiont (group B) of Scrobipalpa ocellatella	Pseudomonadota	Bacteria
3139321	Wolbachia endosymbiont (group A) of Colletes cunicularius	Pseudomonadota	Bacteria
3139322	Wolbachia endosymbiont (group A) of Barypeithes pellucidus	Pseudomonadota	Bacteria
3139323	Spiroplasma endosymbiont of Virgichneumon dumeticola	Mycoplasmatota	Bacteria
3139324	Spiroplasma endosymbiont of Melieria omissa	Mycoplasmatota	Bacteria
3139326	Spiroplasma endosymbiont of Polydrusus formosus	Mycoplasmatota	Bacteria
3139327	Spiroplasma endosymbiont of Polydrusus pterygomalis	Mycoplasmatota	Bacteria
3139328	Spiroplasma endosymbiont of Stenodema calcarata	Mycoplasmatota	Bacteria
3139329	Spiroplasma endosymbiont of Aleiodes alternator	Mycoplasmatota	Bacteria
3139330	Candidatus Tisiphia endosymbiont of Mystacides longicornis	Pseudomonadota	Bacteria
3139332	Candidatus Tisiphia endosymbiont of Nedyus quadrimaculatus	Pseudomonadota	Bacteria
3139333	Candidatus Tisiphia endosymbiont of Psammoecus bipunctatus	Pseudomonadota	Bacteria
3139334	Candidatus Tisiphia endosymbiont of Xenochironomus xenolabis	Pseudomonadota	Bacteria
3139335	Candidatus Tisiphia endosymbiont of Temnostethus pusillus	Pseudomonadota	Bacteria
3139336	Candidatus Tisiphia endosymbiont of Neophilaenus lineatus	Pseudomonadota	Bacteria
3139337	Candidatus Tisiphia endosymbiont of Stenodema calcarata	Pseudomonadota	Bacteria
3139388	Bacillus sp. YBsi01	Bacillota	Bacteria
3139392	Chryseobacterium sp. Chry.R1	Bacteroidota	Bacteria
3139409	Oligella sp. MSHR50489EDL	Pseudomonadota	Bacteria
3139728	Bradyrhizobium sp. 27S5	Pseudomonadota	Bacteria
3139729	Bradyrhizobium sp. 26S5	Pseudomonadota	Bacteria
3140239	Bradyrhizobium sp. B039	Pseudomonadota	Bacteria
3140242	Microbulbifer sp. ARAS458-1	Pseudomonadota	Bacteria
3140244	Bradyrhizobium sp. B097	Pseudomonadota	Bacteria
3140245	Bradyrhizobium sp. B124	Pseudomonadota	Bacteria
3140246	Bradyrhizobium sp. B117	Pseudomonadota	Bacteria
3140247	Bradyrhizobium sp. B024	Pseudomonadota	Bacteria
3140250	Lysobacter sp. FW306-1B-D06B	Pseudomonadota	Bacteria
3140251	Pedobacter sp. FW305-3-2-15-E-R2A2	Bacteroidota	Bacteria
3140252	Acidovorax sp. FHTAMBA	Pseudomonadota	Bacteria
3140381	Castellaniella sp. MT123	Pseudomonadota	Bacteria
3140649	Microbacterium sp. che218	Actinomycetota	Bacteria
3140744	Neisseria sp. Ec49-e6-T10	Pseudomonadota	Bacteria
3140789	Arthrobacter sp. TMP15	Actinomycetota	Bacteria
3141184	Faecalibacterium sp. i21-0019-B1	Bacillota	Bacteria
3141185	Faecalibacterium sp. i25-0019-C1	Bacillota	Bacteria
3141322	Pantoea sp. BJ2	Pseudomonadota	Bacteria
3141459	Pantoea sp. Ep11b	Pseudomonadota	Bacteria
3141460	Leeuwenhoekiella sp. A2	Bacteroidota	Bacteria
3141461	Allohahella sp. A8	Pseudomonadota	Bacteria
3141462	Leeuwenhoekiella sp. A16	Bacteroidota	Bacteria
3141531	Erysipelothrix sp. P66	Bacillota	Bacteria
3141534	Pseudoalteromonas sp. M58	Pseudomonadota	Bacteria
3141535	Marinobacter sp. M5B	Pseudomonadota	Bacteria
3141537	Rhodoferax sp. GW822-FHT02A01	Pseudomonadota	Bacteria
3141539	Pseudomonas sp. F3-2	Pseudomonadota	Bacteria
3141540	Pantoea sp. MBD-2R	Pseudomonadota	Bacteria
3141541	Pantoea sp. BRR-3P	Pseudomonadota	Bacteria
3141542	Mucilaginibacter sp. CSA2-8R	Bacteroidota	Bacteria
3141543	Erwinia sp. HDF1-3R	Pseudomonadota	Bacteria
3141544	Paraburkholderia sp. PREW-6R	Pseudomonadota	Bacteria
3141581	Achromobacter sp. E1	Pseudomonadota	Bacteria
3141785	Candidatus Nitrosocosmicus sp. T	Nitrososphaerota	Archaea
3141786	Candidatus Nitrosocosmicus sp. R	Nitrososphaerota	Archaea
3142261	Micrococcus sp. 2A	Actinomycetota	Bacteria
3142262	Thauera sp. JM12B12	Pseudomonadota	Bacteria
3142634	Streptomyces sp. BRB040	Actinomycetota	Bacteria
3142648	Staphylococcus sp. Mo2-1	Bacillota	Bacteria
3142847	Pseudoalteromonas sp. NCIMB 1079	Pseudomonadota	Bacteria
3142974	Achromobacter sp. EB05	Pseudomonadota	Bacteria
3142976	Microbacterium sp. AZCO	Actinomycetota	Bacteria
3142977	Brucella sp. BE17	Pseudomonadota	Bacteria
3143118	Flavobacterium sp. CFS9	Bacteroidota	Bacteria
3143537	Leifsonia sp. McL0608	Actinomycetota	Bacteria
3143929	Lysinibacillus sp. BS3	Bacillota	Bacteria
3143936	Leifsonia sp. NPDC080035	Actinomycetota	Bacteria
3144102	Streptomyces sp. ZYX-F-203	Actinomycetota	Bacteria
3144103	Plantactinospora sp. ZYX-F-223	Actinomycetota	Bacteria
3144407	Pseudomonas sp. W17	Pseudomonadota	Bacteria
3144666	Pseudomonas sp. 9.2(2024)	Pseudomonadota	Bacteria
3144667	Pseudomonas sp. 10(2024)	Pseudomonadota	Bacteria
3144669	Arthrobacter sp. NyZ413	Actinomycetota	Bacteria
3144696	Fusobacterium sp. THCT1E1	Fusobacteriota	Bacteria
3144697	Fusobacterium sp. THCT13E1	Fusobacteriota	Bacteria
3144843	Blastococcus sp. HT6-30	Actinomycetota	Bacteria
3144951	Synechocystis sp. LKSZ1	Cyanobacteriota	Bacteria
3144975	Desulfoscipio sp. L	Bacillota	Bacteria
3145017	Mycobacterium sp. DL	Actinomycetota	Bacteria
3145235	Microbulbifer sp. SAOS-129_SWC	Pseudomonadota	Bacteria
3149040	Microbacterium sp. SY138	Actinomycetota	Bacteria
3149044	Thioclava sp. 'Guangxiensis'	Pseudomonadota	Bacteria
3149046	Moraxella sp. K02	Pseudomonadota	Bacteria
3149047	Moraxella sp. K23	Pseudomonadota	Bacteria
3149048	Marinomonas sp. THO17	Pseudomonadota	Bacteria
3149228	Pedococcus sp. KACC 23699	Actinomycetota	Bacteria
3149229	Alsobacter sp. KACC 23698	Pseudomonadota	Bacteria
3149230	Pedobacter sp. KACC 23697	Bacteroidota	Bacteria
3149231	Robbsia sp. KACC 23696	Pseudomonadota	Bacteria
3151124	Providencia sp. TYF-12	Pseudomonadota	Bacteria
3151385	Paenibacillus sp. AN1007	Bacillota	Bacteria
3151598	Achromobacter sp. HNDS-1	Pseudomonadota	Bacteria
3151599	Enterobacter sp. HNDS-6	Pseudomonadota	Bacteria
3151764	Flavobacterium sp. WV_118_3	Bacteroidota	Bacteria
3151850	Lacrimispora sp. BS-2	Bacillota	Bacteria
3152302	Enterobacter cloacae complex sp. Mu1197	Pseudomonadota	Bacteria
3152361	Phosphitispora sp. TUW77	Bacillota	Bacteria
3152363	Herbiconiux sp. A18JL235	Actinomycetota	Bacteria
3153301	Methylomonas sp. AM2-LC	Pseudomonadota	Bacteria
3153756	Bacillus sp. BS1807G30	Bacillota	Bacteria
3153805	Delftia sp. DS1230	Pseudomonadota	Bacteria
3155932	Asaia sp. BMEF1	Pseudomonadota	Bacteria
3156079	Psychrobacter sp. KFRI-CH2-11	Pseudomonadota	Bacteria
3156396	Micromonospora sp. HUAS YX12	Actinomycetota	Bacteria
3156399	Agromyces sp. G08B096	Actinomycetota	Bacteria
3156489	Acinetobacter sp. A1-4-2	Pseudomonadota	Bacteria
3157334	Streptococcus sp. KHUD_011	Bacillota	Bacteria
3157337	Pseudogulbenkiania sp. AW2-16	Pseudomonadota	Bacteria
3157339	Streptococcus sp. KHUD_010	Bacillota	Bacteria
3157618	Alteromonas sp. D210916BOD_24	Pseudomonadota	Bacteria
3157631	Microbacterium sp. MM2322	Actinomycetota	Bacteria
3157666	Asticcacaulis sp. MM231	Pseudomonadota	Bacteria
3157859	Acetobacter sp. A11-2	Pseudomonadota	Bacteria
3158143	Plantibacter sp. RU18	Actinomycetota	Bacteria
3158171	Marinobacter sp. RI1	Pseudomonadota	Bacteria
3158229	Campylobacter sp. CCS1377	Campylobacterota	Bacteria
3158264	Nakamurella sp. A5-74	Actinomycetota	Bacteria
3158364	Variovorax sp. 375MFSha3.1	Pseudomonadota	Bacteria
3158365	Variovorax sp. 350MFTsu5.1	Pseudomonadota	Bacteria
3158366	Variovorax sp. 278MFTsu5.1	Pseudomonadota	Bacteria
3158367	Variovorax sp. 160MFSha2.1	Pseudomonadota	Bacteria
3158548	Marinobacter sp. MMG032	Pseudomonadota	Bacteria
3158549	Flagellimonas sp. MMG031	Bacteroidota	Bacteria
3158571	Wolbachia endosymbiont of Armadillidium arcangelii	Pseudomonadota	Bacteria
3158573	Candidatus Nanosynbacter sp. TM7-074	Minisyncoccota	Bacteria
3158582	Rhodanobacter sp. IGA1.0	Pseudomonadota	Bacteria
3158795	Neobacillus sp. B24	Bacillota	Bacteria
3158966	Rhizobium sp. ZPR4	Pseudomonadota	Bacteria
3158967	Rhizobium sp. ZPR3	Pseudomonadota	Bacteria
3158972	Streptomyces sp. SX92	Actinomycetota	Bacteria
3159496	Azospirillum sp. HJ39	Pseudomonadota	Bacteria
3160606	Azospirillum sp. A29	Pseudomonadota	Bacteria
3160607	Azospirillum sp. A26	Pseudomonadota	Bacteria
3160608	Azospirillum sp. A23	Pseudomonadota	Bacteria
3160749	Microbacterium sp. A8/3-1	Actinomycetota	Bacteria
3160830	Aquimarina sp. LLG6339-5	Bacteroidota	Bacteria
3160831	Dokdonia sp. LLG6352-1	Bacteroidota	Bacteria
3160832	Christiangramia sp. LLG6405-1	Bacteroidota	Bacteria
3160833	Leeuwenhoekiella sp. LLG6367-2.1	Bacteroidota	Bacteria
3160834	Maribacter sp. LLG6340-A2	Bacteroidota	Bacteria
3160863	Sporolactobacillus sp. Y61	Bacillota	Bacteria
3160966	Kribbella sp. HUAS MG21	Actinomycetota	Bacteria
3160989	Cupriavidus sp. DF5525	Pseudomonadota	Bacteria
3161071	Klebsiella sp. WOUb02	Pseudomonadota	Bacteria
3161136	Pseudomonas sp. WOUb67	Pseudomonadota	Bacteria
3161567	Xanthomonas sp. WHRI 6108	Pseudomonadota	Bacteria
3161568	Xanthomonas sp. WHRI 7064	Pseudomonadota	Bacteria
3161569	Xanthomonas sp. WHRI 7065	Pseudomonadota	Bacteria
3162492	Paenarthrobacter sp. AMU7	Actinomycetota	Bacteria
3162559	Curtobacterium sp. WHRI 8282	Actinomycetota	Bacteria
3162562	Leifsonia sp. WHRI 6310E	Actinomycetota	Bacteria
3162563	Microbacterium sp. WHRI 7836	Actinomycetota	Bacteria
3162566	Pseudarthrobacter sp. WHRI 8279	Actinomycetota	Bacteria
3162567	Pseudomonas sp. WHRI 8519	Pseudomonadota	Bacteria
3162571	Stenotrophomonas sp. WHRI 8082	Pseudomonadota	Bacteria
3162939	Arthrobacter sp. DualSoilB13	Actinomycetota	Bacteria
3163026	Paenibacillus sp. SI8	Bacillota	Bacteria
3163031	Cellulosimicrobium sp. ES-005	Actinomycetota	Bacteria
3166643	Dehalogenimonas sp. 4OHTPN	Chloroflexota	Bacteria
3166644	Mesorhizobium sp. ANAO-SY3R2	Pseudomonadota	Bacteria
3166645	Hydrogenophaga sp. ANAO-22	Pseudomonadota	Bacteria
3166650	Halobacterium sp. NMX12-1	Methanobacteriota	Archaea
3228746	Pseudomonas sp. PSE1(2024)	Pseudomonadota	Bacteria
3228748	Paucibacter sp. JuS9	Pseudomonadota	Bacteria
3228751	Sphingomonas sp. VDB2	Pseudomonadota	Bacteria
3228851	Mesorhizobium sp. WSM2240	Pseudomonadota	Bacteria
3228852	Mesorhizobium sp. WSM2239	Pseudomonadota	Bacteria
3228929	Sodalis sp. C49	Pseudomonadota	Bacteria
3229224	Salmonella sp. SJTUF15614	Pseudomonadota	Bacteria
3229275	Sulfitobacter sp. TCYB15	Pseudomonadota	Bacteria
3229851	Streptococcus sp. KHUD_012	Bacillota	Bacteria
3229897	Komagataeibacter piraceti	Pseudomonadota	Bacteria
3229898	Novacetimonas labruscae	Pseudomonadota	Bacteria
3230301	Pseudomonas sp. HOU2	Pseudomonadota	Bacteria
3230398	Arthrobacter sp. NtRootF04	Actinomycetota	Bacteria
3230487	Luteolibacter sp. Populi	Verrucomicrobiota	Bacteria
3230488	Chitinivorax sp. PXF-14	Pseudomonadota	Bacteria
3230490	Pseudomonas sp. HT11	Pseudomonadota	Bacteria
3230967	Aquiluna sp. Uisw_065	Actinomycetota	Bacteria
3230968	Patiriisocius sp. Uisw_017	Bacteroidota	Bacteria
3230969	Patiriisocius sp. Uisw_047	Bacteroidota	Bacteria
3230970	Candidatus Marifrigoribacter sp. Uisw_064	Bacteroidota	Bacteria
3230971	Candidatus Njordibacter sp. Uisw_002	Pseudomonadota	Bacteria
3230972	Candidatus Njordibacter sp. Uisw_039	Pseudomonadota	Bacteria
3230973	Candidatus Njordibacter sp. Uisw_056	Pseudomonadota	Bacteria
3230974	Candidatus Njordibacter sp. Uisw_058	Pseudomonadota	Bacteria
3230977	Halioglobus sp. Uisw_031	Pseudomonadota	Bacteria
3230978	Porticoccus sp. Uisw_050_02	Pseudomonadota	Bacteria
3230979	Candidatus Pelagibacter sp. Uisw_092	Pseudomonadota	Bacteria
3230980	Candidatus Pelagibacter sp. Uisw_094	Pseudomonadota	Bacteria
3230981	Candidatus Pelagibacter sp. Uisw_099_02	Pseudomonadota	Bacteria
3230982	Candidatus Pelagibacter sp. Uisw_101	Pseudomonadota	Bacteria
3230983	Candidatus Pelagibacter sp. Uisw_104	Pseudomonadota	Bacteria
3230984	Candidatus Pelagibacter sp. Uisw_106	Pseudomonadota	Bacteria
3230986	Candidatus Pelagibacter sp. Uisw_116	Pseudomonadota	Bacteria
3230987	Candidatus Pelagibacter sp. Uisw_121	Pseudomonadota	Bacteria
3230988	Candidatus Pelagibacter sp. Uisw_127	Pseudomonadota	Bacteria
3230989	Candidatus Pelagibacter sp. Uisw_130	Pseudomonadota	Bacteria
3230990	Candidatus Pelagibacter sp. Uisw_134_02	Pseudomonadota	Bacteria
3230991	Candidatus Pelagibacter sp. Uisw_136	Pseudomonadota	Bacteria
3230992	Candidatus Pelagibacter sp. Uisw_137	Pseudomonadota	Bacteria
3230993	Candidatus Pelagibacter sp. Uisw_090	Pseudomonadota	Bacteria
3230994	Candidatus Pelagibacter sp. Uisw_113	Pseudomonadota	Bacteria
3230995	Candidatus Pseudothioglobus sp. Uisw_016	Pseudomonadota	Bacteria
3230996	Candidatus Pseudothioglobus sp. Uisw_041	Pseudomonadota	Bacteria
3230997	Candidatus Pseudothioglobus sp. Uisw_050_01	Pseudomonadota	Bacteria
3230998	Candidatus Pseudothioglobus sp. Uisw_086	Pseudomonadota	Bacteria
3230999	Candidatus Levibacter sp. Uisw_134_01	Pseudomonadota	Bacteria
3231000	Candidatus Ponderosibacter sp. Uisw_141_02	Pseudomonadota	Bacteria
3231032	Psychromonas sp. MME1	Pseudomonadota	Bacteria
3231173	Streptomyces sp. C1-1	Actinomycetota	Bacteria
3231270	Streptomyces sp. Je 1-332	Actinomycetota	Bacteria
3231275	Pseudomonas sp. DS3PS4	Pseudomonadota	Bacteria
3231487	Comamonas sp. GB3 AK4-5	Pseudomonadota	Bacteria
3231488	Ornithinibacillus sp. 4-3	Bacillota	Bacteria
3231511	Chryseobacterium sp. KCF3-3	Bacteroidota	Bacteria
3231512	Streptomyces sp. CMC78	Actinomycetota	Bacteria
3231513	Kitasatospora sp. CMC57	Actinomycetota	Bacteria
3231525	Corallococcus interemptor	Myxococcota	Bacteria
3231526	Pseudomonas sp. X4	Pseudomonadota	Bacteria
3231538	Paenibacillus sp. XP01	Bacillota	Bacteria
3231719	Pseudoalteromonas sp. SD03	Pseudomonadota	Bacteria
3231720	Acinetobacter sp. FL	Pseudomonadota	Bacteria
3231757	Ralstonia sp. CP	Pseudomonadota	Bacteria
3231903	Methylococcus sp. ANG	Pseudomonadota	Bacteria
3231906	Streptococcus sp. ZY19097	Bacillota	Bacteria
3231911	Lewinella sp. LCG006	Bacteroidota	Bacteria
3231942	Streptomyces sp. 1268	Actinomycetota	Bacteria
3232307	Vibrio sp. HB236076	Pseudomonadota	Bacteria
3233339	Klebsiella sp. Shm-1	Pseudomonadota	Bacteria
3233341	Pelagovum sp. HNIBRBA483	Pseudomonadota	Bacteria
3233343	Aestuariibius sp. HNIBRBA575	Pseudomonadota	Bacteria
3233380	Ruminococcus sp. JE7B6	Bacillota	Bacteria
3233381	Ruminococcus sp. JL13D9	Bacillota	Bacteria
3233414	Pseudomonas sp. H1_A03	Pseudomonadota	Bacteria
3233415	Pseudomonas sp. H1_A05	Pseudomonadota	Bacteria
3233416	Pseudomonas sp. H1_B04	Pseudomonadota	Bacteria
3233417	Pseudomonas sp. H1_D04	Pseudomonadota	Bacteria
3233418	Pseudomonas sp. H1_D05	Pseudomonadota	Bacteria
3233419	Pseudomonas sp. H1_D09	Pseudomonadota	Bacteria
3233420	Pseudomonas sp. H1_F01	Pseudomonadota	Bacteria
3233421	Pseudomonas sp. H1_G08	Pseudomonadota	Bacteria
3233422	Pseudomonas sp. H2_A10	Pseudomonadota	Bacteria
3233423	Pseudomonas sp. H2_A12	Pseudomonadota	Bacteria
3233425	Pseudomonas sp. H2_C01	Pseudomonadota	Bacteria
3233426	Pseudomonas sp. H2_C02	Pseudomonadota	Bacteria
3233427	Pseudomonas sp. H2_D02	Pseudomonadota	Bacteria
3233428	Pseudomonas sp. H2_D07	Pseudomonadota	Bacteria
3233429	Pseudomonas sp. H2_D10	Pseudomonadota	Bacteria
3233430	Pseudomonas sp. H2_E02	Pseudomonadota	Bacteria
3233431	Pseudomonas sp. H2_E05	Pseudomonadota	Bacteria
3233432	Pseudomonas sp. H2_G03	Pseudomonadota	Bacteria
3233433	Pseudomonas sp. H2_G10	Pseudomonadota	Bacteria
3233434	Pseudomonas sp. H2_H03	Pseudomonadota	Bacteria
3233435	Pseudomonas sp. H2_H09	Pseudomonadota	Bacteria
3233436	Pseudomonas sp. H3_A02	Pseudomonadota	Bacteria
3233437	Pseudomonas sp. H3_A05	Pseudomonadota	Bacteria
3233438	Pseudomonas sp. H3_B03	Pseudomonadota	Bacteria
3233439	Pseudomonas sp. H3_B11	Pseudomonadota	Bacteria
3233440	Pseudomonas sp. H3_C08	Pseudomonadota	Bacteria
3233441	Pseudomonas sp. H3_D01	Pseudomonadota	Bacteria
3233442	Pseudomonas sp. H3_D04	Pseudomonadota	Bacteria
3233444	Pseudomonas sp. H3_D12	Pseudomonadota	Bacteria
3233445	Pseudomonas sp. H3_E03	Pseudomonadota	Bacteria
3233446	Pseudomonas sp. H3_E04	Pseudomonadota	Bacteria
3233447	Pseudomonas sp. H3_E06	Pseudomonadota	Bacteria
3233448	Pseudomonas sp. H3_E07	Pseudomonadota	Bacteria
3233449	Pseudomonas sp. H3_F05	Pseudomonadota	Bacteria
3233450	Pseudomonas sp. H3_G03	Pseudomonadota	Bacteria
3233451	Pseudomonas sp. H3_G09	Pseudomonadota	Bacteria
3233453	Pseudomonas sp. H3_H05	Pseudomonadota	Bacteria
3233454	Pseudomonas sp. H3_H08	Pseudomonadota	Bacteria
3233455	Pseudomonas sp. H3_H09	Pseudomonadota	Bacteria
3233456	Pseudomonas sp. S1_A02	Pseudomonadota	Bacteria
3233458	Pseudomonas sp. S1_A06	Pseudomonadota	Bacteria
3233460	Pseudomonas sp. S1_E04	Pseudomonadota	Bacteria
3233461	Pseudomonas sp. S1_F04	Pseudomonadota	Bacteria
3233463	Pseudomonas sp. S1_F08	Pseudomonadota	Bacteria
3233465	Pseudomonas sp. S1_G07	Pseudomonadota	Bacteria
3233466	Pseudomonas sp. S1_H07	Pseudomonadota	Bacteria
3233467	Pseudomonas sp. S2_A02	Pseudomonadota	Bacteria
3233468	Pseudomonas sp. S2_A05	Pseudomonadota	Bacteria
3233470	Pseudomonas sp. S2_A10	Pseudomonadota	Bacteria
3233472	Pseudomonas sp. S2_B03	Pseudomonadota	Bacteria
3233474	Pseudomonas sp. S2_B07	Pseudomonadota	Bacteria
3233475	Pseudomonas sp. S2_B10	Pseudomonadota	Bacteria
3233476	Pseudomonas sp. S2_B12	Pseudomonadota	Bacteria
3233477	Pseudomonas sp. S2_C03	Pseudomonadota	Bacteria
3233478	Pseudomonas sp. S2_C11	Pseudomonadota	Bacteria
3233479	Pseudomonas sp. S2_D06	Pseudomonadota	Bacteria
3233480	Pseudomonas sp. S2_D10	Pseudomonadota	Bacteria
3233481	Pseudomonas sp. S2_E01	Pseudomonadota	Bacteria
3233482	Pseudomonas sp. S2_E02	Pseudomonadota	Bacteria
3233484	Pseudomonas sp. S2_F03	Pseudomonadota	Bacteria
3233485	Pseudomonas sp. S2_F07	Pseudomonadota	Bacteria
3233486	Pseudomonas sp. S2_G10	Pseudomonadota	Bacteria
3233487	Pseudomonas sp. S2_H01	Pseudomonadota	Bacteria
3233488	Pseudomonas sp. S2_H08	Pseudomonadota	Bacteria
3233489	Pseudomonas sp. S2_H10	Pseudomonadota	Bacteria
3233490	Pseudomonas sp. S3_A03	Pseudomonadota	Bacteria
3233491	Pseudomonas sp. S3_A09	Pseudomonadota	Bacteria
3233492	Pseudomonas sp. S3_B05	Pseudomonadota	Bacteria
3233493	Pseudomonas sp. S3_B08	Pseudomonadota	Bacteria
3233494	Pseudomonas sp. S3_B11	Pseudomonadota	Bacteria
3233495	Pseudomonas sp. S3_C01	Pseudomonadota	Bacteria
3233496	Pseudomonas sp. S3_C06	Pseudomonadota	Bacteria
3233499	Pseudomonas sp. S3_E04	Pseudomonadota	Bacteria
3233500	Pseudomonas sp. S3_E10	Pseudomonadota	Bacteria
3233501	Pseudomonas sp. S3_E11	Pseudomonadota	Bacteria
3233503	Pseudomonas sp. S3_F07	Pseudomonadota	Bacteria
3233505	Pseudomonas sp. S3_G06	Pseudomonadota	Bacteria
3233507	Pseudomonas sp. S3_H04	Pseudomonadota	Bacteria
3233508	Pseudomonas sp. S3_H06	Pseudomonadota	Bacteria
3233509	Pseudomonas sp. S3_H09	Pseudomonadota	Bacteria
3233574	Agaribacterium sp. ZY112	Pseudomonadota	Bacteria
3234025	Chromobacterium sp. HL1	Pseudomonadota	Bacteria
3234028	Sphingobacterium sp. WOUb80	Bacteroidota	Bacteria
3234137	Flavobacterium sp. WC2430	Bacteroidota	Bacteria
3234138	Flavobacterium sp. WC2421	Bacteroidota	Bacteria
3234139	Flavobacterium sp. WC2409	Bacteroidota	Bacteria
3234140	Flavobacterium sp. WC2429	Bacteroidota	Bacteria
3234141	Flavobacterium sp. WC2416	Bacteroidota	Bacteria
3234142	Pedobacter sp. WC2423	Bacteroidota	Bacteria
3234143	Pseudomonas sp. WC2401	Pseudomonadota	Bacteria
3234144	Rhodoferax sp. WC2427	Pseudomonadota	Bacteria
3234145	Rouxiella sp. WC2420	Pseudomonadota	Bacteria
3234198	Nitratireductor sp. GISD-1A_MAKvit	Pseudomonadota	Bacteria
3234199	Sphingomonas sp. MMS12-HWE2-04	Pseudomonadota	Bacteria
3234200	Microbacterium sp. HA-8	Actinomycetota	Bacteria
3234853	Brevibacillus sp. TJ4	Bacillota	Bacteria
3234954	Vibrio sp. NTOU-M3	Pseudomonadota	Bacteria
3235037	Dehalobacter sp. TBBPA1	Bacillota	Bacteria
3235088	Aggregatibacter sp. HMT-949	Pseudomonadota	Bacteria
3235105	Pseudomonas sp. A0308	Pseudomonadota	Bacteria
3235106	Pseudomonas sp. A1230	Pseudomonadota	Bacteria
3235107	Pseudomonas sp. A1437	Pseudomonadota	Bacteria
3235108	Pseudomonas sp. B16120	Pseudomonadota	Bacteria
3235109	Pseudomonas sp. B19125	Pseudomonadota	Bacteria
3235110	Pseudomonas sp. B21128	Pseudomonadota	Bacteria
3235111	Pseudomonas sp. B22129	Pseudomonadota	Bacteria
3235112	Pseudomonas sp. B26140	Pseudomonadota	Bacteria
3236805	Leucobacter sp. HNU	Actinomycetota	Bacteria
3236815	Butyrivibrio sp. JL13D10	Bacillota	Bacteria
3236840	Clostridium sp. BJN0013	Bacillota	Bacteria
3236891	Psychrobacillus sp. L3	Bacillota	Bacteria
3236892	Psychrobacillus sp. L4	Bacillota	Bacteria
3237103	Alkalihalophilus sp. As8PL	Bacillota	Bacteria
3237298	Sulfurospirillum sp. hDNRA2	Campylobacterota	Bacteria
3237371	Burkholderia sp. 22PA0106	Pseudomonadota	Bacteria
3237372	Burkholderia sp. 22PA0099	Pseudomonadota	Bacteria
3237706	Pseudidiomarina sp. PP-1MA	Pseudomonadota	Bacteria
3237709	Escherichia sp. UTM R2	Pseudomonadota	Bacteria
3238303	Streptococcus sp. CP1998	Bacillota	Bacteria
3238594	Clostridium sp. HCS.1	Bacillota	Bacteria
3238623	Streptomyces sp. R02	Actinomycetota	Bacteria
3238624	Streptomyces sp. R08	Actinomycetota	Bacteria
3238625	Streptomyces sp. R11	Actinomycetota	Bacteria
3238626	Streptomyces sp. R17	Actinomycetota	Bacteria
3238627	Streptomyces sp. R21	Actinomycetota	Bacteria
3238628	Streptomyces sp. R28	Actinomycetota	Bacteria
3238629	Streptomyces sp. R33	Actinomycetota	Bacteria
3238630	Streptomyces sp. R35	Actinomycetota	Bacteria
3238631	Streptomyces sp. R39	Actinomycetota	Bacteria
3238632	Streptomyces sp. R41	Actinomycetota	Bacteria
3238633	Streptomyces sp. R44	Actinomycetota	Bacteria
3238634	Streptomyces sp. Y1	Actinomycetota	Bacteria
3238686	Sphingomonas sp. MMS24-J13	Pseudomonadota	Bacteria
3238748	Tenacibaculum sp. Pbs-1	Bacteroidota	Bacteria
3238799	Streptomyces sp. cg2	Actinomycetota	Bacteria
3238800	Dietzia sp. MNB45	Actinomycetota	Bacteria
3238801	Amycolatopsis sp. cg9	Actinomycetota	Bacteria
3238806	Sphingomonas sp. MMS24-J45	Pseudomonadota	Bacteria
3238809	Capnocytophaga sp. ARDL2	Bacteroidota	Bacteria
3239013	Bradyrhizobium sp. 1200_D9_N1_1	Pseudomonadota	Bacteria
3239014	Bradyrhizobium sp. 1200_D9_N1_2	Pseudomonadota	Bacteria
3239198	Pseudomonas sp. UBT	Pseudomonadota	Bacteria
3239224	Leifsonia sp. RCC_180	Actinomycetota	Bacteria
3239284	Streptomyces sp. RK9	Actinomycetota	Bacteria
3239289	Bartonella sp. B10	Pseudomonadota	Bacteria
3239290	Bartonella sp. B12(2025)	Pseudomonadota	Bacteria
3239291	Bartonella sp. B17	Pseudomonadota	Bacteria
3239292	Bartonella sp. B23	Pseudomonadota	Bacteria
3239293	Bartonella sp. B30(2025)	Pseudomonadota	Bacteria
3239294	Bartonella sp. B35(2025)	Pseudomonadota	Bacteria
3239295	Bartonella sp. B39	Pseudomonadota	Bacteria
3239296	Bartonella sp. B41	Pseudomonadota	Bacteria
3239306	Pleomorphomonas sp. PLEO	Pseudomonadota	Bacteria
3239420	Promicromonospora sp. Populi	Actinomycetota	Bacteria
3239807	Bartonella sp. DGB1	Pseudomonadota	Bacteria
3239825	Campylobacter sp. LH-2024	Campylobacterota	Bacteria
3239887	Actinoallomurus sp. CA-150999	Actinomycetota	Bacteria
3239890	Actinokineospora sp. CA-119265	Actinomycetota	Bacteria
3239891	Actinomycetospora sp. CA-053990	Actinomycetota	Bacteria
3239892	Actinomycetospora sp. CA-084318	Actinomycetota	Bacteria
3239893	Actinomycetospora sp. CA-101289	Actinomycetota	Bacteria
3239897	Actinoplanes sp. CA-015351	Actinomycetota	Bacteria
3239898	Actinoplanes sp. CA-030573	Actinomycetota	Bacteria
3239899	Actinoplanes sp. CA-051413	Actinomycetota	Bacteria
3239901	Actinoplanes sp. CA-084688	Actinomycetota	Bacteria
3239903	Actinoplanes sp. CA-142083	Actinomycetota	Bacteria
3239904	Actinoplanes sp. CA-151224	Actinomycetota	Bacteria
3239906	Actinoplanes sp. CA-252034	Actinomycetota	Bacteria
3239917	Actinosynnema sp. CS-041913	Actinomycetota	Bacteria
3239918	Amycolatopsis sp. CA-082387	Actinomycetota	Bacteria
3239919	Amycolatopsis sp. CA-096443	Actinomycetota	Bacteria
3239921	Amycolatopsis sp. CA-151526	Actinomycetota	Bacteria
3239922	Amycolatopsis sp. CA-161197	Actinomycetota	Bacteria
3239925	Amycolatopsis sp. CA-290885	Actinomycetota	Bacteria
3239926	Amycolatopsis sp. CA-293810	Actinomycetota	Bacteria
3239927	Dactylosporangium sp. CA-052675	Actinomycetota	Bacteria
3239929	Dactylosporangium sp. CA-092794	Actinomycetota	Bacteria
3239931	Dactylosporangium sp. CA-139114	Actinomycetota	Bacteria
3239934	Dactylosporangium sp. CA-233914	Actinomycetota	Bacteria
3239935	Dactylosporangium sp. CS-033363	Actinomycetota	Bacteria
3239936	Dactylosporangium sp. CS-047395	Actinomycetota	Bacteria
3239940	Kribbella sp. CA-245084	Actinomycetota	Bacteria
3239941	Kribbella sp. CA-247076	Actinomycetota	Bacteria
3239942	Kribbella sp. CA-253562	Actinomycetota	Bacteria
3239948	Kribbella sp. CA-294648	Actinomycetota	Bacteria
3239953	Microbispora sp. CA-135349	Actinomycetota	Bacteria
3239955	Micromonospora sp. CA-111912	Actinomycetota	Bacteria
3239957	Micromonospora sp. CA-240977	Actinomycetota	Bacteria
3239958	Micromonospora sp. CA-244673	Actinomycetota	Bacteria
3239959	Micromonospora sp. CA-246542	Actinomycetota	Bacteria
3239960	Micromonospora sp. CA-248089	Actinomycetota	Bacteria
3239961	Micromonospora sp. CA-248212	Actinomycetota	Bacteria
3239962	Micromonospora sp. CA-248260	Actinomycetota	Bacteria
3239963	Micromonospora sp. CA-249363	Actinomycetota	Bacteria
3239967	Micromonospora sp. CA-263727	Actinomycetota	Bacteria
3239968	Micromonospora sp. CA-269861	Actinomycetota	Bacteria
3239970	Nocardia sp. CA-084685	Actinomycetota	Bacteria
3239971	Nocardia sp. CA-095871	Actinomycetota	Bacteria
3239972	Nocardia sp. CA-107356	Actinomycetota	Bacteria
3239973	Nocardia sp. CA-119907	Actinomycetota	Bacteria
3239974	Nocardia sp. CA-120079	Actinomycetota	Bacteria
3239975	Nocardia sp. CA-128927	Actinomycetota	Bacteria
3239976	Nocardia sp. CA-129566	Actinomycetota	Bacteria
3239977	Nocardia sp. CA-135398	Actinomycetota	Bacteria
3239978	Nocardia sp. CA-135953	Actinomycetota	Bacteria
3239979	Nocardia sp. CA-136227	Actinomycetota	Bacteria
3239980	Nocardia sp. CA-145437	Actinomycetota	Bacteria
3239982	Nocardia sp. CA-151230	Actinomycetota	Bacteria
3239995	Nocardiopsis sp. CA-288880	Actinomycetota	Bacteria
3239996	Nonomuraea sp. CA-141351	Actinomycetota	Bacteria
3239997	Nonomuraea sp. CA-143628	Actinomycetota	Bacteria
3240002	Nonomuraea sp. CA-251285	Actinomycetota	Bacteria
3240003	Nonomuraea sp. CA-252377	Actinomycetota	Bacteria
3240013	Promicromonospora sp. CA-289581	Actinomycetota	Bacteria
3240016	Promicromonospora sp. CA-291202	Actinomycetota	Bacteria
3240019	Promicromonospora sp. CA-294714	Actinomycetota	Bacteria
3240023	Pseudonocardia sp. CA-138482	Actinomycetota	Bacteria
3240024	Pseudonocardia sp. CA-142604	Actinomycetota	Bacteria
3240027	Saccharopolyspora sp. CA-218241	Actinomycetota	Bacteria
3240029	Sphaerimonospora sp. CA-214678	Actinomycetota	Bacteria
3240030	Sphaerisporangium sp. CA-236357	Actinomycetota	Bacteria
3240033	Spirillospora sp. CA-128828	Actinomycetota	Bacteria
3240036	Spirillospora sp. CA-142024	Actinomycetota	Bacteria
3240037	Actinomadura sp. CA-154981	Actinomycetota	Bacteria
3240041	Spirillospora sp. CA-290852	Actinomycetota	Bacteria
3240042	Spirillospora sp. CA-294931	Actinomycetota	Bacteria
3240046	Streptomyces sp. CA-111067	Actinomycetota	Bacteria
3240050	Streptomyces sp. CA-136453	Actinomycetota	Bacteria
3240051	Streptomyces sp. CA-141956	Actinomycetota	Bacteria
3240052	Streptomyces sp. CA-142005	Actinomycetota	Bacteria
3240053	Streptomyces sp. CA-146814	Actinomycetota	Bacteria
3240059	Streptomyces sp. CA-250674	Actinomycetota	Bacteria
3240062	Streptomyces sp. CA-251247	Actinomycetota	Bacteria
3240065	Streptomyces sp. CA-251454	Actinomycetota	Bacteria
3240067	Streptomyces sp. CA-253872	Actinomycetota	Bacteria
3240070	Streptomyces sp. CA-294286	Actinomycetota	Bacteria
3240071	Streptosporangium sp. CA-115845	Actinomycetota	Bacteria
3240072	Streptosporangium sp. CA-135522	Actinomycetota	Bacteria
3240073	Streptosporangium sp. CA-235898	Actinomycetota	Bacteria
3240076	Streptosporangium sp. CA-256172	Actinomycetota	Bacteria
3240102	Bacillus sp. JNUCC-21	Bacillota	Bacteria
3240264	Pseudomonas sp. N2-3-1-14	Pseudomonadota	Bacteria
3240366	Bradyrhizobium sp. 482_C4_N1_1	Pseudomonadota	Bacteria
3240367	Bradyrhizobium sp. 482_C4_N1_8	Pseudomonadota	Bacteria
3240368	Bradyrhizobium sp. 521_C7_N1_3	Pseudomonadota	Bacteria
3240369	Bradyrhizobium sp. 590_E5_N4_2	Pseudomonadota	Bacteria
3240371	Bradyrhizobium sp. 613_E4_N2_2	Pseudomonadota	Bacteria
3240373	Bradyrhizobium sp. 63_E2_N1_3	Pseudomonadota	Bacteria
3240374	Bradyrhizobium sp. 930_D9_N1_4	Pseudomonadota	Bacteria
3240375	Bradyrhizobium sp. 956_D2_N1_4	Pseudomonadota	Bacteria
3240381	Bradyrhizobium sp. 215_C5_N1_2	Pseudomonadota	Bacteria
3240383	Desulfitobacterium sp. AusDCA	Bacillota	Bacteria
3240384	Bradyrhizobium sp. 215_C5_N1_1	Pseudomonadota	Bacteria
3240763	Tardiphaga sp. 862_B3_N1_1	Pseudomonadota	Bacteria
3240766	Tardiphaga sp. 866_E4_N1_4	Pseudomonadota	Bacteria
3240774	Tardiphaga sp. 215_C5_N2_1	Pseudomonadota	Bacteria
3240775	Tardiphaga sp. 285_C5_N1_2	Pseudomonadota	Bacteria
3240783	Tardiphaga sp. 768_D3_N2_1	Pseudomonadota	Bacteria
3240784	Tardiphaga sp. 71_E8_N1_1	Pseudomonadota	Bacteria
3240787	Tardiphaga sp. 172_B4_N1_3	Pseudomonadota	Bacteria
3240788	Tardiphaga sp. 20_F10_N6_6	Pseudomonadota	Bacteria
3240912	Xanthomonas sp. NCPPB 2632	Pseudomonadota	Bacteria
3240913	Xanthomonas sp. NCPPB 3005	Pseudomonadota	Bacteria
3240930	Psychrobacter sp. CLB018	Pseudomonadota	Bacteria
3240934	Streptomyces sp. QH1-20	Actinomycetota	Bacteria
3240935	Azospirillum sp. VT-I1	Pseudomonadota	Bacteria
3240977	Methanothermobacter sp. KEPCO 2	Methanobacteriota	Archaea
3241167	Vibrio sp. BS-M-Sm-2	Pseudomonadota	Bacteria
3241168	Litorimonas sp. RW-G-Af-16	Pseudomonadota	Bacteria
3241169	Marinomonas sp. RS-M-Aa-14	Pseudomonadota	Bacteria
3241170	Psychromonas sp. GE-S-Ul-11	Pseudomonadota	Bacteria
3241171	Pseudoalteromonas sp. RW-H-Ap-1	Pseudomonadota	Bacteria
3241576	Candidatus Leptofilum sp.	Chloroflexota	Bacteria
3241600	Pseudomonas sp. KT_2_4	Pseudomonadota	Bacteria
3241601	Cupriavidus sp. H18C1	Pseudomonadota	Bacteria
3241602	Cupriavidus sp. H18C2	Pseudomonadota	Bacteria
3241603	Cupriavidus sp. H19C3	Pseudomonadota	Bacteria
3242158	Cupriavidus sp. a3	Pseudomonadota	Bacteria
3242369	Ihubacter sp. rT4E-8	Bacillota	Bacteria
3242372	Paenibacillus sp. WG02	Bacillota	Bacteria
3242468	Candidatus Izemoplasma sp. B36	Mycoplasmatota	Bacteria
3242491	Pseudomonas sp. QE6	Pseudomonadota	Bacteria
3242492	Pseudoroseicyclus sp. CXY001	Pseudomonadota	Bacteria
3242500	Rhodanobacter sp. BL-MT-08	Pseudomonadota	Bacteria
3242663	Halomicrobium sp. HM KBTZ05	Methanobacteriota	Archaea
3242677	Pseudomonas sp. LW8	Pseudomonadota	Bacteria
3242678	Lysinibacillus sp. RS10	Bacillota	Bacteria
3242679	Peribacillus sp. RS7	Bacillota	Bacteria
3242680	Acinetobacter sp. RW6	Pseudomonadota	Bacteria
3242681	Paenibacillus sp. RS8	Bacillota	Bacteria
3242682	Lysinibacillus sp. RS11	Bacillota	Bacteria
3242697	Halopenitus sp. H-Gu1	Methanobacteriota	Archaea
3242699	Natrinema sp. H-ect4	Methanobacteriota	Archaea
3242725	Pseudomonas sp. QL9	Pseudomonadota	Bacteria
3242726	Wohlfahrtiimonas sp. XWW7	Pseudomonadota	Bacteria
3242727	Methanobrevibacter sp. DSM 116169	Methanobacteriota	Archaea
3242728	Dryocola sp. LX212	Pseudomonadota	Bacteria
3242855	Rhodococcus sp. NyZ502	Actinomycetota	Bacteria
3242979	Hominifimenecus sp. rT4P-3	Bacillota	Bacteria
3243004	Ralstonia sp. Ralssp110	Pseudomonadota	Bacteria
3243021	Pseudomonas sp. Pseusp16	Pseudomonadota	Bacteria
3243030	Luteibacter sp. Lutesp34	Pseudomonadota	Bacteria
3243033	Variovorax sp. Varisp41	Pseudomonadota	Bacteria
3243047	Curtobacterium sp. Curtsp57	Actinomycetota	Bacteria
3243051	Sphingomonas sp. Sphisp66	Pseudomonadota	Bacteria
3243057	Rhizobium sp. Rhizsp82	Pseudomonadota	Bacteria
3243060	Mucilaginibacter sp. Mucisp86	Bacteroidota	Bacteria
3243076	Rossellomorea sp. FM04394	Bacillota	Bacteria
3243332	Zavarzinia sp. CC-PAN008	Pseudomonadota	Bacteria
3243358	Microbulbifer sp. ANSA001	Pseudomonadota	Bacteria
3243359	Microbulbifer sp. ANSA002	Pseudomonadota	Bacteria
3243360	Microbulbifer sp. ANSA003	Pseudomonadota	Bacteria
3243361	Microbulbifer sp. ANSA004	Pseudomonadota	Bacteria
3243362	Microbulbifer sp. ANSA005	Pseudomonadota	Bacteria
3243363	Microbulbifer sp. AVAC002	Pseudomonadota	Bacteria
3243364	Microbulbifer sp. EKSA005	Pseudomonadota	Bacteria
3243365	Microbulbifer sp. EKSA006	Pseudomonadota	Bacteria
3243366	Microbulbifer sp. EKSA007	Pseudomonadota	Bacteria
3243367	Microbulbifer sp. EKSA008	Pseudomonadota	Bacteria
3243368	Microbulbifer sp. JMSA002	Pseudomonadota	Bacteria
3243369	Microbulbifer sp. JMSA003	Pseudomonadota	Bacteria
3243370	Microbulbifer sp. JMSA004	Pseudomonadota	Bacteria
3243371	Microbulbifer sp. JMSA006	Pseudomonadota	Bacteria
3243372	Microbulbifer sp. JMSA007	Pseudomonadota	Bacteria
3243373	Microbulbifer sp. JMSA008	Pseudomonadota	Bacteria
3243374	Microbulbifer sp. JTAC008	Pseudomonadota	Bacteria
3243375	Microbulbifer sp. PAAF003	Pseudomonadota	Bacteria
3243376	Microbulbifer sp. SSSA002	Pseudomonadota	Bacteria
3243377	Microbulbifer sp. SSSA003	Pseudomonadota	Bacteria
3243378	Microbulbifer sp. SSSA005	Pseudomonadota	Bacteria
3243379	Microbulbifer sp. SSSA007	Pseudomonadota	Bacteria
3243380	Microbulbifer sp. SSSA008	Pseudomonadota	Bacteria
3243381	Microbulbifer sp. TRSA001	Pseudomonadota	Bacteria
3243382	Microbulbifer sp. TRSA002	Pseudomonadota	Bacteria
3243383	Microbulbifer sp. TRSA005	Pseudomonadota	Bacteria
3243384	Microbulbifer sp. TRSA007	Pseudomonadota	Bacteria
3243385	Microbulbifer sp. VAAC004	Pseudomonadota	Bacteria
3243386	Microbulbifer sp. VTAC004	Pseudomonadota	Bacteria
3243387	Microbulbifer sp. VVAC002	Pseudomonadota	Bacteria
3243388	Microbulbifer sp. ZKSA002	Pseudomonadota	Bacteria
3243389	Microbulbifer sp. ZKSA004	Pseudomonadota	Bacteria
3243390	Microbulbifer sp. ZKSA006	Pseudomonadota	Bacteria
3243391	Microbulbifer sp. CnH-101-E	Pseudomonadota	Bacteria
3243392	Microbulbifer sp. CnH-101-F	Pseudomonadota	Bacteria
3243393	Microbulbifer sp. CnH-101-G	Pseudomonadota	Bacteria
3243394	Microbulbifer sp. DLAB2-AA	Pseudomonadota	Bacteria
3243395	Microbulbifer sp. DLAB2-AF	Pseudomonadota	Bacteria
3243396	Microbulbifer sp. PSTR4-B	Pseudomonadota	Bacteria
3243405	Xanthomonas sp. NCPPB 4468	Pseudomonadota	Bacteria
3243406	Xanthomonas sp. NCPPB 4467	Pseudomonadota	Bacteria
3243407	Xanthomonas sp. NCPPB 3443	Pseudomonadota	Bacteria
3243763	Leifsonia sp. LS-T14	Actinomycetota	Bacteria
3243765	Agromyces sp. MMS24-JH15	Actinomycetota	Bacteria
3243766	Paenibacillus sp. WLX1005	Bacillota	Bacteria
3248841	Gordonia sp. PS3	Actinomycetota	Bacteria
3252900	Mycoplasma sp. P36-A1	Mycoplasmatota	Bacteria
3256999	Streptomyces sp. YH02	Actinomycetota	Bacteria
3273430	Acidovorax sp. BLS4	Pseudomonadota	Bacteria
3273802	Microvirga sp. RSM25	Pseudomonadota	Bacteria
3294351	Fictibacillus sp. EA-CB0309	Bacillota	Bacteria
3294353	Bacillus sp. EA-CB0995	Bacillota	Bacteria
3296934	Paenibacillus sp. WLX2291	Bacillota	Bacteria
3297726	Staphylococcus sp. 11262D007BW	Bacillota	Bacteria
3298609	Haloimpatiens sporogenes	Bacillota	Bacteria
3298610	Haloimpatiens myeolchijeotgali	Bacillota	Bacteria
3304995	Nitrosomonas sp. TNE100	Pseudomonadota	Bacteria
3304996	Nitrosospira sp. TNL100	Pseudomonadota	Bacteria
3304997	Nitrosospira sp. TNL200	Pseudomonadota	Bacteria
3304998	Nitrosospira sp. TNL300	Pseudomonadota	Bacteria
3308998	Stenotrophomonas sp. P2112	Pseudomonadota	Bacteria
3308999	Enterobacter sp. fkY84-4	Pseudomonadota	Bacteria
3309000	Enterobacter sp. fkY84-1	Pseudomonadota	Bacteria
3315613	Bacillus sp. hwrm1	Bacillota	Bacteria
3317307	Mycobacterium sp. G7A2	Actinomycetota	Bacteria
3317319	Pseudomonas sp. Tun-23181	Pseudomonadota	Bacteria
3322121	Dechloromonas sp. ARDL1	Pseudomonadota	Bacteria
3341726	Arcticibacter sp. MXS-1	Bacteroidota	Bacteria
3341776	Neobacillus sp. S1115	Bacillota	Bacteria
3341777	Neobacillus sp. S1227	Bacillota	Bacteria
3341793	Paenibacillus sp. M2	Bacillota	Bacteria
3341830	Aeromicrobium sp. CTD01-1L150	Actinomycetota	Bacteria
3342096	Mucilaginibacter sp. cycad4	Bacteroidota	Bacteria
3342097	Variovorax sp. EBFNA2	Pseudomonadota	Bacteria
3342249	Agarivorans sp. DSG3-1	Pseudomonadota	Bacteria
3342349	Rhabdochlamydiaceae symbiont of Dictyostelium giganteum	Chlamydiota	Bacteria
3342386	Zobellella sp. DQSA1	Pseudomonadota	Bacteria
3342408	Methylocystis sp. NC52PC	Pseudomonadota	Bacteria
3342411	Lysinibacillus sp. RS5	Bacillota	Bacteria
3342488	Streptomyces sp. JL2001	Actinomycetota	Bacteria
3342489	Wolbachia sp. wLmal	Pseudomonadota	Bacteria
3342538	Paenibacillus sp. P36	Bacillota	Bacteria
3342640	Roseomonas sp. CCTCC AB2023176	Pseudomonadota	Bacteria
3342676	Shewanella sp. H8	Pseudomonadota	Bacteria
3342751	Microcystis sp. BLCC-F210	Cyanobacteriota	Bacteria
3344579	Bradyrhizobium sp. 8-10B	Pseudomonadota	Bacteria
3344828	Bradyrhizobium sp. ma5	Pseudomonadota	Bacteria
3344829	Bradyrhizobium sp. B025	Pseudomonadota	Bacteria
3344874	Pseudomonas sp. DCA-1	Pseudomonadota	Bacteria
3344875	Pseudooceanicola sp. LIPI14-2-Ac024	Pseudomonadota	Bacteria
3344879	Salmonella sp. HY31	Pseudomonadota	Bacteria
3345111	Sulfuriferula sp. GW1	Pseudomonadota	Bacteria
3345112	Sulfuriferula sp. GW6	Pseudomonadota	Bacteria
3345407	Lysinibacillus sp. fkY6-3	Bacillota	Bacteria
3345408	Lysinibacillus sp. fkY74-1	Bacillota	Bacteria
3348344	Dehalococcoides sp. THU4	Chloroflexota	Bacteria
3349178	Lysinibacillus sp. fkY65-2	Bacillota	Bacteria
3349333	Altererythrobacter sp. GH1-8	Pseudomonadota	Bacteria
3349434	Sphingomonas sp. DBB INV C78	Pseudomonadota	Bacteria
3349635	Oceanicaulis sp. LC35	Pseudomonadota	Bacteria
3349638	Kineococcus sp. DHX-1	Actinomycetota	Bacteria
3349698	Falsihalocynthiibacter sp. SS001	Pseudomonadota	Bacteria
3349875	Nostoc sp. C117	Cyanobacteriota	Bacteria
3349876	Nostoc sp. C110	Cyanobacteriota	Bacteria
3349877	Novosphingobium sp. BL-52-GroH	Pseudomonadota	Bacteria
3349878	Noviherbaspirillum sp. ST 5-3	Pseudomonadota	Bacteria
3350041	Mycobacterium sp. LRC2408	Actinomycetota	Bacteria
3350098	Pseudosulfitobacter sp. SM2401	Pseudomonadota	Bacteria
3350165	Allobosea sp. UC22_33	Pseudomonadota	Bacteria
3350166	Cnuibacter sp. UC19_7	Actinomycetota	Bacteria
3350167	Epilithonimonas sp. UC225_85	Bacteroidota	Bacteria
3350168	Herbiconiux sp. UC225_62	Actinomycetota	Bacteria
3350169	Hydrogenophaga sp. UC242_50	Pseudomonadota	Bacteria
3350170	Hydrogenophaga sp. UC242_53	Pseudomonadota	Bacteria
3350171	Mesorhizobium sp. UC74_2	Pseudomonadota	Bacteria
3350173	Pedobacter sp. UC225_65	Bacteroidota	Bacteria
3350174	Pseudoduganella sp. UC29_71	Pseudomonadota	Bacteria
3350175	Pseudoxanthomonas sp. UC19_8	Pseudomonadota	Bacteria
3350177	Roseateles sp. UC29_93	Pseudomonadota	Bacteria
3350178	Tahibacter sp. UC22_41	Pseudomonadota	Bacteria
3351346	Bradyrhizobium sp. YCK136	Pseudomonadota	Bacteria
3351461	Rhodanobacter sp. FW102-FHT14D06	Pseudomonadota	Bacteria
3351462	Rhodanobacter sp. FW102-FHT14D07	Pseudomonadota	Bacteria
3351514	Enterococcus sp. PLH-Efm8	Bacillota	Bacteria
3351560	Bacillus sp. SG20032	Bacillota	Bacteria
3366266	Acinetobacter sp. P1332	Pseudomonadota	Bacteria
3366287	Salmonella sp. WC3	Pseudomonadota	Bacteria
3366583	Bacillus sp. SG20033	Bacillota	Bacteria
3366811	Alcaligenes sp. WGS1538	Pseudomonadota	Bacteria
3366815	Luteimonas sp. WGS1318	Pseudomonadota	Bacteria
3366817	Burkholderia sp. F1	Pseudomonadota	Bacteria
3367156	Sphingobacterium sp. SG20118	Bacteroidota	Bacteria
3367288	Legionella sp. 227	Pseudomonadota	Bacteria
3367513	Lentzea sp. JNUCC 0626	Actinomycetota	Bacteria
3367525	Pseudomonas sp. NA-150	Pseudomonadota	Bacteria
3367687	Amycolatopsis sp. N2S4-7	Actinomycetota	Bacteria
3367743	Methylomonas sp. 2B	Pseudomonadota	Bacteria
3368557	Amaricoccus sp. B4	Pseudomonadota	Bacteria
3369415	Stutzerimonas sp. CQPMC-PStu	Pseudomonadota	Bacteria
3369658	Marinobacter sp. W-8	Pseudomonadota	Bacteria
3372850	Agromyces sp. MMS24-K17	Actinomycetota	Bacteria
3372854	Streptomyces sp. BBFR2	Actinomycetota	Bacteria
3372855	Streptomyces sp. BBFR25	Actinomycetota	Bacteria
3372856	Streptomyces sp. BBFR51	Actinomycetota	Bacteria
3372857	Parabacteroides sp. APC149_11_2_Y6	Bacteroidota	Bacteria
3373090	Methanococcoides sp. DA23	Methanobacteriota	Archaea
3373096	Paenibacillus sp. DP01	Bacillota	Bacteria
3373103	Sporosarcina sp. SG10008	Bacillota	Bacteria
3373541	Krasilnikovia sp. MM14-A1004	Actinomycetota	Bacteria
3373596	Clostridium sp. 10cd*	Bacillota	Bacteria
3373597	Chitinibacter sp. S2-10	Pseudomonadota	Bacteria
3373603	Neisseria sp. 23W00296	Pseudomonadota	Bacteria
3373604	Microbulbifer sp. CNSA002	Pseudomonadota	Bacteria
3373674	Acetobacter sp. KSO5	Pseudomonadota	Bacteria
3374103	Limnohabitans sp. DCL3	Pseudomonadota	Bacteria
3374104	Limnohabitans sp. YIMB22184	Pseudomonadota	Bacteria
3374109	Arcobacter sp. 15-2	Campylobacterota	Bacteria
3374187	Candidatus Pelagibacter bacterium nBUS_25	Pseudomonadota	Bacteria
3374188	Candidatus Pelagibacter bacterium nBUS_27	Pseudomonadota	Bacteria
3374189	Candidatus Pelagibacter bacterium nBUS_28	Pseudomonadota	Bacteria
3374190	Candidatus Pelagibacter bacterium nBUS_29	Pseudomonadota	Bacteria
3374191	Candidatus Pelagibacter bacterium nBUS_30	Pseudomonadota	Bacteria
3374192	Candidatus Pelagibacter bacterium nBUS_32	Pseudomonadota	Bacteria
3374193	Candidatus Pelagibacter bacterium nBUS_33	Pseudomonadota	Bacteria
3374194	Candidatus Pelagibacter bacterium nBUS_36	Pseudomonadota	Bacteria
3374195	Candidatus Pelagibacter bacterium nBUS_44	Pseudomonadota	Bacteria
3374196	Candidatus Pelagibacter bacterium nBUS_49	Pseudomonadota	Bacteria
3374281	Vibrio sp. D3	Pseudomonadota	Bacteria
3374549	Aminobacter sp. UC22_36	Pseudomonadota	Bacteria
3374550	Arthrobacter sp. UC242_113	Actinomycetota	Bacteria
3374551	Caulobacter sp. UC70_42	Pseudomonadota	Bacteria
3374552	Mesorhizobium sp. UC22_110	Pseudomonadota	Bacteria
3374553	Pseudoduganella sp. UC29_106	Pseudomonadota	Bacteria
3374554	Variovorax sp. UC122_21	Pseudomonadota	Bacteria
3374555	Variovorax sp. UC74_104	Pseudomonadota	Bacteria
3375638	Serratia sp. szju	Pseudomonadota	Bacteria
3375704	Lacrimispora sp. HJ-01	Bacillota	Bacteria
3375705	Lysinibacillus sp. S1	Bacillota	Bacteria
3375707	Bacillus sp. 3G2	Bacillota	Bacteria
3376061	Olivibacter sp. EAT-5	Bacteroidota	Bacteria
3376142	Superficieibacter sp. BNK-5	Pseudomonadota	Bacteria
3376143	Pseudomonas sp. BNK-6	Pseudomonadota	Bacteria
3376144	Pseudomonas sp. BNK-7	Pseudomonadota	Bacteria
3376147	Serratia sp. BNK-10	Pseudomonadota	Bacteria
3376148	Serratia sp. BNK-11	Pseudomonadota	Bacteria
3376149	Serratia sp. BNK-12	Pseudomonadota	Bacteria
3376151	Enterobacter sp. BNK-14	Pseudomonadota	Bacteria
3376152	Pseudomonas sp. BNK-15	Pseudomonadota	Bacteria
3376155	Enterobacter sp. BNK-18	Pseudomonadota	Bacteria
3376158	Serratia sp. BNK-23	Pseudomonadota	Bacteria
3376159	Erwinia sp. BNK-24-a	Pseudomonadota	Bacteria
3376160	Erwinia sp. BNK-24-b	Pseudomonadota	Bacteria
3376161	Erwinia sp. BNK-25	Pseudomonadota	Bacteria
3376162	Serratia sp. BNK-26-a	Pseudomonadota	Bacteria
3376163	Serratia sp. BNK-26-b	Pseudomonadota	Bacteria
3376165	Pseudomonas sp. BNK-30	Pseudomonadota	Bacteria
3376176	Pseudomonas sp. BNK-43-a	Pseudomonadota	Bacteria
3376177	Pseudomonas sp. BNK-43-b	Pseudomonadota	Bacteria
3376178	Pseudomonas sp. BNK-44-a	Pseudomonadota	Bacteria
3376179	Pseudomonas sp. BNK-44-b	Pseudomonadota	Bacteria
3376180	Pseudomonas sp. BNK-45	Pseudomonadota	Bacteria
3376682	Clostridium sp. MB05	Bacillota	Bacteria
3376685	Methylomonas sp. BW4-1	Pseudomonadota	Bacteria
3376686	Methylomonas sp. 2BW1-5-20	Pseudomonadota	Bacteria
3376687	Methylomonas sp. HW2-6	Pseudomonadota	Bacteria
3376989	Mesorhizobium maamorense	Pseudomonadota	Bacteria
3376990	Brevibacterium sp. GP-SGM9	Actinomycetota	Bacteria
3377023	Methyloparacoccus sp. NF-16	Pseudomonadota	Bacteria
3377037	Cupriavidus sp. C3SS-1	Pseudomonadota	Bacteria
3377038	Arthrobacter sp. E1SS-5	Actinomycetota	Bacteria
3377039	Cupriavidus sp. E1SS-2	Pseudomonadota	Bacteria
3377040	Cupriavidus sp. C1SS-2L	Pseudomonadota	Bacteria
3377041	Labrys sp. E2SS-1L	Pseudomonadota	Bacteria
3377042	Cupriavidus sp. C2SS-8b	Pseudomonadota	Bacteria
3377110	Haloferax sp. S1W	Methanobacteriota	Archaea
3377125	Microbacterium sp. M	Actinomycetota	Bacteria
3377215	Streptomyces sp. AHU1	Actinomycetota	Bacteria
3377707	Methylotuvimicrobium sp. KM1	Pseudomonadota	Bacteria
3378073	Sphingobium sp. DN12	Pseudomonadota	Bacteria
3378074	Mycolicibacterium sp. SCSIO 43805	Actinomycetota	Bacteria
3378087	Mycobacterium sp. M23085	Actinomycetota	Bacteria
3378095	Rickettsia sp. 109562A South Dakota	Pseudomonadota	Bacteria
3378866	Fimbriimonas sp. LA-C6	Armatimonadota	Bacteria
3379128	Chryseobacterium sp. M5	Bacteroidota	Bacteria
3379129	Pseudomonas sp. M20	Pseudomonadota	Bacteria
3379131	Acinetobacter sp. SEK541	Pseudomonadota	Bacteria
3379815	Metallosphaera sp. D4-4	Thermoproteota	Archaea
3380348	Pilosibacter sp. YYHA0881	Bacillota	Bacteria
3381293	Vibrio sp. CB1-5	Pseudomonadota	Bacteria
3381345	Pseudomonas sp. DL	Pseudomonadota	Bacteria
3381348	Eubacterium sp. F2	Bacillota	Bacteria
3381355	Pseudomonas sp. KnCO4	Pseudomonadota	Bacteria
3381356	Halobacillus sp. SY10	Bacillota	Bacteria
3382150	Sphingobacterium sp. Lzh-3	Bacteroidota	Bacteria
3382192	Rhizobium sp. SYY.PMSO	Pseudomonadota	Bacteria
3382266	Campylobacter sp. GTC17093	Campylobacterota	Bacteria
3382641	Pseudalkalibacillus sp. A8	Bacillota	Bacteria
3383024	Acidithiobacillus sp. M4-SHS-6	Pseudomonadota	Bacteria
3383025	Peredibacter sp. HCB2-198	Bdellovibrionota	Bacteria
3383097	Maribacter sp. C-4077	Bacteroidota	Bacteria
3383250	Wolbachia endosymbiont of Rhagoletis indifferens	Pseudomonadota	Bacteria
3383314	Streptomyces sp. Inha503	Actinomycetota	Bacteria
3383472	Psychrobacter sp. GTC18467	Pseudomonadota	Bacteria
3383589	Corynebacterium axilliensis	Actinomycetota	Bacteria
3383590	Corynebacterium jamesii	Actinomycetota	Bacteria
3383698	Lysobacter sp. Hz25	Pseudomonadota	Bacteria
3383718	Halomonas sp. C10-5	Pseudomonadota	Bacteria
3383850	Herbaspirillum sp. WTB6	Pseudomonadota	Bacteria
3384157	Flavobacterium sp. PS2	Bacteroidota	Bacteria
3384159	Natrinema sp. 74	Methanobacteriota	Archaea
3384161	Stenotrophomonas sp. Y-13	Pseudomonadota	Bacteria
3384241	Cupriavidus sp. 30B13	Pseudomonadota	Bacteria
3384444	Natroniella sp. ANB-PHB2	Bacillota	Bacteria
3384451	Peribacillus sp. S4	Bacillota	Bacteria
3384764	Sulfurospirillum sp. 1307	Campylobacterota	Bacteria
3384771	Streptomyces sp. A5-4	Actinomycetota	Bacteria
3384787	Pseudomonas sp. YH-1	Pseudomonadota	Bacteria
3385202	Anaerococcus sp. AH8042_DFU013_CI05	Bacillota	Bacteria
3385371	Pectobacterium sp. B1J-3	Pseudomonadota	Bacteria
3385372	Pectobacterium sp. B2J-2	Pseudomonadota	Bacteria
3385497	Salinicoccus sp. HZC-1	Bacillota	Bacteria
3385501	Bacillus sp. D7-8	Bacillota	Bacteria
3385967	Mycobacterium sp. SMC-16	Actinomycetota	Bacteria
3385968	Mycobacterium sp. SMC-14	Actinomycetota	Bacteria
3385969	Mycobacterium sp. SMC-11	Actinomycetota	Bacteria
3385991	Lysinibacillus sp. 38-6	Bacillota	Bacteria
3386277	Pseudobdellovibrio sp. HCB154	Bdellovibrionota	Bacteria
3386552	Bradyrhizobium sp. Pa8	Pseudomonadota	Bacteria
3386553	Alkalibacillus sp. S2W	Bacillota	Bacteria
3386554	Hanstruepera sp. CR43	Bacteroidota	Bacteria
3386644	Chryseobacterium sp. MMS23-Vi53	Bacteroidota	Bacteria
3387397	Rhodovulum sp. HP10	Pseudomonadota	Bacteria
3387402	Pedobacter sp. KLB.chiD	Bacteroidota	Bacteria
3387407	Leptospira sp. 'Mane'	Spirochaetota	Bacteria
3388313	Streptomyces sp. CY-1	Actinomycetota	Bacteria
3388337	Afifella sp. YEN Y35	Pseudomonadota	Bacteria
3388343	Pseudomonas sp. L7	Pseudomonadota	Bacteria
3388424	Marinibacterium sp. SX1	Pseudomonadota	Bacteria
3388425	Haloferax sp. YSMS24	Methanobacteriota	Archaea
3388426	Bartonella sp. DGB2	Pseudomonadota	Bacteria
3388429	Peptacetobacter sp. AB845	Bacillota	Bacteria
3388458	Caproicibacterium sp. XB2	Bacillota	Bacteria
3388489	Pseudomonas sp. MPB03	Pseudomonadota	Bacteria
3388490	Pseudomonas sp. MPB23	Pseudomonadota	Bacteria
3388491	Pseudomonas sp. MPB26	Pseudomonadota	Bacteria
3388492	Arthrobacter sp. MPF02	Actinomycetota	Bacteria
3388564	Haloferax sp. YSSS75	Methanobacteriota	Archaea
3388566	Candidatus Nanosalina sp. VS9-1	Methanobacteriota	Archaea
3388568	Chimaeribacter sp. YP20170169	Pseudomonadota	Bacteria
3388653	Hoeflea sp. Naph1	Pseudomonadota	Bacteria
3388658	Gordonia sp. LUNF6	Actinomycetota	Bacteria
3388659	Gordonia sp. SND2	Actinomycetota	Bacteria
3388665	Paenibacillus sp. EC2-1	Bacillota	Bacteria
3388843	Neisseria sp. CP9	Pseudomonadota	Bacteria
3388844	Pseudomonas sp. CP4	Pseudomonadota	Bacteria
3388853	Plantibacter sp. MPB07	Actinomycetota	Bacteria
3389070	Rhizobium sp. WW22	Pseudomonadota	Bacteria
3389872	Rhizobium sp. ZK1	Pseudomonadota	Bacteria
3389876	Alteromonas sp. H39	Pseudomonadota	Bacteria
3389970	Sphingomonas sp. GlSt437	Pseudomonadota	Bacteria
3390033	Pediococcus sp. M21F004	Bacillota	Bacteria
3390036	Streptomyces sp. EMB26	Actinomycetota	Bacteria
3390038	Stenotrophomonas sp. LGBM10	Pseudomonadota	Bacteria
3390503	Microbacterium sp. As-52	Actinomycetota	Bacteria
3390729	Brevibacterium sp. K72	Actinomycetota	Bacteria
3391032	Infirmifilum sp. SLHALR2	Thermoproteota	Archaea
3391145	Sulfurimonas iocasae	Campylobacterota	Bacteria
3391146	Sulfurovum iocasae	Campylobacterota	Bacteria
3391182	Bdellovibrio sp. HCB-110	Bdellovibrionota	Bacteria
3391379	Desulfovibrio sp. GTC20076	Thermodesulfobacteriota	Bacteria
3391399	Mycobacterium sp. PDNC021	Actinomycetota	Bacteria
3391422	Corynebacterium sp. LaCa101	Actinomycetota	Bacteria
3391423	Corynebacterium sp. LaCa116	Actinomycetota	Bacteria
3391424	Corynebacterium sp. LaCa117	Actinomycetota	Bacteria
3391425	Corynebacterium sp. LaCa142	Actinomycetota	Bacteria
3391426	Corynebacterium sp. LaCa191	Actinomycetota	Bacteria
3391427	Corynebacterium sp. LaCa222	Actinomycetota	Bacteria
3391428	Corynebacterium sp. LaCa54	Actinomycetota	Bacteria
3391429	Corynebacterium sp. LaCa7	Actinomycetota	Bacteria
3391430	Corynebacterium sp. LaCa78	Actinomycetota	Bacteria
3391431	Corynebacterium sp. LaCa97	Actinomycetota	Bacteria
3391447	Rossellomorea sp. FS2	Bacillota	Bacteria
3391574	Pontimicrobium sp. IMCC45349	Bacteroidota	Bacteria
3391579	Vibrio sp. K4	Pseudomonadota	Bacteria
3391778	Williamsia sp. SKLECPSW1	Actinomycetota	Bacteria
3391822	Psychromonas sp. KJ10-2	Pseudomonadota	Bacteria
3391823	Psychromonas sp. KJ10-10	Pseudomonadota	Bacteria
3391824	Pseudoalteromonas sp. KJ71-7	Pseudomonadota	Bacteria
3391828	Vibrio sp. MA40-2	Pseudomonadota	Bacteria
3391839	Erwinia sp. LJJL01	Pseudomonadota	Bacteria
3392035	Neisseria sp. CCUG12390	Pseudomonadota	Bacteria
3392036	Neisseria sp. CCUG17229	Pseudomonadota	Bacteria
3392115	Pseudomonas sp. YJ42	Pseudomonadota	Bacteria
3392117	Nocardia sp. CWNU-33	Actinomycetota	Bacteria
3392294	Synechococcus sp. W4D4	Cyanobacteriota	Bacteria
3392295	Synechococcus sp. A10-1-5-9	Cyanobacteriota	Bacteria
3392296	Synechococcus sp. W2B2	Cyanobacteriota	Bacteria
3393449	Sporosarcina sp. A2	Bacillota	Bacteria
3393462	Bacillus sp. PVC-6B	Bacillota	Bacteria
3393744	Glutamicibacter sp. FR1	Actinomycetota	Bacteria
3393757	Candidatus Nanosynbacter sp. BB002	Minisyncoccota	Bacteria
3394146	Flavobacterium sp. W1B	Bacteroidota	Bacteria
3394231	Azospira sp. APE16	Pseudomonadota	Bacteria
3394234	Bdellovibrio sp. HCB-162	Bdellovibrionota	Bacteria
3394235	Bdellovibrio sp. HCB185ZH	Bdellovibrionota	Bacteria
3394317	Thermodesulfovibrio sp. TK500a	Nitrospirota	Bacteria
3394320	Salipaludibacillus sp. HK11	Bacillota	Bacteria
3394321	Halomonas sp. HK25	Pseudomonadota	Bacteria
3394328	Sodalis sp. RH13	Pseudomonadota	Bacteria
3394329	Sodalis sp. RH14	Pseudomonadota	Bacteria
3394330	Sodalis sp. RH15	Pseudomonadota	Bacteria
3394331	Sodalis sp. RH16	Pseudomonadota	Bacteria
3394332	Sodalis sp. RH17	Pseudomonadota	Bacteria
3394333	Sodalis sp. RH18	Pseudomonadota	Bacteria
3394334	Sodalis sp. RH19	Pseudomonadota	Bacteria
3394335	Sodalis sp. RH20	Pseudomonadota	Bacteria
3394336	Sodalis sp. RH21	Pseudomonadota	Bacteria
3394337	Sodalis sp. RH22	Pseudomonadota	Bacteria
3394338	Sodalis sp. RH23	Pseudomonadota	Bacteria
3394339	Sodalis sp. RH24	Pseudomonadota	Bacteria
3394340	Sodalis sp. RH25	Pseudomonadota	Bacteria
3394349	Variovorax sp. SCN45	Pseudomonadota	Bacteria
3394352	Streptomyces sp. CWNU-52H	Actinomycetota	Bacteria
3394353	Streptomyces sp. CWNU-52B	Actinomycetota	Bacteria
3394354	Bdellovibrio sp. HCB209	Bdellovibrionota	Bacteria
3394355	Bdellovibrio sp. HCB288	Bdellovibrionota	Bacteria
3394356	Bdellovibrio sp. HCB290	Bdellovibrionota	Bacteria
3394358	Bdellovibrio sp. HCB337	Bdellovibrionota	Bacteria
3394359	Bdellovibrio sp. HCB117	Bdellovibrionota	Bacteria
3394361	Bdellovibrio sp. HCB274	Bdellovibrionota	Bacteria
3394605	Massilia sp. GER05	Pseudomonadota	Bacteria
3394751	Vreelandella sp. F11	Pseudomonadota	Bacteria
3394854	Zymobacter sp. IVIA_12111.31 C1	Pseudomonadota	Bacteria
3394855	Zymobacter sp. IVIA_5232.4 C2	Pseudomonadota	Bacteria
3395314	Luminiphilus sp. nBUS_07	Pseudomonadota	Bacteria
3395315	Luminiphilus sp. nBUS_16	Pseudomonadota	Bacteria
3395316	Pseudopelagicola sp. nBUS_19	Pseudomonadota	Bacteria
3395317	Pseudopelagicola sp. nBUS_20	Pseudomonadota	Bacteria
3395318	Pseudothioglobus sp. nBUS_23	Pseudomonadota	Bacteria
3395319	Psychrobium sp. nBUS_13	Pseudomonadota	Bacteria
3395320	Tenacibaculum sp. nBUS_03	Bacteroidota	Bacteria
3395321	Vibrio sp. nBUS_14	Pseudomonadota	Bacteria
3395371	Streptomyces sp. FW42	Actinomycetota	Bacteria
3395379	Bdellovibrio sp. BIS2	Bdellovibrionota	Bacteria
3395906	Stenotrophomonas sp. STK16_22	Pseudomonadota	Bacteria
3395912	Bradyrhizobium sp. SPXBL-02	Pseudomonadota	Bacteria
3395913	Bradyrhizobium sp. SPXBL-03	Pseudomonadota	Bacteria
3395914	Bradyrhizobium sp. SPXBL-04	Pseudomonadota	Bacteria
3395915	Bradyrhizobium sp. BLXBL-01	Pseudomonadota	Bacteria
3395916	Bradyrhizobium sp. BLXBL-03	Pseudomonadota	Bacteria
3395917	Bradyrhizobium sp. SMVTL-02	Pseudomonadota	Bacteria
3395918	Paracoccus sp. TD-10	Pseudomonadota	Bacteria
3396308	Alcanivorax sp. IL1	Pseudomonadota	Bacteria
3396309	Alcanivorax sp. IL3	Pseudomonadota	Bacteria
3396310	Alcanivorax sp. IL2	Pseudomonadota	Bacteria
3396405	Caproicibacterium sp. XB1	Bacillota	Bacteria
3396553	Shinella sp. 1A1	Pseudomonadota	Bacteria
3396624	Pseudomonas sp. RHF3.3-3	Pseudomonadota	Bacteria
3396625	Stenotrophomonas sp. EMP41	Pseudomonadota	Bacteria
3397060	Carnobacterium sp. TMP28	Bacillota	Bacteria
3397211	Methylocystis sp. JAN1	Pseudomonadota	Bacteria
3397245	Halomonas sp. E14	Pseudomonadota	Bacteria
3397768	Bacillus sp. Ba 3	Bacillota	Bacteria
3397801	Nitrospira sp. Kam-Ns4a	Nitrospirota	Bacteria
3397804	Nitrospira sp. Nam80	Nitrospirota	Bacteria
3397806	Nitrospira sp. M1	Nitrospirota	Bacteria
3397807	Nitrospira sp. Nam74	Nitrospirota	Bacteria
3398205	Neptuniibacter sp. PT34_22	Pseudomonadota	Bacteria
3398206	Neptuniibacter sp. PT8_73	Pseudomonadota	Bacteria
3398207	Neptuniibacter sp. QD29_5	Pseudomonadota	Bacteria
3398208	Neptuniibacter sp. QD34_54	Pseudomonadota	Bacteria
3398209	Neptuniibacter sp. QD37_11	Pseudomonadota	Bacteria
3398210	Neptuniibacter sp. QD37_6	Pseudomonadota	Bacteria
3398211	Neptuniibacter sp. QD48_11	Pseudomonadota	Bacteria
3398212	Neptuniibacter sp. QD48_55	Pseudomonadota	Bacteria
3398213	Neptuniibacter sp. QD57_21	Pseudomonadota	Bacteria
3398214	Neptuniibacter sp. QD72_48	Pseudomonadota	Bacteria
3398215	Neptuniibacter sp. SY11_33	Pseudomonadota	Bacteria
3398229	Methylomonas sp. TEB	Pseudomonadota	Bacteria
3398232	Cellulosimicrobium sp. G4 BAM 1002	Actinomycetota	Bacteria
3398233	Chitinophaga sp. G7 BAM 1005	Bacteroidota	Bacteria
3398327	Pseudoalteromonas sp. US3C1013	Pseudomonadota	Bacteria
3398328	Pseudoalteromonas sp. US3C1004	Pseudomonadota	Bacteria
3398391	Anabaena sp. TISTR 8404	Cyanobacteriota	Bacteria
3398393	Oleiharenicola sp. Vm1	Verrucomicrobiota	Bacteria
3398395	Porphyrobacter sp. THAI-01a	Pseudomonadota	Bacteria
3398614	Catenovulum sp. SX2	Pseudomonadota	Bacteria
3398701	Flexivirga sp. G2	Actinomycetota	Bacteria
3398702	Rhodanobacter sp. G1	Pseudomonadota	Bacteria
3398703	Nitrobacter sp. TKz-YC01	Pseudomonadota	Bacteria
3398704	Nitrobacter sp. TKz-YC02	Pseudomonadota	Bacteria
3398770	Paenibacillus sp. JJ1722	Bacillota	Bacteria
3398817	Alteromonas sp. OM2203	Pseudomonadota	Bacteria
3398818	Pseudomonas sp. 18-147	Pseudomonadota	Bacteria
3399121	Pseudomonas sp. NFX71	Pseudomonadota	Bacteria
3399125	Achromobacter sp. PD1	Pseudomonadota	Bacteria
3399568	Staphylococcus sp. Ze2	Bacillota	Bacteria
3399569	Staphylococcus sp. Ze3	Bacillota	Bacteria
3399572	Staphylococcus sp. LKG3-1	Bacillota	Bacteria
3399573	Pseudomonas sp. NFX183	Pseudomonadota	Bacteria
3399679	Pseudomonas sp. OHS18	Pseudomonadota	Bacteria
3399680	Pseudomonas sp. COR18	Pseudomonadota	Bacteria
3399685	Staphylococcus sp. LKG3-3	Bacillota	Bacteria
3399686	Staphylococcus sp. LKG4-2	Bacillota	Bacteria
3399688	Staphylococcus sp. LKG7-3	Bacillota	Bacteria
3399689	Staphylococcus sp. LKG8-2	Bacillota	Bacteria
3400151	Sulfurimonas sp. ST-25	Campylobacterota	Bacteria
3400152	Sulfurimonas sp. ST-27	Campylobacterota	Bacteria
3400153	Sulfurovum sp. ST-21	Campylobacterota	Bacteria
3400154	Sulfurovum sp. ST-29	Campylobacterota	Bacteria
3400182	Nocardioides sp. T5	Actinomycetota	Bacteria
3400218	Zobellella sp. An-6	Pseudomonadota	Bacteria
3400219	Paenarthrobacter sp. TA1.8	Actinomycetota	Bacteria
3400220	Paenarthrobacter sp. C1	Actinomycetota	Bacteria
3400226	Roseateles sp. So40a	Pseudomonadota	Bacteria
3400272	Sphingobium sp. CR28	Pseudomonadota	Bacteria
3400348	Sphingomonas sp. HT-1	Pseudomonadota	Bacteria
3400419	Paenibacillus sp. B-A-8	Bacillota	Bacteria
3400420	Peribacillus sp. B-H-3	Bacillota	Bacteria
3400421	Psychrobacillus sp. BM2	Bacillota	Bacteria
3400422	Pristimantibacillus sp. PTI5	Bacillota	Bacteria
3400631	Chryseobacterium sp. PTM-20240506	Bacteroidota	Bacteria
3400908	Parablastomonas sp. CN1-191	Pseudomonadota	Bacteria
3400909	Devosia sp. CN2-171	Pseudomonadota	Bacteria
3400923	Streptomyces sp. JL3001	Actinomycetota	Bacteria
3401635	Cupriavidus sp. H39	Pseudomonadota	Bacteria
3402017	Faecalibacterium sp. 7	Bacillota	Bacteria
3402157	Flavobacterium sp. CR10	Bacteroidota	Bacteria
3402158	Dyella sp. CR10	Pseudomonadota	Bacteria
3402159	Maribacter sp. X9	Bacteroidota	Bacteria
3402160	Arthrobacter sp. CR10	Actinomycetota	Bacteria
3402161	Paracoccus sp. T5	Pseudomonadota	Bacteria
3402164	Marinobacter sp. GH_1	Pseudomonadota	Bacteria
3402279	Serratia sp. NFX21	Pseudomonadota	Bacteria
3402289	Mesorhizobium sp. AaZ16	Pseudomonadota	Bacteria
3402633	Mycobacterium sp. smrl_JER01	Actinomycetota	Bacteria
3402682	Haloarcula sp. KBTZ06	Methanobacteriota	Archaea
3402687	Mucilaginibacter sp. NFX135	Bacteroidota	Bacteria
3402688	Legionella sp. D16C41	Pseudomonadota	Bacteria
3402689	Paenarthrobacter sp. NyZ202	Actinomycetota	Bacteria
3402691	Promicromonospora sp. NFX87	Actinomycetota	Bacteria
3402777	Caulobacter sp. ErkDOM-C	Pseudomonadota	Bacteria
3402778	Caulobacter sp. ErkDOM-E	Pseudomonadota	Bacteria
3402779	Caulobacter sp. ErkDOM-YI	Pseudomonadota	Bacteria
3402862	Pseudomonas sp. NFX224	Pseudomonadota	Bacteria
3402864	Vreelandella sp. 21	Pseudomonadota	Bacteria
3402865	Pseudomonas sp. ABY48	Pseudomonadota	Bacteria
3402868	Streptococcus sp. K0074	Bacillota	Bacteria
3403077	Endozoicomonas sp. ALC020	Pseudomonadota	Bacteria
3403079	Endozoicomonas sp. ALD040	Pseudomonadota	Bacteria
3403152	Hymenobacter sp. 102	Bacteroidota	Bacteria
3403436	Anabaena sp. FACHB-595	Cyanobacteriota	Bacteria
3403457	Streptomyces sp. cg28	Actinomycetota	Bacteria
3403462	Micromonospora sp. WMMD558	Actinomycetota	Bacteria
3403464	Micromonospora sp. WMMD708	Actinomycetota	Bacteria
3403466	Delftia sp. PX-1	Pseudomonadota	Bacteria
3403576	Acinetobacter sp. LF10	Pseudomonadota	Bacteria
3404047	Streptomyces sp. E-08	Actinomycetota	Bacteria
3404048	Microbacterium sp. E-13	Actinomycetota	Bacteria
3404049	Cellulosimicrobium sp. E-16	Actinomycetota	Bacteria
3404050	Luteibacter sp. E-22	Pseudomonadota	Bacteria
3404051	Pedobacter sp. R-06	Bacteroidota	Bacteria
3404052	Streptomyces sp. R-07	Actinomycetota	Bacteria
3404053	Arthrobacter sp. R-11	Actinomycetota	Bacteria
3404054	Exiguobacterium sp. R-17	Bacillota	Bacteria
3404055	Ensifer sp. R-19	Pseudomonadota	Bacteria
3404056	Sphingobium sp. R-21	Pseudomonadota	Bacteria
3404057	Enterobacter sp. R-25	Pseudomonadota	Bacteria
3404058	Variovorax sp. R-27	Pseudomonadota	Bacteria
3404059	Ralstonia sp. R-29	Pseudomonadota	Bacteria
3404060	Pseudoduganella sp. R-31	Pseudomonadota	Bacteria
3404061	Pseudoduganella sp. R-32	Pseudomonadota	Bacteria
3404062	Pseudoduganella sp. R-34	Pseudomonadota	Bacteria
3404063	Pseudoduganella sp. R-43	Pseudomonadota	Bacteria
3404064	Chryseobacterium sp. S-02	Bacteroidota	Bacteria
3404065	Pseudoduganella sp. S-14	Pseudomonadota	Bacteria
3404114	Micromonospora sp. WMMD754	Actinomycetota	Bacteria
3404115	Micromonospora sp. WMMD1219	Actinomycetota	Bacteria
3404117	Mycobacterium sp. WMMD1722	Actinomycetota	Bacteria
3404122	Plantactinospora sp. WMMC1484	Actinomycetota	Bacteria
3404127	Micromonospora sp. WMMD729	Actinomycetota	Bacteria
3404132	Arenibacterium sp. LLYu02	Pseudomonadota	Bacteria
3404779	Priestia sp. MF3	Bacillota	Bacteria
3404781	Streptomyces sp. JL4002	Actinomycetota	Bacteria
3405120	Candidiatus Paracoxiella cheracis	Pseudomonadota	Bacteria
3406418	Streptomyces sp. SDT5-1	Actinomycetota	Bacteria
3406419	Streptomyces sp. GDS52	Actinomycetota	Bacteria
3406459	Cupriavidus sp. HE11	Pseudomonadota	Bacteria
3406626	Actinokineospora sp. G85	Actinomycetota	Bacteria
3406645	Psychrobacter sp. ER1	Pseudomonadota	Bacteria
3407669	Streptomyces sp. YS-B37	Actinomycetota	Bacteria
3407672	Amycolatopsis sp. CA-211722	Actinomycetota	Bacteria
3408576	Brachybacterium sp. UNK5269	Actinomycetota	Bacteria
3409687	Halorubrum sp. AS12	Methanobacteriota	Archaea
3409688	Haloarcula sp. NS06	Methanobacteriota	Archaea
3409691	Paraburkholderia sp. DD10	Pseudomonadota	Bacteria
3409857	Pseudomonas sp. NyZ201	Pseudomonadota	Bacteria
3410015	Sphingobacterium sp. UGAL515B	Bacteroidota	Bacteria
3410088	Bradyrhizobium sp. B120	Pseudomonadota	Bacteria
3410536	Desulfoluna sp. CLI2B	Thermodesulfobacteriota	Bacteria
3410537	Desulfoluna sp. CYM3A	Thermodesulfobacteriota	Bacteria
3410538	Desulfoluna sp. HI9BLuna	Thermodesulfobacteriota	Bacteria
3410847	Gardnerella sp. 2492-Sm	Actinomycetota	Bacteria
3410986	Pseudomonas sp. HS6-2	Pseudomonadota	Bacteria
3410987	Sinomonas sp. P47F7	Actinomycetota	Bacteria
3411093	Levilactobacillus sp. FUA 3915	Bacillota	Bacteria
3411322	Microbulbifer sp. MCCC 1A16149	Pseudomonadota	Bacteria
3411354	Acidovorax sp. M14	Pseudomonadota	Bacteria
3411355	Acidovorax sp. M2(2025)	Pseudomonadota	Bacteria
3411633	Enterobacter sp. JS8-1	Pseudomonadota	Bacteria
3411798	Pseudomonas sp. ALK-5	Pseudomonadota	Bacteria
3412034	Methanobacterium sp. MBAC-LM	Methanobacteriota	Archaea
3412035	Methanocella sp. MCL-LM	Methanobacteriota	Archaea
3412479	Sphingopyxis sp. NJF-3	Pseudomonadota	Bacteria
3412482	Undibacterium sp. WLHG33	Pseudomonadota	Bacteria
3412682	Leclercia sp. TB492	Pseudomonadota	Bacteria
3412683	Sphingomonas sp. MS122	Pseudomonadota	Bacteria
3412684	Promicromonospora sp. MS192	Actinomycetota	Bacteria
3412685	Roseateles sp. MS654	Pseudomonadota	Bacteria
3412686	Undibacterium sp. WLX3042	Pseudomonadota	Bacteria
3413029	Paenibacillus sp. FA6	Bacillota	Bacteria
3413030	Sporosarcina sp. FA9	Bacillota	Bacteria
3413031	Sporosarcina sp. FA15	Bacillota	Bacteria
3413133	Pasteurella sp. PK-2025	Pseudomonadota	Bacteria
3413146	Haemophilus sp. HN-Hi25	Pseudomonadota	Bacteria
3413147	Streptococcus sp. KHUD_013	Bacillota	Bacteria
3413285	Salmonella sp. 174	Pseudomonadota	Bacteria
3413489	Pseudomonas sp. G3-3	Pseudomonadota	Bacteria
3413490	Pseudomonas sp. Tul2A7	Pseudomonadota	Bacteria
3413491	Pseudomonas sp. Tul1A2	Pseudomonadota	Bacteria
3413492	Pseudomonas sp. ME6	Pseudomonadota	Bacteria
3413493	Pseudomonas sp. MD6	Pseudomonadota	Bacteria
3413494	Pseudomonas sp. MC6	Pseudomonadota	Bacteria
3413510	Brevibacterium sp. 1718	Actinomycetota	Bacteria
3413511	Halobacterium sp. MBLA0001	Methanobacteriota	Archaea
3413814	Jeotgalibacillus sp. 10bf12	Bacillota	Bacteria
3413936	Hyphomicrobium sp. 1Nfss2.1	Pseudomonadota	Bacteria
3414029	Alkalibacterium sp. f15	Bacillota	Bacteria
3414030	Alishewanella sp. d11	Pseudomonadota	Bacteria
3414159	Akkermansia sp. JRP_AM1	Verrucomicrobiota	Bacteria
3414376	Gardnerella sp. 2492	Actinomycetota	Bacteria
3414489	Citrobacter sp. LJND-P06	Pseudomonadota	Bacteria
3414494	Bacillus sp. PM43	Bacillota	Bacteria
3414495	Bacillus sp. PM5	Bacillota	Bacteria
3414496	Pseudomonas sp. WMBT8	Pseudomonadota	Bacteria
3414503	Tepidimonas sp. HKU77	Pseudomonadota	Bacteria
3414504	Tepidimonas sp. HKU78	Pseudomonadota	Bacteria
3414505	Tepidimonas sp. HKU79	Pseudomonadota	Bacteria
3414510	Flavobacterium sp. JP2137	Bacteroidota	Bacteria
3414707	Psychrobacter sp. 219-2-C	Pseudomonadota	Bacteria
3414739	Xylanimonas sp. McL0601	Actinomycetota	Bacteria
3414740	Rickettsia sp. 2024-CO-Wats-2	Pseudomonadota	Bacteria
3414741	Corynebacterium sp. LaCa_23	Actinomycetota	Bacteria
3414742	Corynebacterium sp. LaCa_62	Actinomycetota	Bacteria
3414743	Corynebacterium sp. LaCa_63	Actinomycetota	Bacteria
3414744	Corynebacterium sp. LaCa_70	Actinomycetota	Bacteria
3414745	Cutibacterium sp. LaCa_87	Actinomycetota	Bacteria
3414746	Cutibacterium sp. LaCa_89	Actinomycetota	Bacteria
3414747	Corynebacterium sp. LaCa_100	Actinomycetota	Bacteria
3414748	Corynebacterium sp. LaCa_102	Actinomycetota	Bacteria
3414749	Corynebacterium sp. LaCa_155	Actinomycetota	Bacteria
3414750	Corynebacterium sp. LaCa_204	Actinomycetota	Bacteria
3414751	Corynebacterium sp. LaCa_205	Actinomycetota	Bacteria
3414752	Corynebacterium sp. LaCa_206	Actinomycetota	Bacteria
3414753	Cutibacterium sp. LaCa_208	Actinomycetota	Bacteria
3414754	Corynebacterium sp. LaCa_219	Actinomycetota	Bacteria
3414755	Corynebacterium sp. LaCa_223	Actinomycetota	Bacteria
3414756	Corynebacterium sp. LaCa_224	Actinomycetota	Bacteria
3414757	Corynebacterium sp. LaCa_242	Actinomycetota	Bacteria
3414758	Corynebacterium sp. LaCa_247	Actinomycetota	Bacteria
3414759	Corynebacterium sp. LaCa_248	Actinomycetota	Bacteria
3414760	Corynebacterium sp. LaCa_249	Actinomycetota	Bacteria
3414761	Cutibacterium sp. LaCa_255	Actinomycetota	Bacteria
3414762	Corynebacterium sp. LaCa_282	Actinomycetota	Bacteria
3414763	Cutibacterium sp. LaCa_286	Actinomycetota	Bacteria
3415006	Frigoribacterium sp. 2-23	Actinomycetota	Bacteria
3415008	Comamonas sp. 23	Pseudomonadota	Bacteria
3415140	Maribacter sp. IgM3_T14_3	Bacteroidota	Bacteria
3415141	Yoonia sp. TsM2_T14_4	Pseudomonadota	Bacteria
3415265	Chryseobacterium sp. CBSDS_008	Bacteroidota	Bacteria
3415602	Janthinobacterium sp. NFX145	Pseudomonadota	Bacteria
3415670	Mucilaginibacter sp. McL0603	Bacteroidota	Bacteria
3415671	Aquihabitans sp. McL0605	Actinomycetota	Bacteria
3415672	Leifsonia sp. McL0607	Actinomycetota	Bacteria
3415673	Bradyrhizobium sp. McL0615	Pseudomonadota	Bacteria
3415674	Bradyrhizobium sp. McL0616	Pseudomonadota	Bacteria
3415675	Cellulomonas sp. McL0617	Actinomycetota	Bacteria
3415676	Angustibacter sp. McL0619	Actinomycetota	Bacteria
3415677	Leifsonia sp. McL0618	Actinomycetota	Bacteria
3415678	Dactylosporangium sp. McL0621	Actinomycetota	Bacteria
3415679	Rhodanobacter sp. Col0626	Pseudomonadota	Bacteria
3415750	Rubrivivax sp. RP6-9	Pseudomonadota	Bacteria
3416058	Pseudomonas sp. NUPR-001	Pseudomonadota	Bacteria
3416062	Haemophilus sp. HN_Hi01	Pseudomonadota	Bacteria
3416063	Haemophilus sp. HN_Hi02	Pseudomonadota	Bacteria
3416064	Haemophilus sp. HN_Hi03	Pseudomonadota	Bacteria
3416065	Haemophilus sp. HN_Hi04	Pseudomonadota	Bacteria
3416066	Haemophilus sp. HN_Hi05	Pseudomonadota	Bacteria
3416067	Haemophilus sp. HN_Hi06	Pseudomonadota	Bacteria
3416068	Haemophilus sp. HN_Hi07	Pseudomonadota	Bacteria
3416069	Haemophilus sp. HN_Hi08	Pseudomonadota	Bacteria
3416070	Haemophilus sp. HN_Hi09	Pseudomonadota	Bacteria
3416071	Haemophilus sp. HN_Hi10	Pseudomonadota	Bacteria
3416072	Haemophilus sp. HN_Hi11	Pseudomonadota	Bacteria
3416073	Haemophilus sp. HN_Hi12	Pseudomonadota	Bacteria
3416075	Haemophilus sp. HN_Hi13	Pseudomonadota	Bacteria
3416076	Haemophilus sp. HN_Hi14	Pseudomonadota	Bacteria
3416077	Haemophilus sp. HN_Hi15	Pseudomonadota	Bacteria
3416078	Haemophilus sp. HN_Hi16	Pseudomonadota	Bacteria
3416080	Haemophilus sp. HN_Hi17	Pseudomonadota	Bacteria
3416081	Alloiococcus sp. CFN-8	Bacillota	Bacteria
3416082	Haemophilus sp. HN_Hi18	Pseudomonadota	Bacteria
3416083	Haemophilus sp. HN_Hi19	Pseudomonadota	Bacteria
3416084	Haemophilus sp. HN_Hi20	Pseudomonadota	Bacteria
3416085	Haemophilus sp. HN_Hi21	Pseudomonadota	Bacteria
3416086	Haemophilus sp. HN_Hi22	Pseudomonadota	Bacteria
3416087	Haemophilus sp. HN_Hi23	Pseudomonadota	Bacteria
3416088	Haemophilus sp. HN_Hi24	Pseudomonadota	Bacteria
3416178	Pseudarthrobacter sp. 1G09	Actinomycetota	Bacteria
3416179	Winslowiella sp. 2C04	Pseudomonadota	Bacteria
3416180	Serratia sp. 2C06	Pseudomonadota	Bacteria
3416181	Glutamicibacter sp. 2E12	Actinomycetota	Bacteria
3416605	Flavobacterium sp. MMS24-S5	Bacteroidota	Bacteria
3416606	Ramlibacter sp. MMS24-I3-19	Pseudomonadota	Bacteria
3416654	Microbacterium sp. PA5	Actinomycetota	Bacteria
3416667	Acinetobacter sp. KB005	Pseudomonadota	Bacteria
3416668	Chryseobacterium sp. R2ACT005	Bacteroidota	Bacteria
3416669	Klebsiella sp. R2A007	Pseudomonadota	Bacteria
3416681	Monashia sp. HAY1-11D	Actinomycetota	Bacteria
3416687	Mesorhizobium sp. HAY1-8B	Pseudomonadota	Bacteria
3416694	Chryseobacterium sp. KU4A	Bacteroidota	Bacteria
3416695	Cellulomonas sp. KU4C	Actinomycetota	Bacteria
3416697	Microbacterium sp. KU4F	Actinomycetota	Bacteria
3416698	Mitsuaria sp. MSU3D	Pseudomonadota	Bacteria
3416705	Variovorax sp. TLI9-5A	Pseudomonadota	Bacteria
3416706	Georgenia sp. Z1344	Actinomycetota	Bacteria
3416707	Georgenia sp. Z1491	Actinomycetota	Bacteria
3416708	Exiguobacterium sp. R-39	Bacillota	Bacteria
3416709	Burkholderia sp. R-40	Pseudomonadota	Bacteria
3416710	Paenibacillus sp. S-38	Bacillota	Bacteria
3416711	Mucilaginibacter sp. R-33	Bacteroidota	Bacteria
3416714	Aeromonas sp. INTO2	Pseudomonadota	Bacteria
3416715	Aeromonas sp. FL131	Pseudomonadota	Bacteria
3416808	Winogradskyella sp. HB-48	Bacteroidota	Bacteria
3416924	Alcaligenes sp. HNGD-HTN06	Pseudomonadota	Bacteria
3416926	Leisingera sp. S2M4	Pseudomonadota	Bacteria
3417171	Halopseudomonas sp. T1L2	Pseudomonadota	Bacteria
3417301	Streptomyces sp. IPPR8	Actinomycetota	Bacteria
3417654	Cetobacterium sp. SF1	Fusobacteriota	Bacteria
3417722	Salmonella sp. CQ24WZ0581SAL	Pseudomonadota	Bacteria
3417741	Rhizobium sp. YTU87027	Pseudomonadota	Bacteria
3417757	Testudinibacter sp. TW-1	Pseudomonadota	Bacteria
3418119	Streptomyces sp. LBUM3076	Actinomycetota	Bacteria
3418175	Arthrobacter sp. 92	Actinomycetota	Bacteria
3418365	Candidatus Caldatribacterium sp. SIUC1	Atribacterota	Bacteria
3418367	Streptomyces sp. DSM 41931	Actinomycetota	Bacteria
3418415	Pseudarthrobacter sp. H2	Actinomycetota	Bacteria
3418416	Pseudarthrobacter sp. N5	Actinomycetota	Bacteria
3418417	Pseudarthrobacter sp. O4	Actinomycetota	Bacteria
3418418	Pseudarthrobacter sp. P1	Actinomycetota	Bacteria
3418419	Pseudarthrobacter sp. S3	Actinomycetota	Bacteria
3418420	Pseudarthrobacter sp. S6	Actinomycetota	Bacteria
3418421	Pseudarthrobacter sp. S9	Actinomycetota	Bacteria
3418422	Pseudarthrobacter sp. Y6	Actinomycetota	Bacteria
3418555	Enterococcus sp. 22-H-5-01	Bacillota	Bacteria
3418557	Brevibacterium sp. LE-L	Actinomycetota	Bacteria
3418664	Acidithiobacillus sp. AC3	Pseudomonadota	Bacteria
3418716	Litorimonas sp. WD9-15	Pseudomonadota	Bacteria
3418768	Methylomonas sp. MED-D	Pseudomonadota	Bacteria
3418769	Methylomonas sp. MS20	Pseudomonadota	Bacteria
3418997	Aliinostoc sp. HNIBRCY26	Cyanobacteriota	Bacteria
3419591	Brucella sp. NF 2810	Pseudomonadota	Bacteria
3419592	Brucella sp. NF 2815	Pseudomonadota	Bacteria
3419764	Streptomyces sp. cg40	Actinomycetota	Bacteria
3419765	Kribbella sp. GL6	Actinomycetota	Bacteria
3419766	Nocardia sp. FBN12	Actinomycetota	Bacteria
3420380	Pantoea sp. FN060301	Pseudomonadota	Bacteria
3420668	Lysinibacillus sp. LZ02	Bacillota	Bacteria
3420950	Azonexus sp. IMCC34842	Pseudomonadota	Bacteria
3421106	Sediminicoccus sp. BL-A-41-H5	Pseudomonadota	Bacteria
3421107	Tabrizicola sp. BL-A-41-H6	Pseudomonadota	Bacteria
3421110	Janthinobacterium sp. TPC_1	Pseudomonadota	Bacteria
3421130	Varibaculum sp. GTC20041	Actinomycetota	Bacteria
3421172	Sulfitobacter sp. SH22	Pseudomonadota	Bacteria
3421173	Sulfitobacter sp. SH24	Pseudomonadota	Bacteria
3421430	Agarivorans sp. QJM3NY_25	Pseudomonadota	Bacteria
3421431	Agarivorans sp. Z349TD_7	Pseudomonadota	Bacteria
3421432	Agarivorans sp. QJM3NY_33	Pseudomonadota	Bacteria
3421433	Agarivorans sp. QJM3NY_30	Pseudomonadota	Bacteria
3421434	Agarivorans sp. Z349TD_8	Pseudomonadota	Bacteria
3421435	Agarivorans sp. QJM3NY_29	Pseudomonadota	Bacteria
3421495	Enterobacter sp. I570	Pseudomonadota	Bacteria
3421645	Streptomyces sp. P10-4	Actinomycetota	Bacteria
3421650	Streptomyces sp. cg35	Actinomycetota	Bacteria
3421652	Amphritea sp. HPY	Pseudomonadota	Bacteria
3421654	Marinobacterium sp. YM272	Pseudomonadota	Bacteria
3421656	Thalassolituus sp. LLYu03	Pseudomonadota	Bacteria
3421658	Streptomyces sp. P1-3	Actinomycetota	Bacteria
3421955	Neorhizobium sp. DAR64860/K0K1	Pseudomonadota	Bacteria
3421956	Neorhizobium sp. DAR64861/K0K2	Pseudomonadota	Bacteria
3421957	Neorhizobium sp. DAR64862/K0K3	Pseudomonadota	Bacteria
3421958	Neorhizobium sp. DAR64872/K0K18	Pseudomonadota	Bacteria
3421959	Neorhizobium sp. IRS_2295	Pseudomonadota	Bacteria
3421960	Neorhizobium sp. IRS_2293	Pseudomonadota	Bacteria
3421961	Neorhizobium sp. IRS_2294	Pseudomonadota	Bacteria
3422227	Verrucosispora sp. TAA-831	Actinomycetota	Bacteria
3422304	Fructilactobacillus sp. Tb1	Bacillota	Bacteria
3422307	Humitalea sp. 24SJ18S-53	Pseudomonadota	Bacteria
3422403	Serratia sp. AR11	Pseudomonadota	Bacteria
3422493	Bacillus sp. MM09(2025)	Bacillota	Bacteria
3422500	Klebsiella sp. KOS9	Pseudomonadota	Bacteria
3422589	Streptomyces sp. P9-1	Actinomycetota	Bacteria
3422590	Hahella sp. NBU794	Pseudomonadota	Bacteria
3422591	Streptomyces sp. P6-2-1	Actinomycetota	Bacteria
3422597	Roseateles sp. L2-2	Pseudomonadota	Bacteria
3423201	Streptomyces sp. P9-2	Actinomycetota	Bacteria
3423221	Streptomyces sp. P11-1	Actinomycetota	Bacteria
3423222	Streptomyces sp. P13-3-3	Actinomycetota	Bacteria
3423224	Clostridium sp. B9	Bacillota	Bacteria
3423225	Rahnella sp. PAMC25559	Pseudomonadota	Bacteria
3423410	Geodermatophilus sp. URMC 60	Actinomycetota	Bacteria
3423412	Modestobacter sp. URMC 112	Actinomycetota	Bacteria
3423415	Geodermatophilus sp. URMC 63	Actinomycetota	Bacteria
3423416	Geodermatophilus sp. URMC 64	Actinomycetota	Bacteria
3423417	Geodermatophilus sp. URMC 65	Actinomycetota	Bacteria
3423439	Psychrobacter sp. VH5	Pseudomonadota	Bacteria
3423910	Halomonas sp. H5	Pseudomonadota	Bacteria
3423914	Rasiella sp. SM2506	Bacteroidota	Bacteria
3423915	Streptomyces sp. WL006	Actinomycetota	Bacteria
3423917	Salmonella sp. GDC200615	Pseudomonadota	Bacteria
3423922	Christiangramia sp. D34-3	Bacteroidota	Bacteria
3423945	Mucilaginibacter sp. P25	Bacteroidota	Bacteria
3423946	Serratia sp. L9	Pseudomonadota	Bacteria
3423947	Mucilaginibacter sp. P19	Bacteroidota	Bacteria
3423948	Flavobacterium sp. P21	Bacteroidota	Bacteria
3423949	Duganella sp. P38	Pseudomonadota	Bacteria
3423951	Pseudarthrobacter sp. L19	Actinomycetota	Bacteria
3423952	Puia sp. P3	Bacteroidota	Bacteria
3423954	Streptomyces sp. L7	Actinomycetota	Bacteria
3423955	Dankookia sp. P2	Pseudomonadota	Bacteria
3423956	Pedobacter sp. P26	Bacteroidota	Bacteria
3423959	Leifsonia sp. P73	Actinomycetota	Bacteria
3423964	Janthinobacterium sp. C22	Pseudomonadota	Bacteria
3424133	Paenibacillus sp. 8b26	Bacillota	Bacteria
3424717	Streptomyces sp. HNM1019	Actinomycetota	Bacteria
3424718	Sphingosinithalassobacter sp. LHW66-3	Pseudomonadota	Bacteria
3424765	Qipengyuania sp. SM2512	Pseudomonadota	Bacteria
3424766	Flavobacterium sp. SM2513	Bacteroidota	Bacteria
3424769	Micromonospora sp. KLBMP9576	Actinomycetota	Bacteria
3425121	Tenacibaculum sp. SM2510	Bacteroidota	Bacteria
3425129	Poriferisphaera sp. WC338	Planctomycetota	Bacteria
3425693	Acinetobacter sp. CE-15	Pseudomonadota	Bacteria
3425866	Streptomyces sp. DSM 118878	Actinomycetota	Bacteria
3425867	Saccharothrix sp. DSM 118769	Actinomycetota	Bacteria
3425869	Erythrobacter sp. 'gip.4 top 5'	Pseudomonadota	Bacteria
3425884	Pseudoalteromonas sp. 11L1	Pseudomonadota	Bacteria
3425945	Limimaricola sp. AA108-03	Pseudomonadota	Bacteria
3425947	Erythrobacter sp. W53	Pseudomonadota	Bacteria
3425950	Flavobacterium sp. TMP13	Bacteroidota	Bacteria
3429669	Erythrobacter sp. JB1-4	Pseudomonadota	Bacteria
3429670	Erythrobacter sp. JB2-19	Pseudomonadota	Bacteria
3429671	Erythrobacter sp. JB3-1	Pseudomonadota	Bacteria
3429672	Erythrobacter sp. S243	Pseudomonadota	Bacteria
3429673	Erythrobacter sp. S249	Pseudomonadota	Bacteria
3429674	Erythrobacter sp. S259	Pseudomonadota	Bacteria
3429675	Erythrobacter sp. S43	Pseudomonadota	Bacteria
3429677	Erythrobacter sp. SN6-5	Pseudomonadota	Bacteria
3429678	Erythrobacter sp. W36	Pseudomonadota	Bacteria
3429679	Erythrobacter sp. S158	Pseudomonadota	Bacteria
3429680	Erythrobacter sp. S227	Pseudomonadota	Bacteria
3429681	Erythrobacter sp. S267	Pseudomonadota	Bacteria
3429682	Erythrobacter sp. S57(2025)	Pseudomonadota	Bacteria
3433631	Neobacillus sp. Fa239	Bacillota	Bacteria
3433706	Arthrobacter sp. G.S.26	Actinomycetota	Bacteria
3434110	Mycolicibacterium sp. ELW1	Actinomycetota	Bacteria
3434346	Streptococcus sp. KHUD_016	Bacillota	Bacteria
3434352	Streptococcus sp. KHUD_015	Bacillota	Bacteria
3434353	Streptococcus sp. KHUD_014	Bacillota	Bacteria
3434357	Rhodopseudomonas sp. P1	Pseudomonadota	Bacteria
3434395	Streptomyces sp. S186	Actinomycetota	Bacteria
3434457	Gulosibacter sp. ACHW.36C	Actinomycetota	Bacteria
3434465	Cupriavidus sp. TMH.W2	Pseudomonadota	Bacteria
3434653	Fundidesulfovibrio sp. YSD1	Thermodesulfobacteriota	Bacteria
3434945	Mycolicibacterium sp. ELW1-p	Actinomycetota	Bacteria
3434999	Bradyrhizobium sp. PMVTL-01	Pseudomonadota	Bacteria
3435229	Curtobacterium sp. SP.BCo	Actinomycetota	Bacteria
3435230	Curtobacterium sp. SP.BCp	Actinomycetota	Bacteria
3435409	Paenibacillus sp. SN-8-1	Bacillota	Bacteria
3435411	Paenibacillus sp. JJ778	Bacillota	Bacteria
3435412	Sanguibacter sp. Z1732	Actinomycetota	Bacteria
3435885	Delftia sp. 11MD	Pseudomonadota	Bacteria
3435889	Streptomyces sp. Qhu_M48	Actinomycetota	Bacteria
3436040	Halobacteriovorax sp. GFR7	Bdellovibrionota	Bacteria
3436041	Halobacteriovorax sp. GFR8	Bdellovibrionota	Bacteria
3436042	Gordonia sp. J1A	Actinomycetota	Bacteria
3436237	Caballeronia sp. DA-9	Pseudomonadota	Bacteria
3436238	Shewanella sp. HL-SH2	Pseudomonadota	Bacteria
3436239	Billgrantia sp. C5P2	Pseudomonadota	Bacteria
3436240	Shewanella sp. HL-SH4	Pseudomonadota	Bacteria
3436241	Shewanella sp. HL-SH5	Pseudomonadota	Bacteria
3436242	Shewanella sp. HL-SH8	Pseudomonadota	Bacteria
3437381	Vibrio sp. Vf1514	Pseudomonadota	Bacteria
3438232	Lactococcus sp. KTH0-1S	Bacillota	Bacteria
3438650	Clostridium sp. ETTB3	Bacillota	Bacteria
3438877	Methylomonas sp. SPW-1	Pseudomonadota	Bacteria
3438878	Methylomonas sp. PHL2-19	Pseudomonadota	Bacteria
3438963	Methylocaldum sp. GT1BB	Pseudomonadota	Bacteria
3438965	Methylocaldum sp. GT1TLB	Pseudomonadota	Bacteria
3439042	Daejeonia sp. YH14	Bacteroidota	Bacteria
3439050	Nostoc sp. DSM 114167	Cyanobacteriota	Bacteria
3439064	Leucobacter sp. W1153	Actinomycetota	Bacteria
3439066	Leucobacter sp. Z1108	Actinomycetota	Bacteria
3439527	Salinibacterium sp. 10G20-15	Actinomycetota	Bacteria
3439528	Herbiconiux sp. J20-20	Actinomycetota	Bacteria
3439529	Rhodopirellula sp. J20-39	Planctomycetota	Bacteria
3439530	Kitasatospora sp. McL0602	Actinomycetota	Bacteria
3439547	Psychromonas sp. PT13	Pseudomonadota	Bacteria
3439548	Paenarthrobacter sp. FR1	Actinomycetota	Bacteria
3440143	Nostoc sp. DSM 114161	Cyanobacteriota	Bacteria
3440153	Enterobacter sp. MG-EB028	Pseudomonadota	Bacteria
3440154	Cytobacillus sp. BC1816	Bacillota	Bacteria
3440155	Mycoplasma sp. 480	Mycoplasmatota	Bacteria
3440631	Fusibacter sp. JL298sf-3	Bacillota	Bacteria
3440634	Methylomonas sp. 2F7	Pseudomonadota	Bacteria
3440636	Psychrobacter sp. DM8	Pseudomonadota	Bacteria
3440637	Psychrobacter sp. DM4	Pseudomonadota	Bacteria
3440638	Psychrobacter sp. M4	Pseudomonadota	Bacteria
3440843	Klebsiella sp. CD33	Pseudomonadota	Bacteria
3440865	Mycoplasma sp. 6243	Mycoplasmatota	Bacteria
3442640	Timonella sp. A28	Actinomycetota	Bacteria
3442641	Formosa sp. A9	Bacteroidota	Bacteria
3442642	Brevundimonas sp. CEF1	Pseudomonadota	Bacteria
3442644	Tenacibaculum sp. A30	Bacteroidota	Bacteria
3442646	Janibacter sp. GS2	Actinomycetota	Bacteria
3443507	Pantoea sp. Lu_F5_004	Pseudomonadota	Bacteria
3443744	Arcobacter sp. ISO1	Campylobacterota	Bacteria
3443745	Alteromonas sp. ISO5	Pseudomonadota	Bacteria
3443746	Thioclava sp. ISO4	Pseudomonadota	Bacteria
3444091	Achromobacter sp. CF-sbj1-Ac2-l	Pseudomonadota	Bacteria
3444093	Achromobacter sp. NCFB-sbj8-Ac1-l	Pseudomonadota	Bacteria
3444097	Achromobacter sp. NCFB-sbj8-Ac4-l	Pseudomonadota	Bacteria
3444110	Salinibacterium sp. 10J20-7	Actinomycetota	Bacteria
3444111	Herbiconiux sp. J20-18	Actinomycetota	Bacteria
3444112	Parasphingorhabdus sp. DH2-15	Pseudomonadota	Bacteria
3444114	Glutamicibacter sp. PAEs-4	Actinomycetota	Bacteria
3444115	Bradyrhizobium sp. BR14999	Pseudomonadota	Bacteria
3444117	Streptomyces sp. H49	Actinomycetota	Bacteria
3444503	Streptomyces sp. C11-1	Actinomycetota	Bacteria
3445351	Anaeromassilibacillus sp. SJQ-5	Bacillota	Bacteria
3445632	Bacillus cereus group sp. Sample44	Bacillota	Bacteria
3445768	Parapusillimonas sp. JC17	Pseudomonadota	Bacteria
3445771	Sphingomonas sp. ASY06-1R	Pseudomonadota	Bacteria
3445772	Mesorhizobium sp. KACC 23794	Pseudomonadota	Bacteria
3445773	Paenibacillus sp. KN14-4R	Bacillota	Bacteria
3445774	Arthrobacter sp. KN11-1C	Actinomycetota	Bacteria
3445777	Microbacterium sp. F51-2R	Actinomycetota	Bacteria
3445778	Neobacillus sp. D3-1R	Bacillota	Bacteria
3445779	Stenotrophomonas sp. JC08	Pseudomonadota	Bacteria
3445780	Thioclava sp. FR2	Pseudomonadota	Bacteria
3445781	Pedobacter sp. AW31-3R	Bacteroidota	Bacteria
3445784	Streptomyces sp. JL7001	Actinomycetota	Bacteria
3445972	Jutongia sp. SJQ-6	Bacillota	Bacteria
3446074	Pseudomonas sp. Pso3	Pseudomonadota	Bacteria
3446075	Shinella sp. Sh6	Pseudomonadota	Bacteria
3446076	Acinetobacter sp. Ac8	Pseudomonadota	Bacteria
3446078	Brevundimonas sp. Br13	Pseudomonadota	Bacteria
3446363	Mesorhizobium sp. WSM4083	Pseudomonadota	Bacteria
3446364	Micromonospora sp. LA-10	Actinomycetota	Bacteria
3446365	Stenotrophomonas sp. T8	Pseudomonadota	Bacteria
3446480	Cutibacterium sp. V947	Actinomycetota	Bacteria
3446693	Brevibacterium sp. FAM 27836	Actinomycetota	Bacteria
3447184	Stenotrophomonas sp. 220_Sma	Pseudomonadota	Bacteria
3447185	Stenotrophomonas sp. 439_Sma	Pseudomonadota	Bacteria
3447186	Stenotrophomonas sp. 521_Sma	Pseudomonadota	Bacteria
3447187	Stenotrophomonas sp. 1479_Sma	Pseudomonadota	Bacteria
3447188	Stenotrophomonas sp. 2201_Sma	Pseudomonadota	Bacteria
3447190	Stenotrophomonas sp. 28608_Sma	Pseudomonadota	Bacteria
3447193	Stenotrophomonas sp. 62841_Sma	Pseudomonadota	Bacteria
3447194	Stenotrophomonas sp. 63632_Sma	Pseudomonadota	Bacteria
3447195	Stenotrophomonas sp. 64610_Sma	Pseudomonadota	Bacteria
3447196	Stenotrophomonas sp. 71799_Sma	Pseudomonadota	Bacteria
3447197	Stenotrophomonas sp. 76756_Sma	Pseudomonadota	Bacteria
3447198	Stenotrophomonas sp. 78350_Sma	Pseudomonadota	Bacteria
3447199	Stenotrophomonas sp. 80084_Sma	Pseudomonadota	Bacteria
3447200	Stenotrophomonas sp. 83388_Sma	Pseudomonadota	Bacteria
3447201	Stenotrophomonas sp. 85239_Sma	Pseudomonadota	Bacteria
3447202	Stenotrophomonas sp. 86125_Sma	Pseudomonadota	Bacteria
3447203	Stenotrophomonas sp. 86156_Sma	Pseudomonadota	Bacteria
3447204	Stenotrophomonas sp. 86428_Sma	Pseudomonadota	Bacteria
3447205	Stenotrophomonas sp. 89682_Sma	Pseudomonadota	Bacteria
3447206	Stenotrophomonas sp. 93052_Sma	Pseudomonadota	Bacteria
3447207	Stenotrophomonas sp. 95824_Sma	Pseudomonadota	Bacteria
3447209	Stenotrophomonas sp. 96582_Sma	Pseudomonadota	Bacteria
3447210	Stenotrophomonas sp. 99219_Sma	Pseudomonadota	Bacteria
3447211	Stenotrophomonas sp. 105130_Sma	Pseudomonadota	Bacteria
3447212	Stenotrophomonas sp. 107298_Sma	Pseudomonadota	Bacteria
3447213	Stenotrophomonas sp. 109432_Sma	Pseudomonadota	Bacteria
3447214	Stenotrophomonas sp. 109526_Sma	Pseudomonadota	Bacteria
3447215	Stenotrophomonas sp. 109824_Sma	Pseudomonadota	Bacteria
3447216	Stenotrophomonas sp. 112478_Sma	Pseudomonadota	Bacteria
3447217	Stenotrophomonas sp. 116085_Sma	Pseudomonadota	Bacteria
3447219	Stenotrophomonas sp. 149495_Sma	Pseudomonadota	Bacteria
3447363	Ralstonia sp. 25C	Pseudomonadota	Bacteria
3447380	Solidesulfovibrio sp. DCME	Thermodesulfobacteriota	Bacteria
3447389	Shewanella sp. VK101	Pseudomonadota	Bacteria
3447427	Bradyrhizobium sp. PUT101	Pseudomonadota	Bacteria
3447450	Saccharothrix sp. HUAS TT10	Actinomycetota	Bacteria
3447451	Actinokineospora sp. HUAS TT18	Actinomycetota	Bacteria
3447453	Actinoplanes sp. HUAS TT8	Actinomycetota	Bacteria
3447454	Lentzea sp. HUAS TT2	Actinomycetota	Bacteria
3447503	Tenacibaculum sp. ZS6-P6	Bacteroidota	Bacteria
3447504	Tenacibaculum sp. C7A-26P2	Bacteroidota	Bacteria
3447505	Mycoplasma sp. 125	Mycoplasmatota	Bacteria
3447506	Mycoplasma sp. 3341	Mycoplasmatota	Bacteria
3447507	Streptomyces sp. HUAS TT7	Actinomycetota	Bacteria
3447508	Streptomyces sp. HUAS TT11	Actinomycetota	Bacteria
3447559	Micromonospora sp. RB23	Actinomycetota	Bacteria
3447855	Dehalogenimonas sp. NIT-SK1	Chloroflexota	Bacteria
3447965	Arthrobacter sp. KNU40	Actinomycetota	Bacteria
3447970	Xenorhabdus sp. SGI 60	Pseudomonadota	Bacteria
3448128	Pseudarthrobacter sp. alpha12b	Actinomycetota	Bacteria
3448171	Streptomyces sp. BBFR102	Actinomycetota	Bacteria
3448172	Streptomyces sp. BBFR109	Actinomycetota	Bacteria
3448173	Streptomyces sp. BBFR115	Actinomycetota	Bacteria
3448583	Bifidobacterium sp. ESL0827	Actinomycetota	Bacteria
3448585	Bifidobacterium sp. ESL0822	Actinomycetota	Bacteria
3448586	Bifidobacterium sp. ESL0820	Actinomycetota	Bacteria
3448587	Bifidobacterium sp. ESL0825	Actinomycetota	Bacteria
3448588	Bifidobacterium sp. ESL0200	Actinomycetota	Bacteria
3448589	Bifidobacterium sp. ESL0819	Actinomycetota	Bacteria
3448590	Bombilactobacillus sp. ESL1092	Bacillota	Bacteria
3448591	Bombilactobacillus sp. ESL1093	Bacillota	Bacteria
3448602	Weissella sp. ESL1177	Bacillota	Bacteria
3448605	Bombilactobacillus sp. ESL1202	Bacillota	Bacteria
3448653	Streptomyces sp. LE64	Actinomycetota	Bacteria
3448659	Plantactinospora sp. DSM 117369	Actinomycetota	Bacteria
3448660	Streptomyces sp. DSM 106670	Actinomycetota	Bacteria
3448661	Streptomyces sp. DSM 116495	Actinomycetota	Bacteria
3448662	Streptomyces sp. DSM 42067	Actinomycetota	Bacteria
3448663	Streptomyces sp. DSM 116793	Actinomycetota	Bacteria
3448664	Streptomyces sp. DSM 116795	Actinomycetota	Bacteria
3448670	Pseudomonas sp. MLB6B	Pseudomonadota	Bacteria
3448835	Caballeronia sp. KNU42	Pseudomonadota	Bacteria
3449273	Streptomyces sp. SCPE 10	Actinomycetota	Bacteria
3449277	Pseudomonas sp. HLG18	Pseudomonadota	Bacteria
3449278	Pararhizobium sp. O133	Pseudomonadota	Bacteria
3449740	Sorangium sp. KYC3313	Myxococcota	Bacteria
3449824	Salinibacterium sp. NYA9b	Actinomycetota	Bacteria
3449832	Kushneria sp. TE3	Pseudomonadota	Bacteria
3449833	Vreelandella sp. EE7	Pseudomonadota	Bacteria
3449834	Vreelandella sp. EE24	Pseudomonadota	Bacteria
3449835	Vreelandella sp. EE27	Pseudomonadota	Bacteria
3449836	Vreelandella sp. TE19	Pseudomonadota	Bacteria
3449837	Vreelandella sp. GE22	Pseudomonadota	Bacteria
3449838	Vreelandella sp. EE22	Pseudomonadota	Bacteria
3450127	Terrabacter sp. R4-6	Actinomycetota	Bacteria
3450128	Leeuwenhoekiella sp. H156	Bacteroidota	Bacteria
3450174	Bradyrhizobium sp. RDM12	Pseudomonadota	Bacteria
3450237	Variovorax sp. YR566	Pseudomonadota	Bacteria
3450239	Variovorax sp. GV048	Pseudomonadota	Bacteria
3450240	Variovorax sp. GV025	Pseudomonadota	Bacteria
3450241	Variovorax sp. BK018	Pseudomonadota	Bacteria
3450454	Nocardiopsis sp. M1B1	Actinomycetota	Bacteria
3450718	Thermogladius sp. 4427co	Thermoproteota	Archaea
3450739	Comamonas sp. DB36	Pseudomonadota	Bacteria
3450742	Pseudalkalibacillus sp. Hm43	Bacillota	Bacteria
3450747	Neobacillus sp. C211	Bacillota	Bacteria
3450748	Afipia sp. TerB	Pseudomonadota	Bacteria
3450749	Clostridium sp. LBM24168	Bacillota	Bacteria
3450750	Caproiciproducens sp. LBM24188	Bacillota	Bacteria
3450757	Aggregatibacter sp. HK296	Pseudomonadota	Bacteria
3450758	Aggregatibacter sp. HK961	Pseudomonadota	Bacteria
3450759	Aggregatibacter sp. HerlE20	Pseudomonadota	Bacteria
3451555	Pontibacter sp. MBLB2868	Bacteroidota	Bacteria
3451557	Pseudomonas sp. MBLB4123	Pseudomonadota	Bacteria
3451558	Pseudomonas sp. MBLB4136	Pseudomonadota	Bacteria
3452132	Rhodococcus sp. SJ-2	Actinomycetota	Bacteria
3452799	Streptomyces sp. Qhu-G9	Actinomycetota	Bacteria
3452853	Clostridioides sp. LIBA-2809	Bacillota	Bacteria
3452854	Clostridioides sp. LIBA-6622	Bacillota	Bacteria
3452855	Clostridioides sp. LIBA-6822	Bacillota	Bacteria
3452856	Clostridioides sp. LIBA-7602	Bacillota	Bacteria
3452857	Clostridioides sp. LIBA-7678	Bacillota	Bacteria
3453032	Acinetobacter sp. PC34	Pseudomonadota	Bacteria
3453033	Nitrobacter sp. JJSN	Pseudomonadota	Bacteria
3453141	Rhizobium sp. F40D2	Pseudomonadota	Bacteria
3453142	Rhizobium sp. Z1P35	Pseudomonadota	Bacteria
3453321	Streptomyces sp. MMRG1	Actinomycetota	Bacteria
3453405	Nocardioides sp. N13(2025)	Actinomycetota	Bacteria
3453406	Sedimentibacter sp. LTW-03	Bacillota	Bacteria
3453413	Shimia sp. W99	Pseudomonadota	Bacteria
3453416	Amphibacillus sp. Q70	Bacillota	Bacteria
3453660	Pseudomonas sp. JQ36	Pseudomonadota	Bacteria
3453665	Mesorhizobium sp. ORM8.1	Pseudomonadota	Bacteria
3453666	Symbiopectobacterium sp. Eva_TO	Pseudomonadota	Bacteria
3453709	Cypionkella sp. PAMC25878	Pseudomonadota	Bacteria
3454438	Stenotrophomonas maltophilia group sp. RY12688	Pseudomonadota	Bacteria
3454464	Aeoliella sp. SH292	Planctomycetota	Bacteria
3454625	Enterococcus sp. Edu-1	Bacillota	Bacteria
3454626	Bacillus sp. RE35	Bacillota	Bacteria
3454628	Rhodococcus sp. SJ-3	Actinomycetota	Bacteria
3454941	Cellulomonas sp. GTC20042	Actinomycetota	Bacteria
3455011	Stenotrophomonas sp. S11A1a	Pseudomonadota	Bacteria
3455201	Stenotrophomonas sp. STK17_22	Pseudomonadota	Bacteria
3455461	Sporosarcina sp. GTC18466	Bacillota	Bacteria
3455945	Methylobacter sp. sgz302048	Pseudomonadota	Bacteria
3456024	Stenotrophomonas maltophilia group sp. P373	Pseudomonadota	Bacteria
3456954	Stenotrophomonas sp. PUT21	Pseudomonadota	Bacteria
3457313	Microbacterium sp. RD1	Actinomycetota	Bacteria
3457314	Thalassospira sp. SM2505	Pseudomonadota	Bacteria
3457316	Bradyrhizobium sp. WCU1	Pseudomonadota	Bacteria
3457357	Pseudomonas sp. McL0111	Pseudomonadota	Bacteria
3457358	Arthrobacter sp. Hor0625	Actinomycetota	Bacteria
3457480	Geobacillus sp. YF-1	Bacillota	Bacteria
3457503	Caproicibacterium sp. NSD3	Bacillota	Bacteria
3457549	Rhodopseudomonas sp. RCAM05734	Pseudomonadota	Bacteria
3457576	Pseudonocardia sp. Cha107L01	Actinomycetota	Bacteria
3457577	Mycobacterium sp. Dal123C01	Actinomycetota	Bacteria
3457578	Mycolicibacterium sp. Dal123E01	Actinomycetota	Bacteria
3457681	Arthrobacter sp. AOP36-F1-5	Actinomycetota	Bacteria
3457706	Arthrobacter sp. AOP29-A2-19	Actinomycetota	Bacteria
3457756	Enterococcus sp. R1	Bacillota	Bacteria
3457757	Enterococcus sp. R3	Bacillota	Bacteria
3457758	Enterococcus sp. R12	Bacillota	Bacteria
3457761	Micromonospora sp. IBSANI012	Actinomycetota	Bacteria
3457764	Micromonospora sp. IBHARD004	Actinomycetota	Bacteria
3457765	Nocardia sp. IBHARD005	Actinomycetota	Bacteria
3458058	Pseudomonas sp. A014	Pseudomonadota	Bacteria
3458236	Mycoplasma sp. 332	Mycoplasmatota	Bacteria
3458239	Streptococcus sp. HJ1	Bacillota	Bacteria
3458246	Mesorhizobium sp. 10J20-29	Pseudomonadota	Bacteria
3458247	Nitratireductor sp. J20-h4	Pseudomonadota	Bacteria
3458248	Ruegeria sp. S263	Pseudomonadota	Bacteria
3458249	Cellulomonas sp. CW35	Actinomycetota	Bacteria
3458250	Sphingopyxis sp. Q841	Pseudomonadota	Bacteria
3458296	Baekduia sp. Peel2402	Actinomycetota	Bacteria
3458297	Sphingomonas sp. Tas61C01	Pseudomonadota	Bacteria
3458298	Dyella sp. Tek66A03	Pseudomonadota	Bacteria
3458546	Caulobacter sp. RL271	Pseudomonadota	Bacteria
3458628	Stenotrophomonas sp. LC732	Pseudomonadota	Bacteria
3458682	Flavobacterium sp. 25HG05S-40	Bacteroidota	Bacteria
3458683	Flavobacterium sp. HNIBRBA15423	Bacteroidota	Bacteria
3458739	Atlantibacter sp. MEI4A-1023	Pseudomonadota	Bacteria
3459034	Acinetobacter sp. WZC-1	Pseudomonadota	Bacteria
3459196	Kushneria sp. Sum13	Pseudomonadota	Bacteria
3459306	Acidovorax sp. NN32	Pseudomonadota	Bacteria
3459307	Paenibacillus sp. NN59	Bacillota	Bacteria
3459469	Stenotrophomonas maltophilia group sp. vghtpe118	Pseudomonadota	Bacteria
3459522	Sphingobium sp. VMM	Pseudomonadota	Bacteria
3459585	Rhodanobacter sp. UC4436_H3	Pseudomonadota	Bacteria
3459586	Rhodanobacter sp. UC4437_H4	Pseudomonadota	Bacteria
3459587	Rhodanobacter sp. UC4438_H5	Pseudomonadota	Bacteria
3459588	Rhodanobacter sp. UC4439_H6	Pseudomonadota	Bacteria
3459589	Castellaniella sp. UC4442_H9	Pseudomonadota	Bacteria
3459590	Rhodanobacter sp. UC4443_H10	Pseudomonadota	Bacteria
3459591	Rhodanobacter sp. UC4444_H11	Pseudomonadota	Bacteria
3459592	Castellaniella sp. UC4447_H14	Pseudomonadota	Bacteria
3459593	Rhodanobacter sp. UC4448_H15	Pseudomonadota	Bacteria
3459594	Rhodanobacter sp. UC4450_H17	Pseudomonadota	Bacteria
3459595	Rhodanobacter sp. UC4451_H18	Pseudomonadota	Bacteria
3459596	Rhodanobacter sp. UC4452_H20	Pseudomonadota	Bacteria
3459700	Flavobacterium sp. KY-23412	Bacteroidota	Bacteria
3459701	Flavobacterium sp. KY-23415	Bacteroidota	Bacteria
3459703	Halotolerantifilum yawarlongkerapense	Bacillota	Bacteria
3459744	Chryseobacterium sp. CT-SW4	Bacteroidota	Bacteria
3460097	Paenibacillus sp. JJ1683	Bacillota	Bacteria
3461144	Alishewanella sp. HL-SH06	Pseudomonadota	Bacteria
3461145	Alishewanella sp. HL-SH05	Pseudomonadota	Bacteria
3461402	Bacillus sp. WC2503	Bacillota	Bacteria
3461404	Bacillus sp. WC2507	Bacillota	Bacteria
3461405	Streptomyces sp. WC2508	Actinomycetota	Bacteria
3461407	Bacillus sp. WC2510	Bacillota	Bacteria
3462280	Nocardioides sp. S5-5	Actinomycetota	Bacteria
3462383	Thiovibrio sp. JS02	Thermodesulfobacteriota	Bacteria
3462437	Paenibacillus sp. LRG-1	Bacillota	Bacteria
3463623	Cysteiniphilum sp. GTC20157	Pseudomonadota	Bacteria
3463630	Rhizobium sp. PAMB 3174	Pseudomonadota	Bacteria
3463631	Rhizobium sp. PAMB 3182	Pseudomonadota	Bacteria
3463852	Vannielia sp. SX4	Pseudomonadota	Bacteria
3463854	Jiulongibacter sp. NS-SX5	Bacteroidota	Bacteria
3463856	Rossellomorea sp. NS-SX7	Bacillota	Bacteria
3463858	Flavobacterium sp. TN-1	Bacteroidota	Bacteria
3464184	Testudinibacter sp. P27/CKL/0425	Pseudomonadota	Bacteria
3464186	Actinokineospora sp. UV203	Actinomycetota	Bacteria
3464624	Pseudoalteromonas sp. SaAl2	Pseudomonadota	Bacteria
3464702	Arthrobacter sp. AIWTK1	Actinomycetota	Bacteria
3464703	Frigoribacterium sp. AP1	Actinomycetota	Bacteria
3464704	Daejeonella sp. AP26	Bacteroidota	Bacteria
3464705	Cryobacterium sp. AP27	Actinomycetota	Bacteria
3464706	Sphingomonas sp. AP28	Pseudomonadota	Bacteria
3464707	Arthrobacter sp. ASL1	Actinomycetota	Bacteria
3464708	Pseudomonas sp. ASL3	Pseudomonadota	Bacteria
3464709	Pseudomonas sp. ASL4	Pseudomonadota	Bacteria
3464710	Pseudomonas sp. ASL7	Pseudomonadota	Bacteria
3464711	Pseudomonas sp. ASL8	Pseudomonadota	Bacteria
3464712	Pseudomonas sp. ASL9	Pseudomonadota	Bacteria
3464714	Arthrobacter sp. BC5	Actinomycetota	Bacteria
3464715	Arthrobacter sp. BG3	Actinomycetota	Bacteria
3464716	Arthrobacter sp. BG5	Actinomycetota	Bacteria
3464717	Methylobacterium sp. BI1	Pseudomonadota	Bacteria
3464718	Specibacter sp. BI4	Actinomycetota	Bacteria
3464719	Arthrobacter sp. BI5	Actinomycetota	Bacteria
3464720	Arthrobacter sp. BK1	Actinomycetota	Bacteria
3464721	Sphingomonas sp. BL2	Pseudomonadota	Bacteria
3464722	Peribacillus sp. BM1	Bacillota	Bacteria
3464723	Sphingomonas sp. PEI4	Pseudomonadota	Bacteria
3464724	Variovorax sp. PEI5	Pseudomonadota	Bacteria
3464725	Arthrobacter sp. PTI12	Actinomycetota	Bacteria
3464726	Mycobacterium sp. PTI7	Actinomycetota	Bacteria
3464953	Xanthobacter sp. ZOL 2024	Pseudomonadota	Bacteria
3465152	Cryobacterium sp. AP23	Actinomycetota	Bacteria
3465159	Dysosmobacter sp. Phy	Bacillota	Bacteria
3465232	Acinetobacter sp. KH_038	Pseudomonadota	Bacteria
3465233	Agromyces sp. GL_144	Actinomycetota	Bacteria
3465234	Brevundimonas sp. KH_025	Pseudomonadota	Bacteria
3465235	Brevundimonas sp. KH_058	Pseudomonadota	Bacteria
3465236	Brevundimonas sp. KH_060	Pseudomonadota	Bacteria
3465237	Citrobacter sp. KH_055_1	Pseudomonadota	Bacteria
3465238	Epilithonimonas sp. KH_059	Bacteroidota	Bacteria
3465239	Exiguobacterium sp. GL_137	Bacillota	Bacteria
3465240	Flavobacterium sp. GL_143	Bacteroidota	Bacteria
3465241	Flavobacterium sp. KH_001	Bacteroidota	Bacteria
3465242	Flavobacterium sp. KH_035	Bacteroidota	Bacteria
3465243	Janthinobacterium sp. GL_088	Pseudomonadota	Bacteria
3465244	Luteibacter sp. GL_149	Pseudomonadota	Bacteria
3465245	Luteimonas sp. KH_071	Pseudomonadota	Bacteria
3465246	Macrococcus sp. GL_134	Bacillota	Bacteria
3465247	Metabacillus sp. KH_069	Bacillota	Bacteria
3465248	Paenibacillus sp. GL_099_B	Bacillota	Bacteria
3465249	Pedobacter sp. KH_004	Bacteroidota	Bacteria
3465250	Peribacillus sp. GL_122	Bacillota	Bacteria
3465251	Pseudarthrobacter sp. KH_020_B	Actinomycetota	Bacteria
3465252	Pseudomonas sp. GL_090	Pseudomonadota	Bacteria
3465253	Pseudomonas sp. GL_091	Pseudomonadota	Bacteria
3465254	Pseudomonas sp. GL_093	Pseudomonadota	Bacteria
3465255	Pseudomonas sp. GL_103	Pseudomonadota	Bacteria
3465256	Pseudomonas sp. GL_117	Pseudomonadota	Bacteria
3465257	Pseudomonas sp. GL_135	Pseudomonadota	Bacteria
3465258	Pseudomonas sp. GL_139_B	Pseudomonadota	Bacteria
3465259	Pseudomonas sp. KH_017	Pseudomonadota	Bacteria
3465260	Pseudomonas sp. KH_021	Pseudomonadota	Bacteria
3465261	Pseudomonas sp. KH_024_B2	Pseudomonadota	Bacteria
3465262	Pseudomonas sp. KH_027	Pseudomonadota	Bacteria
3465263	Pseudomonas sp. KH_040	Pseudomonadota	Bacteria
3465264	Pseudomonas sp. KH_046_1	Pseudomonadota	Bacteria
3465265	Pseudomonas sp. KH_046_2	Pseudomonadota	Bacteria
3465266	Pseudomonas sp. KH_050	Pseudomonadota	Bacteria
3465267	Serratia sp. KH_031	Pseudomonadota	Bacteria
3465268	Sphingobacterium sp. KH_072	Bacteroidota	Bacteria
3465269	Stenotrophomonas sp. GL_111	Pseudomonadota	Bacteria
3465270	Stenotrophomonas sp. KH_029	Pseudomonadota	Bacteria
3465271	Stenotrophomonas sp. KH_036_B	Pseudomonadota	Bacteria
3465272	Stenotrophomonas sp. KH_052	Pseudomonadota	Bacteria
3465273	Streptomyces sp. GL_140	Actinomycetota	Bacteria
3465274	Streptomyces sp. GL_141	Actinomycetota	Bacteria
3465275	Streptomyces sp. GL_148	Actinomycetota	Bacteria
3465276	Viridibacillus sp. KH_047	Bacillota	Bacteria
3465510	Rhizobium sp. KDH_Rht_773_N	Pseudomonadota	Bacteria
3465763	Stenotrophomonas sp. GL_101	Pseudomonadota	Bacteria
3465772	Halomonas sp. NYA30	Pseudomonadota	Bacteria
3465831	Parasphingorhabdus sp. NYA22	Pseudomonadota	Bacteria
3465832	Salinicola sp. NYA28a	Pseudomonadota	Bacteria
3465833	Halomonas sp. LS-001	Pseudomonadota	Bacteria
3465835	Microbacterium sp. ZW3a	Actinomycetota	Bacteria
3466052	Pseudomonas sp. CF10PS3	Pseudomonadota	Bacteria
3466459	Streptococcus sp. KHUD_017	Bacillota	Bacteria
3466480	Roseomonas sp. WA12	Pseudomonadota	Bacteria
3466483	Streptococcus sp. KHUD_018	Bacillota	Bacteria
3466484	Sulfitobacter sp. M13	Pseudomonadota	Bacteria
3466587	Testudinibacter sp. P17/SS/0325	Pseudomonadota	Bacteria
3466588	Testudinibacter sp. P80/BLE/0925	Pseudomonadota	Bacteria
3466696	Mycobacterium sp. NTMscope_MAC_269	Actinomycetota	Bacteria
3466743	Streptomyces sp. HJ7	Actinomycetota	Bacteria
3466773	Herbaspirillum sp. Her1	Pseudomonadota	Bacteria
3466783	Sanguibacter sp. TS_SC_8	Actinomycetota	Bacteria
3466784	Pseudomonas sp. TS_SC_3	Pseudomonadota	Bacteria
3466785	Cryobacterium sp. TS_SC_7	Actinomycetota	Bacteria
3466786	Ancylobacter sp. TW_SC_1	Pseudomonadota	Bacteria
3466787	Microbacterium sp. TW_SC_2	Actinomycetota	Bacteria
3466788	Acinetobacter sp. TW_SC_4	Pseudomonadota	Bacteria
3466789	Pseudarthrobacter sp. TRD_SC_9	Actinomycetota	Bacteria
3466790	Mycetocola sp. TRD_SC_2	Actinomycetota	Bacteria
3466791	Arthrobacter sp. TRD_SC_6	Actinomycetota	Bacteria
3466913	Cyclobacterium sp. 10D3-21	Bacteroidota	Bacteria
3466915	Aeromicrobium sp. 10G20-16	Actinomycetota	Bacteria
3466917	Pseudolysinimonas sp. 10J20-29	Actinomycetota	Bacteria
3466918	Aliiroseovarius sp. D2-2	Pseudomonadota	Bacteria
3466919	Yoonia sp. D2-7	Pseudomonadota	Bacteria
3466921	Sneathiella sp. D3-11	Pseudomonadota	Bacteria
3466922	Brevundimonas sp. D3-1P	Pseudomonadota	Bacteria
3466923	Halioglobus sp. D3-4	Pseudomonadota	Bacteria
3466924	Paraglaciecola sp. G1-13	Pseudomonadota	Bacteria
3466926	Rhodanobacter sp. G2-10	Pseudomonadota	Bacteria
3466927	Microbacterium sp. G2-16M	Actinomycetota	Bacteria
3466928	Mesorhizobium sp. G2-6-1	Pseudomonadota	Bacteria
3466929	Pseudocolwellia sp. G5-9	Pseudomonadota	Bacteria
3466931	Arcticibacterium sp. GJ41-1	Bacteroidota	Bacteria
3466932	Vibrio sp. GJ43-1	Pseudomonadota	Bacteria
3466934	Amphritea sp. GJ51-11	Pseudomonadota	Bacteria
3466936	Devosia sp. J20-27	Pseudomonadota	Bacteria
3466937	Pseudolysinimonas sp. J20-28	Actinomycetota	Bacteria
3466938	Hyphomonas sp. J20-32	Pseudomonadota	Bacteria
3466939	Hoeflea sp. J20-29	Pseudomonadota	Bacteria
3466941	Erythrobacter sp. K21-9	Pseudomonadota	Bacteria
3466942	Tahibacter sp. KJ10-20	Pseudomonadota	Bacteria
3466943	Psychromonas sp. KJ10-5	Pseudomonadota	Bacteria
3466944	Metabacillus sp. KJ11-3	Bacillota	Bacteria
3466945	Aquimarina sp. KJ22-3	Bacteroidota	Bacteria
3466948	Olleya sp. KJ81-1	Bacteroidota	Bacteria
3466949	Pararhodobacter sp. KJ81-7	Pseudomonadota	Bacteria
3466950	Olleya sp. NP1-10	Bacteroidota	Bacteria
3467181	Pseudomonas edsoni (SeqCode)	Pseudomonadota	Bacteria
3467457	Agarivorans sp. MS3-6	Pseudomonadota	Bacteria
3467460	Agromyces sp. NSFZ	Actinomycetota	Bacteria
3467515	Sporosarcina sp. ITBMC105	Bacillota	Bacteria
3467595	Peribacillus sp. JNUCC 23	Bacillota	Bacteria
3467596	Streptomyces sp. JNUCC 64	Actinomycetota	Bacteria
3468707	Marinobacter sp. E2	Pseudomonadota	Bacteria
3468708	Gilvibacter sp. CC01	Bacteroidota	Bacteria
3468709	Roseibium sp. R5	Pseudomonadota	Bacteria
3468710	Marinovum sp. E3	Pseudomonadota	Bacteria
3468792	Clostridium sp. CM036	Bacillota	Bacteria
3468793	Clostridium sp. CM037	Bacillota	Bacteria
3468794	Clostridium sp. CM038	Bacillota	Bacteria
3468795	Clostridium sp. CM039	Bacillota	Bacteria
3468796	Clostridium sp. CM040	Bacillota	Bacteria
3468797	Clostridium sp. CM041	Bacillota	Bacteria
3468798	Clostridium sp. CM042	Bacillota	Bacteria
3468841	Streptomyces sp. CLCI03	Actinomycetota	Bacteria
3468842	Pseudomonas sp. CLCA07	Pseudomonadota	Bacteria
3468929	Methylocaldum sp. MU1018	Pseudomonadota	Bacteria
3468944	Mesoterricola sp. MK458	Acidobacteriota	Bacteria
3468945	Mesoterricola sp. JemC181	Acidobacteriota	Bacteria
3468960	Methylovorus sp. SPW-M1	Pseudomonadota	Bacteria
3468961	Sphingopyxis sp. 550A	Pseudomonadota	Bacteria
3469117	Pseudomonas sp. PK-RTE-24	Pseudomonadota	Bacteria
3469223	Acinetobacter sp. T63	Pseudomonadota	Bacteria
3469231	Streptococcus sp. 517s	Bacillota	Bacteria
3469232	Corynebacterium sp. S7	Actinomycetota	Bacteria
3469233	Methylocystis sp. Se48	Pseudomonadota	Bacteria
3469245	Priestia sp. USM5	Bacillota	Bacteria
3469247	Methylomonas sp. YC3	Pseudomonadota	Bacteria
3469249	Shewanella sp. FeAMO	Pseudomonadota	Bacteria
3469485	Vreelandella sp. 162(4c)	Pseudomonadota	Bacteria
3469488	Pseudomonas sp. Arb-4-2C	Pseudomonadota	Bacteria
3469489	Streptomyces sp. YJ-C3	Actinomycetota	Bacteria
3469647	Serpentinimonas sp. SSL01	Pseudomonadota	Bacteria
3469793	Kribbella sp. CWNU-51	Actinomycetota	Bacteria
3469795	Cerasibacillus sp. JNUCC 74	Bacillota	Bacteria
3469796	Priestia sp. JNUCC 25	Bacillota	Bacteria
3469799	Vagococcus sp. JNUCC 83	Bacillota	Bacteria
3469800	Leuconostoc sp. JNUCC 76	Bacillota	Bacteria
3469801	Faecalimicrobium sp. JNUCC 81	Bacillota	Bacteria
3469802	Holzapfeliella sp. JNUCC 80	Bacillota	Bacteria
3469805	Streptomyces sp. JNUCC 63	Actinomycetota	Bacteria
3469806	Holzapfeliella sp. JNUCC 72	Bacillota	Bacteria
3469809	Microbacterium sp. F01	Actinomycetota	Bacteria
3469812	Achromobacter sp. KK8	Pseudomonadota	Bacteria
3469824	Gallibacterium sp. ZY190522	Pseudomonadota	Bacteria
3469866	Pseudocitrobacter sp. 2023LY-00077	Pseudomonadota	Bacteria
3469873	Pseudoduganella sp. HUAS MS19	Pseudomonadota	Bacteria
3469943	Aeromonas sp. TS_SC_11	Pseudomonadota	Bacteria
3469944	Flavobacterium sp. TS_SC_5	Bacteroidota	Bacteria
3469945	Paenarthrobacter sp. TRD_SC_7	Actinomycetota	Bacteria
3469946	Psychrobacter sp. TS_SC_6	Pseudomonadota	Bacteria
3469947	Streptomyces sp. TRD_SC_5	Actinomycetota	Bacteria
3469948	Trichococcus sp. TS_SC_9	Bacillota	Bacteria
3469955	Herbaspirillum sp. Her3	Pseudomonadota	Bacteria
3469969	Micromonospora sp. SCSIO 07396	Actinomycetota	Bacteria
3470071	Massilia sp. BAP21	Pseudomonadota	Bacteria
3470100	Latilactobacillus sp. Mkasi1-1	Bacillota	Bacteria
3470101	Latilactobacillus sp. Mkahm2-6	Bacillota	Bacteria
3470102	Dellaglioa sp. L3N	Bacillota	Bacteria
3470153	Billgrantia sp. NRB1	Pseudomonadota	Bacteria
3470319	Pyxidicoccus sp. M6	Myxococcota	Bacteria
3470322	Croceitalea sp. W27	Bacteroidota	Bacteria
3470326	Roseibium sp. JB4-4	Pseudomonadota	Bacteria
3470330	Roseovarius sp. JB2-10	Pseudomonadota	Bacteria
3470331	Polaribacter sp. HA6-7	Bacteroidota	Bacteria
3470332	Glaciecola sp. HA4-3	Pseudomonadota	Bacteria
3470333	Epibacterium sp. HA2-3	Pseudomonadota	Bacteria
3470334	Psychrosphaera sp. HA2-10	Pseudomonadota	Bacteria
3470335	Qipengyuania sp. BR81-2	Pseudomonadota	Bacteria
3470387	Pseudomonas trutticola BRTCR10	Pseudomonadota	Bacteria
3470401	Vagococcus sp. 211	Bacillota	Bacteria
3470455	Pseudomonas sp. NUPR-002	Pseudomonadota	Bacteria
3470541	Vibrio sp. RC2502	Pseudomonadota	Bacteria
3470544	Lacisediminihabitans sp. FW035	Actinomycetota	Bacteria
3470550	Flavobacterium sp. IC2-16	Bacteroidota	Bacteria
3470626	Pseudomonas sp. microsymbiont 2	Pseudomonadota	Bacteria
3470650	Novosphingobium sp. BL-S-34	Pseudomonadota	Bacteria
3470651	Novosphingobium sp. BL-S-33	Pseudomonadota	Bacteria
3470652	Novosphingobium sp. BL-S-32	Pseudomonadota	Bacteria
3470653	Sphingomonas sp. BL-S-31	Pseudomonadota	Bacteria
3470654	Sphingomonas sp. BL-S-30	Pseudomonadota	Bacteria
3470655	Sphingomonas sp. BL-S-29	Pseudomonadota	Bacteria
3470656	Sphingomonas sp. BL-S-28	Pseudomonadota	Bacteria
3470657	Sphingomonas sp. BL-S-27	Pseudomonadota	Bacteria
3470658	Sphingomonas sp. BL-S-25	Pseudomonadota	Bacteria
3470659	Novosphingobium sp. BL-S-24	Pseudomonadota	Bacteria
3470660	Novosphingobium sp. BL-S-23	Pseudomonadota	Bacteria
3470661	Novosphingobium sp. BL-S-22	Pseudomonadota	Bacteria
3470662	Novosphingobium sp. BL-S-21	Pseudomonadota	Bacteria
3470663	Novosphingobium sp. BL-S-20	Pseudomonadota	Bacteria
3470664	Novosphingobium sp. BL-S-19	Pseudomonadota	Bacteria
3470665	Sphingomonas sp. BL-S-05	Pseudomonadota	Bacteria
3470666	Novosphingobium sp. BL-A-41-Hi4B-X5A	Pseudomonadota	Bacteria
3470667	Novosphingobium sp. BL-A-41-Hi4A-0G	Pseudomonadota	Bacteria
3470668	Novosphingobium sp. BL-A-28-Hi1-0D	Pseudomonadota	Bacteria
3470711	Brevibacterium sp. OS20	Actinomycetota	Bacteria
3470759	Allorhizobium sp. nf9_anc	Pseudomonadota	Bacteria
3470762	Bordetella sp. MIP270_01_BMS	Pseudomonadota	Bacteria
3470764	Clostridium sp. JNZ X4-2	Bacillota	Bacteria
3470772	Haloarcula sp. MBLA0163	Methanobacteriota	Archaea
3470773	Haloarcula sp. MBLA0138	Methanobacteriota	Archaea
3470774	Methylocystis sp. S23	Pseudomonadota	Bacteria
3470823	Vibrio sp. NH-7	Pseudomonadota	Bacteria
3470870	Enterobacter sp. ESY66	Pseudomonadota	Bacteria
3470872	Citrobacter sp. ESY80	Pseudomonadota	Bacteria
3470884	Pseudomonas sp. Ors-4-3C	Pseudomonadota	Bacteria
3470885	Pseudomonas sp. Tav-5-1A	Pseudomonadota	Bacteria
3470972	Qipengyuania sp. SM2507	Pseudomonadota	Bacteria
3471428	Herbaspirillum sp. Her5	Pseudomonadota	Bacteria
3471468	Sphingomonas sp. SphC10	Pseudomonadota	Bacteria
3471480	Arthrobacter sp. JDC6	Actinomycetota	Bacteria
3471995	Kushneria sp. EE4	Pseudomonadota	Bacteria
3472360	Rhodopirellula sp. SH410	Planctomycetota	Bacteria
3473405	Agrobacterium sp. H141	Pseudomonadota	Bacteria
3473458	Coraliomargarita sp. W4R53	Verrucomicrobiota	Bacteria
3473459	Coraliomargarita sp. W4R72	Verrucomicrobiota	Bacteria
3473534	Spiroplasma endosymbiont of Dactylopius coccus	Mycoplasmatota	Bacteria
3473536	Nocardia sp. X0981	Actinomycetota	Bacteria
3473538	Spiroplasma endosymbiont of Halictus nicosiae	Mycoplasmatota	Bacteria
3473539	Wolbachia endosymbiont of Halictus nicosiae	Pseudomonadota	Bacteria
3473797	Rhodococcus sp. LMD	Actinomycetota	Bacteria
3474436	Pseudomonas sp. TUM25319	Pseudomonadota	Bacteria
3474998	Streptomyces sp. BPA100	Actinomycetota	Bacteria
3475172	Rhodococcus sp. LH-2	Actinomycetota	Bacteria
3475488	Rhodococcus sp. OS5	Actinomycetota	Bacteria
3475535	Elizabethkingia sp. GTC18459	Bacteroidota	Bacteria
3475615	Enterobacter sp. IBGEEm25P6	Pseudomonadota	Bacteria
3475678	Rummeliibacillus sp. JY-2-4R	Bacillota	Bacteria
3475973	Mycobacterium sp. HM-7	Actinomycetota	Bacteria
3475974	Mycobacterium sp. MMS18-G62	Actinomycetota	Bacteria
3475975	Clostridium sp. JNZ J1-5	Bacillota	Bacteria
3475978	Methylobacillus sp. DLP286	Pseudomonadota	Bacteria
3476043	Planctopirus sp. SH287	Planctomycetota	Bacteria
3476222	Pedobacter sp. NJ-S-72	Bacteroidota	Bacteria
3476458	Staphylococcus sp. mip270_02	Bacillota	Bacteria
3476459	Yeosuana sp. AK3	Bacteroidota	Bacteria
3476640	Nocardioides sp. WG-D5	Actinomycetota	Bacteria
3476642	Streptomyces sp. LZ34	Actinomycetota	Bacteria
3476832	Glutamicibacter sp. X7	Actinomycetota	Bacteria
3476833	Acinetobacter sp. X9	Pseudomonadota	Bacteria
3476834	Acinetobacter sp. X5	Pseudomonadota	Bacteria
3477063	Nocardioides sp. YJ-D4	Actinomycetota	Bacteria
3477065	Kitasatospora sp. cg17-2	Actinomycetota	Bacteria
3477384	Bacillus sp. Bwzl_19	Bacillota	Bacteria
3477504	Pseudomonas sp. Marseille-QA0332	Pseudomonadota	Bacteria
3477505	Pseudomonas sp. Marseille-QA0892	Pseudomonadota	Bacteria
3477508	Salinicoccus sp. Marseille-QA3877	Bacillota	Bacteria
3477509	Gracilibacillus sp. Marseille-QA3620	Bacillota	Bacteria
3477702	Alteromonas sp. ABV4_150	Pseudomonadota	Bacteria
3477712	Microbulbifer sp. ABM4_008	Pseudomonadota	Bacteria
3477713	Alteromonas sp. ABH4_454	Pseudomonadota	Bacteria
3477714	Alteromonas sp. ABH4_452	Pseudomonadota	Bacteria
3477717	Actinomycetospora sp. ABD4_176	Actinomycetota	Bacteria
3477723	Pontibacillus sp. ABV4_188	Bacillota	Bacteria
3477726	Brevundimonas sp. ABV4_179	Pseudomonadota	Bacteria
3477740	Seonamhaeicola sp. ABD4_340	Bacteroidota	Bacteria
3477741	Stappia sp. ABD4_338	Pseudomonadota	Bacteria
3477762	Microbulbifer sp. ABF4_107	Pseudomonadota	Bacteria
3478199	Paenibacillus sp. SEL1	Bacillota	Bacteria
3478200	Paenibacillus sp. SEL2	Bacillota	Bacteria
3478201	Paenibacillus sp. SEL3	Bacillota	Bacteria
3478202	Paenibacillus sp. ALE1	Bacillota	Bacteria
3478203	Paenibacillus sp. ALE2	Bacillota	Bacteria
3478204	Paenibacillus sp. ALE3	Bacillota	Bacteria
3478406	Kocuria sp. MNB10	Actinomycetota	Bacteria
3478411	Pseudomonas sp. PL-6	Pseudomonadota	Bacteria
3478764	Wenyingzhuangia sp. IMCC45467	Bacteroidota	Bacteria
3478765	Wenyingzhuangia sp. IMCC45533	Bacteroidota	Bacteria
3479081	Winogradskyella sp. PC D3.3	Bacteroidota	Bacteria
3479082	Wenyingzhuangia sp. IMCC45574	Bacteroidota	Bacteria
3479274	Tenacibaculum sp. IMCC1	Bacteroidota	Bacteria
3479355	Frigoribacterium sp. CF331	Actinomycetota	Bacteria
3479356	Glaciimonas sp. OK215	Pseudomonadota	Bacteria
3479357	Dyella sp. OK584	Pseudomonadota	Bacteria
3479358	Frondihabitans sp. OV104	Actinomycetota	Bacteria
3479359	Shinella sp. OV683	Pseudomonadota	Bacteria
3479385	Novosphingobium sp. TK71	Pseudomonadota	Bacteria
3479386	Novosphingobium sp. TK46	Pseudomonadota	Bacteria
3479387	Methylobacterium sp. TK31	Pseudomonadota	Bacteria
3479388	Methylobacterium sp. TK26	Pseudomonadota	Bacteria
3479441	Kribbella sp. WER1	Actinomycetota	Bacteria
3479768	Streptacidiphilus sp. PAMC 29251	Actinomycetota	Bacteria
3480011	Corynebacterium sp. ZY180755	Actinomycetota	Bacteria
3480012	Pilosibacter sp. NGB245	Bacillota	Bacteria
3480016	cyanobacterium endosymbiont 22EEL08 SB of Rhopalodia sp. T74185-1	Cyanobacteriota	Bacteria
3480017	cyanobacterium endosymbiont 22MatA01 SB of Rhopalodia sp. T74185-1	Cyanobacteriota	Bacteria
3484029	Bacillus sp. BACIII	Bacillota	Bacteria
3484032	Streptomyces sp. NC-S4	Actinomycetota	Bacteria
3567996	Akkermansia sp. AKK6	Verrucomicrobiota	Bacteria
3567997	Faecalibacterium sp. PGM34	Bacillota	Bacteria
3567998	Mycobacterium sp. BMJ-28	Actinomycetota	Bacteria
3568003	Bacillus sp. BMG-18	Bacillota	Bacteria
3568194	Vreelandella sp. DA03-1M	Pseudomonadota	Bacteria
3568618	Deinococcus sp. PEB2-63	Deinococcota	Bacteria
3568619	Deinococcus sp. PEB2-67	Deinococcota	Bacteria
3568620	Deinococcus sp. PESE-13	Deinococcota	Bacteria
3568623	Mycobacterium sp. Panama NTM2	Actinomycetota	Bacteria
3568881	Enterobacter sp. HNGD-822	Pseudomonadota	Bacteria
3568943	Methylobacterium sp. CM6257	Pseudomonadota	Bacteria
3569110	Clostridium sp. X	Bacillota	Bacteria
3569180	Paenibacillus sp. strain BS8-2	Bacillota	Bacteria
3569181	Tessaracoccus sp. Z1128	Actinomycetota	Bacteria
3569182	Tessaracoccus sp. Y1736	Actinomycetota	Bacteria
3569183	Tessaracoccus sp. G1721	Actinomycetota	Bacteria
3569184	Serratia sp. D1N4	Pseudomonadota	Bacteria
3569253	Klebsiella sp. KO1	Pseudomonadota	Bacteria
3569254	Nonomuraea sp. ATCC-39365	Actinomycetota	Bacteria
3569256	Deinococcus sp. FBCC-B12385	Deinococcota	Bacteria
3569258	Mycolicibacterium sp. HS_4_1	Actinomycetota	Bacteria
3569259	Cupriavidus sp. PET2-C1	Pseudomonadota	Bacteria
3569261	Nitrosopumilus sp. S4	Nitrososphaerota	Archaea
3569262	Corallococcus sp. M7	Myxococcota	Bacteria
3569264	Corynebacterium sp. CQ3829_602738	Actinomycetota	Bacteria
3569266	Stutzerimonas sp. KH-1	Pseudomonadota	Bacteria
3569269	Pantoea sp. S-LA4	Pseudomonadota	Bacteria
3569370	Tessaracoccus sp. Y36	Actinomycetota	Bacteria
3569461	Roseibium sp. M-1	Pseudomonadota	Bacteria
3569521	Brachymonas sp. KE5	Pseudomonadota	Bacteria
3569657	Stenotrophomonas genospecies 1	Pseudomonadota	Bacteria
3569746	Desulfofundulus sp. JL263-se	Bacillota	Bacteria
3569804	Acinetobacter sp. QJM3NY_42	Pseudomonadota	Bacteria
3569805	Anaerobacillus sp. 63XJN7_4_ISO-PGPR-S23-413	Bacillota	Bacteria
3569806	Anaerobacillus sp. 63XJN7_5_ISO-PGPR-S23-430	Bacillota	Bacteria
3569807	Anaerobacillus sp. QJM3NY_13	Bacillota	Bacteria
3569808	Anaerobacillus sp. QJM3NY_17	Bacillota	Bacteria
3569809	Anaerobacillus sp. QJM3NY_32	Bacillota	Bacteria
3569810	Bacillus sp. iso_77	Bacillota	Bacteria
3569812	Brevibacterium sp. Z349TD_9	Actinomycetota	Bacteria
3569813	Cytobacillus sp. QJM3NY_8	Bacillota	Bacteria
3569815	Exiguobacterium sp. QJM3NY_9	Bacillota	Bacteria
3569817	Marinomonas sp. 63XJN7_7_ISO-PGPR-S23-202	Pseudomonadota	Bacteria
3569818	Marinomonas sp. 63XJN7_9_ISO-PGPR-S23-217	Pseudomonadota	Bacteria
3569819	Marinomonas sp. iso_103	Pseudomonadota	Bacteria
3569820	Marinomonas sp. iso_65	Pseudomonadota	Bacteria
3569821	Mesobacillus sp. QJM3NY_10	Bacillota	Bacteria
3569823	Micrococcus sp. 63XJN7_8_ISO-PGPR-S23-253	Actinomycetota	Bacteria
3569825	Micrococcus sp. iso_239	Actinomycetota	Bacteria
3569826	Nocardiopsis sp. 63XJN7_2_ISO-PGPR-S23-208	Actinomycetota	Bacteria
3569827	Nocardiopsis sp. iso_186	Actinomycetota	Bacteria
3569828	Nocardiopsis sp. iso_237	Actinomycetota	Bacteria
3569829	Nocardiopsis sp. iso_238	Actinomycetota	Bacteria
3569830	Nocardiopsis sp. iso_25	Actinomycetota	Bacteria
3569831	Nocardiopsis sp. iso_40	Actinomycetota	Bacteria
3569832	Paenibacillus sp. QJM3NY_38	Bacillota	Bacteria
3569833	Paraglaciecola sp. QJM3NY_14	Pseudomonadota	Bacteria
3569834	Peribacillus sp. QJM3NY_7	Bacillota	Bacteria
3569835	Pseudoalteromonas sp. QJM3NY_12	Pseudomonadota	Bacteria
3569836	Roseibium sp. QJM3NY_11	Pseudomonadota	Bacteria
3569837	Rossellomorea sp. QJM3NY_18	Bacillota	Bacteria
3569838	Rothia sp. QJM3NY_36	Actinomycetota	Bacteria
3569839	Shewanella sp. QJM3NY_23	Pseudomonadota	Bacteria
3569840	Solibacillus sp. iso_87	Bacillota	Bacteria
3569841	Pseudoalteromonas sp. QJM3NY_22	Pseudomonadota	Bacteria
3569842	Thalassospira sp. Z349TD_5	Pseudomonadota	Bacteria
3569850	Streptomyces sp. 63XJN7_1_ISO-PGPR-S23-121	Actinomycetota	Bacteria
3569852	Streptomyces sp. iso_372	Actinomycetota	Bacteria
3569853	Micrococcus sp. iso_26	Actinomycetota	Bacteria
3569854	Streptomyces sp. iso_23	Actinomycetota	Bacteria
3569855	Streptomyces sp. iso_384	Actinomycetota	Bacteria
3569856	Streptomyces sp. iso_385	Actinomycetota	Bacteria
3569858	Pristimantibacillus sp. Z349TD_6	Bacillota	Bacteria
3570047	Pantoea sp. XAF26B01_ASV70	Pseudomonadota	Bacteria
3591423	Serratia sp. YWN4	Pseudomonadota	Bacteria
3591425	Serratia sp. K1WW1	Pseudomonadota	Bacteria
3591426	Serratia sp. 25CWL12	Pseudomonadota	Bacteria
3591692	Streptomyces sp. NBRC 12793	Actinomycetota	Bacteria
3591696	Pyxidicoccus sp. M15	Myxococcota	Bacteria
3591698	Paenibacillus sp. CB74	Bacillota	Bacteria
3591789	Stenotrophomonas sp. C-A	Pseudomonadota	Bacteria
3591909	Pantoea sp. y20	Pseudomonadota	Bacteria
3591910	Pseudomonas sp. TZ252	Pseudomonadota	Bacteria
3595649	Stutzerimonas sp. NM35	Pseudomonadota	Bacteria
3679865	Pseudomonas sp. MT3	Pseudomonadota	Bacteria
3679867	Bordetella sp. 2513F-2	Pseudomonadota	Bacteria
3679869	Streptomyces sp. BYX5S	Actinomycetota	Bacteria
3679876	Achromobacter sp. MUI-25009338	Pseudomonadota	Bacteria
3680076	Bremerella sp. T1	Planctomycetota	Bacteria
3680078	Serratia sp. ID 25-353	Pseudomonadota	Bacteria
3680192	Bradyrhizobium sp. T-1	Pseudomonadota	Bacteria
3680434	Kangiella sp. M94	Pseudomonadota	Bacteria
3680440	Sporosarcina sp. QA0331	Bacillota	Bacteria
3680480	Parabacteroides sp. KHUB-03	Bacteroidota	Bacteria
3680488	Parabacteroides sp. KHUB-01	Bacteroidota	Bacteria
3680489	Bacillus sp. MC1252	Bacillota	Bacteria
3680490	Rossellomorea sp. H136	Bacillota	Bacteria
3680929	Pseudomonas sp. AK-TSAG1-1	Pseudomonadota	Bacteria
3680930	Erwinia sp. AK-PDG3-5	Pseudomonadota	Bacteria
3680951	Phyllobacterium sp. K27	Pseudomonadota	Bacteria
3681381	Methylobacterium sp. CM6241	Pseudomonadota	Bacteria
3681382	Methylobacterium sp. CM6244	Pseudomonadota	Bacteria
3681384	Methylobacterium sp. CM6246	Pseudomonadota	Bacteria
3681396	Pseudomonas sp. HD57-3	Pseudomonadota	Bacteria
3681522	Pseudomonas sp. R4-15	Pseudomonadota	Bacteria
3681603	Kocuria sp. U4B	Actinomycetota	Bacteria
3681934	Brevundimonas sp. AC507	Pseudomonadota	Bacteria
3681935	Brevundimonas sp. AC546	Pseudomonadota	Bacteria
3681936	Brevundimonas sp. AC547	Pseudomonadota	Bacteria
3681942	Chryseobacterium sp. AC405b	Bacteroidota	Bacteria
3681943	Chryseobacterium sp. AC417	Bacteroidota	Bacteria
3681946	Curtobacterium sp. AC143	Actinomycetota	Bacteria
3681947	Curtobacterium sp. AC268	Actinomycetota	Bacteria
3681948	Curtobacterium sp. AC272	Actinomycetota	Bacteria
3681951	Duganella sp. AC917	Pseudomonadota	Bacteria
3681956	Flavobacterium sp. AC105	Bacteroidota	Bacteria
3681958	Flavobacterium sp. AC267	Bacteroidota	Bacteria
3681959	Flavobacterium sp. AC274	Bacteroidota	Bacteria
3681960	Frigoribacterium sp. AC394	Actinomycetota	Bacteria
3681961	Frigoribacterium sp. AC512	Actinomycetota	Bacteria
3681965	Knoellia sp. AC549	Actinomycetota	Bacteria
3681971	Microbacterium sp. AC026	Actinomycetota	Bacteria
3681972	Microbacterium sp. AC035	Actinomycetota	Bacteria
3681973	Microbacterium sp. AC132	Actinomycetota	Bacteria
3681974	Microbacterium sp. AC145	Actinomycetota	Bacteria
3681976	Microbacterium sp. AC215	Actinomycetota	Bacteria
3681978	Pedobacter sp. AC163	Bacteroidota	Bacteria
3681979	Pedobacter sp. AC190	Bacteroidota	Bacteria
3681980	Pedobacter sp. AC212	Bacteroidota	Bacteria
3681981	Pedobacter sp. AC379	Bacteroidota	Bacteria
3681985	Plantibacter sp. AC185	Actinomycetota	Bacteria
3681987	Pseudomonas sp. AC018	Pseudomonadota	Bacteria
3681989	Pseudomonas sp. AC070	Pseudomonadota	Bacteria
3681990	Pseudomonas sp. AC072	Pseudomonadota	Bacteria
3681992	Pseudomonas sp. AC108	Pseudomonadota	Bacteria
3681993	Pseudomonas sp. AC109	Pseudomonadota	Bacteria
3681995	Pseudomonas sp. AC136	Pseudomonadota	Bacteria
3681996	Pseudomonas sp. AC169	Pseudomonadota	Bacteria
3681997	Pseudomonas sp. AC172	Pseudomonadota	Bacteria
3681998	Pseudomonas sp. AC181	Pseudomonadota	Bacteria
3681999	Pseudomonas sp. AC193	Pseudomonadota	Bacteria
3682001	Pseudomonas sp. AC211	Pseudomonadota	Bacteria
3682002	Pseudomonas sp. AC216	Pseudomonadota	Bacteria
3682003	Pseudomonas sp. AC217	Pseudomonadota	Bacteria
3682007	Pseudomonas sp. AC239	Pseudomonadota	Bacteria
3682008	Pseudomonas sp. AC242	Pseudomonadota	Bacteria
3682009	Pseudomonas sp. AC246	Pseudomonadota	Bacteria
3682010	Pseudomonas sp. AC247	Pseudomonadota	Bacteria
3682011	Pseudomonas sp. AC250	Pseudomonadota	Bacteria
3682012	Pseudomonas sp. AC252	Pseudomonadota	Bacteria
3682013	Pseudomonas sp. AC255	Pseudomonadota	Bacteria
3682015	Pseudomonas sp. AC275	Pseudomonadota	Bacteria
3682017	Pseudomonas sp. AC348b	Pseudomonadota	Bacteria
3682018	Pseudomonas sp. AC355	Pseudomonadota	Bacteria
3682019	Pseudomonas sp. AC358	Pseudomonadota	Bacteria
3682020	Pseudomonas sp. AC369	Pseudomonadota	Bacteria
3682022	Pseudomonas sp. AC406	Pseudomonadota	Bacteria
3682031	Sphingomonas sp. AC522	Pseudomonadota	Bacteria
3682034	Stenotrophomonas sp. AC248	Pseudomonadota	Bacteria
3682042	Variovorax sp. AC189	Pseudomonadota	Bacteria
3682043	Variovorax sp. AC194	Pseudomonadota	Bacteria
3682044	Variovorax sp. AC574	Pseudomonadota	Bacteria
3682045	Variovorax sp. AC575	Pseudomonadota	Bacteria
3682046	Variovorax sp. AC597	Pseudomonadota	Bacteria
3682048	Xanthomonas sp. AC230	Pseudomonadota	Bacteria
3682049	Xanthomonas sp. AC341	Pseudomonadota	Bacteria
3682050	Xanthomonas sp. AC342	Pseudomonadota	Bacteria
3682051	Xanthomonas sp. AC348a	Pseudomonadota	Bacteria
3682052	Xanthomonas sp. AC349	Pseudomonadota	Bacteria
3682053	Xanthomonas sp. AC357	Pseudomonadota	Bacteria
3682054	Xanthomonas sp. AC360	Pseudomonadota	Bacteria
3682055	Xanthomonas sp. AC370	Pseudomonadota	Bacteria
3682130	Bartonella sp. bp_1	Pseudomonadota	Bacteria
3682572	Pseudomonas sp. LB3P93	Pseudomonadota	Bacteria
3682573	Pseudomonas sp. LB3P25	Pseudomonadota	Bacteria
3682575	Pseudomonas sp. LB3P31	Pseudomonadota	Bacteria
3682577	Pseudomonas sp. LB3P14	Pseudomonadota	Bacteria
3682578	Pseudomonas sp. LB1P83	Pseudomonadota	Bacteria
3682579	Pseudomonas sp. LS2P72	Pseudomonadota	Bacteria
3682580	Pseudomonas sp. XS1P51	Pseudomonadota	Bacteria
3682581	Pseudomonas sp. ZS1P83	Pseudomonadota	Bacteria
3682582	Pseudomonas sp. ZT5P21	Pseudomonadota	Bacteria
3682583	Pseudomonas sp. GT1P32	Pseudomonadota	Bacteria
3682584	Pseudomonas sp. RT4P38	Pseudomonadota	Bacteria
3682586	Pseudomonas sp. GB2N2	Pseudomonadota	Bacteria
3682587	Pseudomonas sp. PB3P13	Pseudomonadota	Bacteria
3682651	Eikenella sp. KCOM 3110	Pseudomonadota	Bacteria
3682726	Curtobacterium sp. RM9	Actinomycetota	Bacteria
3682730	Deinococcus sp. BCF712120	Deinococcota	Bacteria
3682859	Pseudomonas sp. m6p	Pseudomonadota	Bacteria
3683024	Streptomyces sp. DS1-CR2	Actinomycetota	Bacteria
3683026	Streptomyces sp. JN8	Actinomycetota	Bacteria
3683028	Deinococcus sp. HD11104	Deinococcota	Bacteria
3683029	Rufibacter sp. JT3400010	Bacteroidota	Bacteria
3683031	Aeromicrobium sp. JP4	Actinomycetota	Bacteria
3683123	Phyllobacterium sp. RCAM01083	Pseudomonadota	Bacteria
3683142	Exiguobacterium sp. EF_C8	Bacillota	Bacteria
3683182	Thermus sp. H19.2	Deinococcota	Bacteria
3683183	Cellulosimicrobium sp. So1_17	Actinomycetota	Bacteria
3683361	Dictyoglomus sp. GBS	Dictyoglomota	Bacteria
3683362	Dictyoglomus sp. DH	Dictyoglomota	Bacteria
3683363	Dictyoglomus sp. SSW	Dictyoglomota	Bacteria
3683364	Dictyoglomus sp. LHC4	Dictyoglomota	Bacteria
3683545	Methylococcus sp. COMITA G2	Pseudomonadota	Bacteria
3683592	Rhodococcus sp. K11/5	Actinomycetota	Bacteria
3683593	Acinetobacter sp. BZX-2	Pseudomonadota	Bacteria
3683594	Pseudomonas sp. Emmai	Pseudomonadota	Bacteria
3683845	Limnothrix sp. CMB-01	Cyanobacteriota	Bacteria
3683936	Chryseobacterium sp. NG-CE01	Bacteroidota	Bacteria
3685289	Psychrobacter sp. M17(2026)	Pseudomonadota	Bacteria
3685321	Paenibacillus sp. JL3B1040	Bacillota	Bacteria
3685730	Clostridium sp. LS3	Bacillota	Bacteria
3686038	Embleya sp. L77	Actinomycetota	Bacteria
3686267	Mesorhizobium sp. RCAM 04822	Pseudomonadota	Bacteria
3686852	Amycolatopsis sp. PSD-21	Actinomycetota	Bacteria
3687121	Arthrobacter sp. KKT183	Actinomycetota	Bacteria
3687122	Exiguobacterium sp. KKT215	Bacillota	Bacteria
3687123	Flavobacterium sp. KKT103	Bacteroidota	Bacteria
3687124	Kocuria sp. KKT182	Actinomycetota	Bacteria
3687125	Olleya sp. KKT75	Bacteroidota	Bacteria
3687126	Paracoccus sp. KKT209	Pseudomonadota	Bacteria
3687128	Sphingobium sp. KKT206	Pseudomonadota	Bacteria
3687436	Rhizobium sp. P43	Pseudomonadota	Bacteria
3687473	Mesorhizobium sp. RCAM 04855	Pseudomonadota	Bacteria
3687474	Mesorhizobium sp. RCAM 06350	Pseudomonadota	Bacteria
3687695	Stenotrophomonas sp. X	Pseudomonadota	Bacteria
3687697	Acinetobacter sp. SW-226	Pseudomonadota	Bacteria
3687901	Pseudanabaenococcus habilitatus	Cyanobacteriota	Bacteria
3688067	Klebsiella sp. F11	Pseudomonadota	Bacteria
3688068	Klebsiella sp. F14	Pseudomonadota	Bacteria
3688071	Hydrogenophaga sp. L76	Pseudomonadota	Bacteria
3688091	Streptomyces sp. HUAS MS02	Actinomycetota	Bacteria
3689022	Pseudoalteromonas sp. MMG033	Pseudomonadota	Bacteria
3691386	Bacillus sp. HB022	Bacillota	Bacteria
3691594	Pseudonocardia sp. P-1	Actinomycetota	Bacteria
3691780	Mesorhizobium sp. WSM1343	Pseudomonadota	Bacteria
3691781	Mesorhizobium sp. WSM1386	Pseudomonadota	Bacteria
3691782	Mesorhizobium sp. WSM4821	Pseudomonadota	Bacteria
3691783	Mesorhizobium sp. WSM4842	Pseudomonadota	Bacteria
3691931	Saccharothrix sp. NBAS 001	Actinomycetota	Bacteria
3691932	Ligilactobacillus sp. JN-6 (Y).1	Bacillota	Bacteria
3692202	Acinetobacter sp. FB	Pseudomonadota	Bacteria
3692333	Streptomyces sp. Y309	Actinomycetota	Bacteria
3692340	Streptomyces sp. CB1-10-1	Actinomycetota	Bacteria
3692341	Acinetobacter sp. DL27	Pseudomonadota	Bacteria
3692343	Azonexus sp. MM2026_4	Pseudomonadota	Bacteria
3692346	Cellvibrio sp. 25HG11W-0	Pseudomonadota	Bacteria
3692475	Stutzerimonas sp. CXK-1	Pseudomonadota	Bacteria
3692753	Rhodococcus sp. S3	Actinomycetota	Bacteria
3693679	Clostridium sp. CS1-1	Bacillota	Bacteria
3694151	Micromonospora sp. Utrum1	Actinomycetota	Bacteria
3694152	Micromonospora sp. USAFONa4	Actinomycetota	Bacteria
3694383	Psychrobacter sp. CX10	Pseudomonadota	Bacteria
3694917	Mediterraneibacter sp. HA8405	Bacillota	Bacteria
3694919	Paenirhodobacter sp. YD-8	Pseudomonadota	Bacteria
3694921	Arthrobacter sp. J156	Actinomycetota	Bacteria
3694924	Arthrobacter sp. LT660	Actinomycetota	Bacteria
3695394	Candidatus Aciduliprofundum sp. HYA1	Thermoplasmatota	Archaea
3695558	Bradyrhizobium sp. T-12	Pseudomonadota	Bacteria
3695794	Enterococcus sp. DJ147D b	Bacillota	Bacteria
3695795	Enterococcus sp. AAFC-DPL-5146	Bacillota	Bacteria
3695796	Enterococcus sp. AAFC-DPL-5182	Bacillota	Bacteria
3695797	Enterococcus sp. AAFC-DPL-6103	Bacillota	Bacteria
3695798	Enterococcus sp. AMC1086	Bacillota	Bacteria
3695799	Enterococcus sp. AMC1157	Bacillota	Bacteria
3695800	Enterococcus sp. AMC1251	Bacillota	Bacteria
3695801	Enterococcus sp. AMC1252	Bacillota	Bacteria
3695802	Enterococcus sp. AMC1623	Bacillota	Bacteria
3695803	Enterococcus sp. AMC2644	Bacillota	Bacteria
3695804	Paraburkholderia sp. PAMB 6768	Pseudomonadota	Bacteria
3695820	Pseudooceanicola sp. DL12	Pseudomonadota	Bacteria
3695821	Paenibacillus sp. 1-8	Bacillota	Bacteria
3695862	Variovorax sp. SPNA7	Pseudomonadota	Bacteria
3696049	Paraburkholderia sp. PAMB 6770	Pseudomonadota	Bacteria
3696167	Methylocystis sp. DLW8	Pseudomonadota	Bacteria
3696311	Stutzerimonas sp. 21-1	Pseudomonadota	Bacteria
3696315	Klebsiella sp. GFKo11	Pseudomonadota	Bacteria
3696689	Corynebacterium sp. TUM25015	Actinomycetota	Bacteria
3696771	Prolixibacter sp. DSM 2831	Bacteroidota	Bacteria
3696776	Pseudomonas sp. WT-JTC	Pseudomonadota	Bacteria
3696777	Arthrobacter sp. CJL-S3	Actinomycetota	Bacteria
3696778	Paenibacillus sp. SJS-P3	Bacillota	Bacteria
3696779	Sphingobacterium sp. MAE	Bacteroidota	Bacteria
3697025	Ruegeria sp. S84	Pseudomonadota	Bacteria
3697029	Rhodoglobus sp. G.S.4	Actinomycetota	Bacteria
3697030	Lacticaseibacillus sp. YLM2-1	Bacillota	Bacteria
3697038	Pseudomonas sp. P2S-1	Pseudomonadota	Bacteria
3697108	Acinetobacter sp. LMG 10606	Pseudomonadota	Bacteria
3697136	Methylophaga sp. F7	Pseudomonadota	Bacteria
3697137	Enterococcus sp. M-BR2	Bacillota	Bacteria
3697139	Aeromicrobium sp. Or2_10a	Actinomycetota	Bacteria
3697301	Hyunsoonleella sp. J2K-J805	Bacteroidota	Bacteria
3697562	Sporomusa sp. 246TCP1	Bacillota	Bacteria
3697616	Maribacter sp. UH1	Bacteroidota	Bacteria
3697617	Rhodopirellula sp. UH5	Planctomycetota	Bacteria
3697618	Aurantibacter sp. UH7	Bacteroidota	Bacteria
3697619	Maribacter sp. MS6	Bacteroidota	Bacteria
3697641	Rhodoglobus sp. G.S.23	Actinomycetota	Bacteria
3697655	Acinetobacter sp. 24-47-47	Pseudomonadota	Bacteria
3697657	Acinetobacter sp. 24-47-64	Pseudomonadota	Bacteria
3697746	Enterococcus sp. XAF26B05_ASV22	Bacillota	Bacteria
3697904	Pseudomonas sp. ABa2	Pseudomonadota	Bacteria
3697905	Proteiniphilum sp. LBM24028	Bacteroidota	Bacteria
3697906	Nocardia sp. KT25-26	Actinomycetota	Bacteria
3698300	Planococcus sp. BI3	Bacillota	Bacteria
3698342	Gordonia sp. 34D	Actinomycetota	Bacteria
3698344	Zoogloea sp. GDB6	Pseudomonadota	Bacteria
3698345	Zoogloea sp. JDB1	Pseudomonadota	Bacteria
3698346	Achromobacter sp. SX5	Pseudomonadota	Bacteria
3698923	Xanthomonas sp. NCPPB 4466	Pseudomonadota	Bacteria
3698924	Xanthomonas sp. NCPPB 3442	Pseudomonadota	Bacteria
3698925	Xanthomonas sp. NCPPB 3441	Pseudomonadota	Bacteria
3698942	Aquabacterium sp. TM01	Pseudomonadota	Bacteria
3699019	Mycoplasma sp. 3686h	Mycoplasmatota	Bacteria
3699021	Mycoplasma sp. 1579d	Mycoplasmatota	Bacteria
3699533	Pseudomonas sp. 20-5	Pseudomonadota	Bacteria
3700047	Paenibacillus sp. G34	Bacillota	Bacteria
3700048	Paenibacillus sp. CL36	Bacillota	Bacteria
3700062	Glutamicibacter sp. MOO4	Actinomycetota	Bacteria
3700063	Glutamicibacter sp. BS14	Actinomycetota	Bacteria
3700067	Planococcus sp. 7D2-24	Bacillota	Bacteria
3701232	Cellulomonas sp. plas2	Actinomycetota	Bacteria
3701233	Neobacillus sp. plas4	Bacillota	Bacteria
3701234	Paenibacillus sp. plas6	Bacillota	Bacteria
3701235	Enterobacter sp. N5-15	Pseudomonadota	Bacteria
3701334	Thiomonas sp. DCM-2	Pseudomonadota	Bacteria
3701335	Pseudomonas sp. FA117	Pseudomonadota	Bacteria
3701356	Pseudomonas sp. JL23	Pseudomonadota	Bacteria
3701357	Pseudomonas sp. JL27(2026)	Pseudomonadota	Bacteria
3701384	Streptococcus sp. STR1/CE/0325	Bacillota	Bacteria
3701630	Exiguobacterium sp. FD-YE-25-4	Bacillota	Bacteria
3701953	Pseudomonas sp. GW-45	Pseudomonadota	Bacteria
3702239	Pseudomonas sp. BB438	Pseudomonadota	Bacteria
3704049	Pantoea sp. E2023-21	Pseudomonadota	Bacteria
3704147	Exiguobacterium sp. EA-TM-5	Bacillota	Bacteria
3704549	Pseudodesulfovibrio sp. lm2024	Thermodesulfobacteriota	Bacteria
3705146	Hahella sp. NS-SX17	Pseudomonadota	Bacteria
3705414	Pseudooceanicola sp. NS-SX8	Pseudomonadota	Bacteria
3705415	Thioclava sp. NS-SX20	Pseudomonadota	Bacteria
3705416	Pseudooceanicola sp. NS-SX9	Pseudomonadota	Bacteria
3705417	Deinococcus sp. NS-SX14	Deinococcota	Bacteria
3705418	Pseudoalteromonas sp. NS-SX12	Pseudomonadota	Bacteria
3705431	Sulfitobacter sp. KMM 9851	Pseudomonadota	Bacteria
3705771	Rhodococcus sp. NS-SX18	Actinomycetota	Bacteria
3705777	Flavicella sp. IMCC45537	Bacteroidota	Bacteria
3705778	Flavicella sp. IMCC45668	Bacteroidota	Bacteria
3705779	Planktothrix sp. PLAVEN19ND	Cyanobacteriota	Bacteria
3705850	Microbacterium sp. PI-SA-G	Actinomycetota	Bacteria
3706078	Clostridium sp. LIBA-8553	Bacillota	Bacteria
3706727	Pseudarthrobacter sp. As-47	Actinomycetota	Bacteria
3707035	Tenacibaculum sp. C14-20M1	Bacteroidota	Bacteria
3707424	Burkholderia cepacia complex sp. TUM26381	Pseudomonadota	Bacteria
3707457	Pseudomonas sp. PVC-3-1	Pseudomonadota	Bacteria
3707458	Pseudomonas sp. PVC-5-1	Pseudomonadota	Bacteria
3707497	Aliivibrio friggae	Pseudomonadota	Bacteria
3707511	Sphingopyxis sp. 550B	Pseudomonadota	Bacteria
3707512	Novosphingobium sp. 550D	Pseudomonadota	Bacteria
3707656	Empedobacter sp. EJD.6dd	Bacteroidota	Bacteria
3707658	Arthrobacter sp. MOO21	Actinomycetota	Bacteria
3707659	Spongiibacter sp. C9W	Pseudomonadota	Bacteria
3708711	Blastopirellula sp. SH421	Planctomycetota	Bacteria
3709282	Thiopseudomonas sp. SA1F2-1K	Pseudomonadota	Bacteria
3709523	Providencia sp. LY12	Pseudomonadota	Bacteria
3709656	Cobetia sp. PS-4MA	Pseudomonadota	Bacteria
3709657	Pseudoxanthomonas sp. G3	Pseudomonadota	Bacteria
3709825	Brevibacterium sp. MGP-B1	Actinomycetota	Bacteria
3710319	Rhizobium sp. CB2179	Pseudomonadota	Bacteria
3710320	Rhizobium sp. WSM409	Pseudomonadota	Bacteria
3710321	Rhizobium sp. WSM1328	Pseudomonadota	Bacteria
3710322	Rhizobium sp. SRDI943	Pseudomonadota	Bacteria
3710323	Gallaecimonas sp. RL-SH01	Pseudomonadota	Bacteria
3710386	Klebsiella sp. Sb-30	Pseudomonadota	Bacteria
3710397	Streptomyces sp. J36	Actinomycetota	Bacteria
3710425	Brevibacterium sp. Lmc1	Actinomycetota	Bacteria
3710672	Bacillus sp. LQ16	Bacillota	Bacteria
3710673	Streptomyces sp. MGP-BFMKR1	Actinomycetota	Bacteria
3711098	Idiomarina sp. D18	Pseudomonadota	Bacteria
3711196	Georgenia sp. X1117	Actinomycetota	Bacteria
3711197	Vibrio sp. TAP-3B	Pseudomonadota	Bacteria
3711200	Streptomyces sp. WGM1	Actinomycetota	Bacteria
3711246	Pseudomonas sp. VMV1	Pseudomonadota	Bacteria
3711414	Xylophilus sp. PBN-3R	Pseudomonadota	Bacteria
3711415	Neobacillus sp. DHD-1R	Bacillota	Bacteria
3711416	Neobacillus sp. DFD-2R	Bacillota	Bacteria
3711418	Ramlibacter sp. JJN2-2R	Pseudomonadota	Bacteria
3711419	Oryzihumus sp. JJN4-3R	Actinomycetota	Bacteria
3711420	Microbacterium sp. STRO-1N	Actinomycetota	Bacteria
3711421	Microbacterium sp. STRO-2N	Actinomycetota	Bacteria
3711423	Methylobacterium sp. 142-1Y	Pseudomonadota	Bacteria
3711424	Nocardia sp. 149-1B	Actinomycetota	Bacteria
3711425	Sphingomonas sp. BRN-1R	Pseudomonadota	Bacteria
3711426	Arthrobacter sp. JB02-1C	Actinomycetota	Bacteria
3711427	Arthrobacter sp. SDR-2R	Actinomycetota	Bacteria
3711428	Arthrobacter sp. DMZ02-1R	Actinomycetota	Bacteria
3711692	Neobacillus sp. SRL179	Bacillota	Bacteria
3711693	Bacillus sp. SRL337	Bacillota	Bacteria
3711694	Paenibacillus sp. SRL342	Bacillota	Bacteria
3711695	Paenibacillus sp. SRL398	Bacillota	Bacteria
3711696	Bacillus sp. SRL543	Bacillota	Bacteria
3711736	Pseudomonas sp. B12(2026)	Pseudomonadota	Bacteria
3711737	Pseudomonas sp. D5(2026)	Pseudomonadota	Bacteria
3711740	Gordonia sp. 11cp	Actinomycetota	Bacteria
3711999	Streptococcus sp. ZY171113	Bacillota	Bacteria
3712071	Knoellia sp. B-D-2	Actinomycetota	Bacteria
3712144	Salmonella sp. SM10	Pseudomonadota	Bacteria
3712386	Microbacterium sp. C-MGS6	Actinomycetota	Bacteria
3712503	Mesorhizobium sp. RCAM 05107	Pseudomonadota	Bacteria
3712625	Marinoscillum sp. HNIBRBA16962	Bacteroidota	Bacteria
3712868	Roseofilum sp. KMC-1	Cyanobacteriota	Bacteria
3713076	Streptomyces sp. AH1901-2	Actinomycetota	Bacteria
3713078	Sporosarcina sp. So3-204	Bacillota	Bacteria
3713079	Paraglaciecola sp. IT1134	Pseudomonadota	Bacteria
3713132	Lactobacillus sp. M44	Bacillota	Bacteria
3713582	Paenibacillus sp. B46(2026)	Bacillota	Bacteria
3715112	Pseudomonas sp. 3MAES_34.3B	Pseudomonadota	Bacteria
3715324	Cytobacillus sp. C11.1	Bacillota	Bacteria
3715545	Pseudomonas sp. 4CAES_32.4	Pseudomonadota	Bacteria
3716033	Streptomyces sp. JLBT605	Actinomycetota	Bacteria
3716034	Streptomyces sp. JLBJ103	Actinomycetota	Bacteria
3716037	Janthinobacterium sp. Bl 1	Pseudomonadota	Bacteria
3720895	Paenibacillus sp. Negev47	Bacillota	Bacteria
3720896	Paenibacillus sp. fava2	Bacillota	Bacteria
3722734	Arcobacter siniprincipis (SeqCode)	Campylobacterota	Bacteria
3722736	Arcobacter denitrificans (SeqCode)	Campylobacterota	Bacteria
3722741	Marinarcus sediminis (SeqCode)	Campylobacterota	Bacteria
3723541	Lutispora sp. QWL-02	Bacillota	Bacteria
